cardinality,component_indices,components,distinct_signatures,complete
1,0,degree_sequence,4361,False
1,1,traces_A1_to_An,247357,False
1,2,characteristic_coefficients,247357,False
1,3,component_count,9,False
1,4,distance_histogram,1665,False
1,5,wiener_index,113,False
1,6,eccentricities,217,False
1,7,spanning_tree_count,55785,False
1,8,local_clustering_multiset,167427,False
1,9,neighbor_degree_profile,174279,False
1,10,edge_common_neighbor_profile,17568,False
1,11,nonedge_common_neighbor_profile,32852,False
1,12,induced4_degree_sequence_profile,204579,False
2,"0,1",degree_sequence|traces_A1_to_An,266554,False
2,"0,2",degree_sequence|characteristic_coefficients,266554,False
2,"0,3",degree_sequence|component_count,4789,False
2,"0,4",degree_sequence|distance_histogram,16903,False
2,"0,5",degree_sequence|wiener_index,14403,False
2,"0,6",degree_sequence|eccentricities,14366,False
2,"0,7",degree_sequence|spanning_tree_count,161590,False
2,"0,8",degree_sequence|local_clustering_multiset,168372,False
2,"0,9",degree_sequence|neighbor_degree_profile,174279,False
2,"0,10",degree_sequence|edge_common_neighbor_profile,87586,False
2,"0,11",degree_sequence|nonedge_common_neighbor_profile,96760,False
2,"0,12",degree_sequence|induced4_degree_sequence_profile,205527,False
2,"1,2",traces_A1_to_An|characteristic_coefficients,247357,False
2,"1,3",traces_A1_to_An|component_count,248771,False
2,"1,4",traces_A1_to_An|distance_histogram,256945,False
2,"1,5",traces_A1_to_An|wiener_index,256880,False
2,"1,6",traces_A1_to_An|eccentricities,258641,False
2,"1,7",traces_A1_to_An|spanning_tree_count,273250,False
2,"1,8",traces_A1_to_An|local_clustering_multiset,274014,False
2,"1,9",traces_A1_to_An|neighbor_degree_profile,274034,False
2,"1,10",traces_A1_to_An|edge_common_neighbor_profile,266778,False
2,"1,11",traces_A1_to_An|nonedge_common_neighbor_profile,267422,False
2,"1,12",traces_A1_to_An|induced4_degree_sequence_profile,272574,False
2,"2,3",characteristic_coefficients|component_count,248771,False
2,"2,4",characteristic_coefficients|distance_histogram,256945,False
2,"2,5",characteristic_coefficients|wiener_index,256880,False
2,"2,6",characteristic_coefficients|eccentricities,258641,False
2,"2,7",characteristic_coefficients|spanning_tree_count,273250,False
2,"2,8",characteristic_coefficients|local_clustering_multiset,274014,False
2,"2,9",characteristic_coefficients|neighbor_degree_profile,274034,False
2,"2,10",characteristic_coefficients|edge_common_neighbor_profile,266778,False
2,"2,11",characteristic_coefficients|nonedge_common_neighbor_profile,267422,False
2,"2,12",characteristic_coefficients|induced4_degree_sequence_profile,272574,False
2,"3,4",component_count|distance_histogram,1708,False
2,"3,5",component_count|wiener_index,241,False
2,"3,6",component_count|eccentricities,277,False
2,"3,7",component_count|spanning_tree_count,55792,False
2,"3,8",component_count|local_clustering_multiset,168830,False
2,"3,9",component_count|neighbor_degree_profile,174366,False
2,"3,10",component_count|edge_common_neighbor_profile,18668,False
2,"3,11",component_count|nonedge_common_neighbor_profile,34127,False
2,"3,12",component_count|induced4_degree_sequence_profile,204685,False
2,"4,5",distance_histogram|wiener_index,1665,False
2,"4,6",distance_histogram|eccentricities,2748,False
2,"4,7",distance_histogram|spanning_tree_count,126717,False
2,"4,8",distance_histogram|local_clustering_multiset,210937,False
2,"4,9",distance_histogram|neighbor_degree_profile,208726,False
2,"4,10",distance_histogram|edge_common_neighbor_profile,43530,False
2,"4,11",distance_histogram|nonedge_common_neighbor_profile,39293,False
2,"4,12",distance_histogram|induced4_degree_sequence_profile,221744,False
2,"5,6",wiener_index|eccentricities,1668,False
2,"5,7",wiener_index|spanning_tree_count,104713,False
2,"5,8",wiener_index|local_clustering_multiset,210058,False
2,"5,9",wiener_index|neighbor_degree_profile,208443,False
2,"5,10",wiener_index|edge_common_neighbor_profile,40387,False
2,"5,11",wiener_index|nonedge_common_neighbor_profile,39028,False
2,"5,12",wiener_index|induced4_degree_sequence_profile,221647,False
2,"6,7",eccentricities|spanning_tree_count,110034,False
2,"6,8",eccentricities|local_clustering_multiset,210272,False
2,"6,9",eccentricities|neighbor_degree_profile,206618,False
2,"6,10",eccentricities|edge_common_neighbor_profile,42655,False
2,"6,11",eccentricities|nonedge_common_neighbor_profile,49997,False
2,"6,12",eccentricities|induced4_degree_sequence_profile,225344,False
2,"7,8",spanning_tree_count|local_clustering_multiset,255928,False
2,"7,9",spanning_tree_count|neighbor_degree_profile,271175,False
2,"7,10",spanning_tree_count|edge_common_neighbor_profile,177359,False
2,"7,11",spanning_tree_count|nonedge_common_neighbor_profile,212018,False
2,"7,12",spanning_tree_count|induced4_degree_sequence_profile,265078,False
2,"8,9",local_clustering_multiset|neighbor_degree_profile,263808,False
2,"8,10",local_clustering_multiset|edge_common_neighbor_profile,193505,False
2,"8,11",local_clustering_multiset|nonedge_common_neighbor_profile,228064,False
2,"8,12",local_clustering_multiset|induced4_degree_sequence_profile,250520,False
2,"9,10",neighbor_degree_profile|edge_common_neighbor_profile,261088,False
2,"9,11",neighbor_degree_profile|nonedge_common_neighbor_profile,266354,False
2,"9,12",neighbor_degree_profile|induced4_degree_sequence_profile,269279,False
2,"10,11",edge_common_neighbor_profile|nonedge_common_neighbor_profile,118780,False
2,"10,12",edge_common_neighbor_profile|induced4_degree_sequence_profile,225446,False
2,"11,12",nonedge_common_neighbor_profile|induced4_degree_sequence_profile,229708,False
3,"0,1,2",degree_sequence|traces_A1_to_An|characteristic_coefficients,266554,False
3,"0,1,3",degree_sequence|traces_A1_to_An|component_count,266568,False
3,"0,1,4",degree_sequence|traces_A1_to_An|distance_histogram,268556,False
3,"0,1,5",degree_sequence|traces_A1_to_An|wiener_index,268524,False
3,"0,1,6",degree_sequence|traces_A1_to_An|eccentricities,268856,False
3,"0,1,7",degree_sequence|traces_A1_to_An|spanning_tree_count,274275,False
3,"0,1,8",degree_sequence|traces_A1_to_An|local_clustering_multiset,274014,False
3,"0,1,9",degree_sequence|traces_A1_to_An|neighbor_degree_profile,274034,False
3,"0,1,10",degree_sequence|traces_A1_to_An|edge_common_neighbor_profile,272460,False
3,"0,1,11",degree_sequence|traces_A1_to_An|nonedge_common_neighbor_profile,272509,False
3,"0,1,12",degree_sequence|traces_A1_to_An|induced4_degree_sequence_profile,272605,False
3,"0,2,3",degree_sequence|characteristic_coefficients|component_count,266568,False
3,"0,2,4",degree_sequence|characteristic_coefficients|distance_histogram,268556,False
3,"0,2,5",degree_sequence|characteristic_coefficients|wiener_index,268524,False
3,"0,2,6",degree_sequence|characteristic_coefficients|eccentricities,268856,False
3,"0,2,7",degree_sequence|characteristic_coefficients|spanning_tree_count,274275,False
3,"0,2,8",degree_sequence|characteristic_coefficients|local_clustering_multiset,274014,False
3,"0,2,9",degree_sequence|characteristic_coefficients|neighbor_degree_profile,274034,False
3,"0,2,10",degree_sequence|characteristic_coefficients|edge_common_neighbor_profile,272460,False
3,"0,2,11",degree_sequence|characteristic_coefficients|nonedge_common_neighbor_profile,272509,False
3,"0,2,12",degree_sequence|characteristic_coefficients|induced4_degree_sequence_profile,272605,False
3,"0,3,4",degree_sequence|component_count|distance_histogram,16903,False
3,"0,3,5",degree_sequence|component_count|wiener_index,14403,False
3,"0,3,6",degree_sequence|component_count|eccentricities,14367,False
3,"0,3,7",degree_sequence|component_count|spanning_tree_count,161724,False
3,"0,3,8",degree_sequence|component_count|local_clustering_multiset,168836,False
3,"0,3,9",degree_sequence|component_count|neighbor_degree_profile,174366,False
3,"0,3,10",degree_sequence|component_count|edge_common_neighbor_profile,87975,False
3,"0,3,11",degree_sequence|component_count|nonedge_common_neighbor_profile,96818,False
3,"0,3,12",degree_sequence|component_count|induced4_degree_sequence_profile,205557,False
3,"0,4,5",degree_sequence|distance_histogram|wiener_index,16903,False
3,"0,4,6",degree_sequence|distance_histogram|eccentricities,20944,False
3,"0,4,7",degree_sequence|distance_histogram|spanning_tree_count,196446,False
3,"0,4,8",degree_sequence|distance_histogram|local_clustering_multiset,210937,False
3,"0,4,9",degree_sequence|distance_histogram|neighbor_degree_profile,208726,False
3,"0,4,10",degree_sequence|distance_histogram|edge_common_neighbor_profile,122476,False
3,"0,4,11",degree_sequence|distance_histogram|nonedge_common_neighbor_profile,104259,False
3,"0,4,12",degree_sequence|distance_histogram|induced4_degree_sequence_profile,222343,False
3,"0,5,6",degree_sequence|wiener_index|eccentricities,20827,False
3,"0,5,7",degree_sequence|wiener_index|spanning_tree_count,195314,False
3,"0,5,8",degree_sequence|wiener_index|local_clustering_multiset,210091,False
3,"0,5,9",degree_sequence|wiener_index|neighbor_degree_profile,208443,False
3,"0,5,10",degree_sequence|wiener_index|edge_common_neighbor_profile,120946,False
3,"0,5,11",degree_sequence|wiener_index|nonedge_common_neighbor_profile,104106,False
3,"0,5,12",degree_sequence|wiener_index|induced4_degree_sequence_profile,222246,False
3,"0,6,7",degree_sequence|eccentricities|spanning_tree_count,199221,False
3,"0,6,8",degree_sequence|eccentricities|local_clustering_multiset,210272,False
3,"0,6,9",degree_sequence|eccentricities|neighbor_degree_profile,206618,False
3,"0,6,10",degree_sequence|eccentricities|edge_common_neighbor_profile,124379,False
3,"0,6,11",degree_sequence|eccentricities|nonedge_common_neighbor_profile,113653,False
3,"0,6,12",degree_sequence|eccentricities|induced4_degree_sequence_profile,225828,False
3,"0,7,8",degree_sequence|spanning_tree_count|local_clustering_multiset,256873,False
3,"0,7,9",degree_sequence|spanning_tree_count|neighbor_degree_profile,271175,False
3,"0,7,10",degree_sequence|spanning_tree_count|edge_common_neighbor_profile,225021,False
3,"0,7,11",degree_sequence|spanning_tree_count|nonedge_common_neighbor_profile,219897,False
3,"0,7,12",degree_sequence|spanning_tree_count|induced4_degree_sequence_profile,265084,False
3,"0,8,9",degree_sequence|local_clustering_multiset|neighbor_degree_profile,263808,False
3,"0,8,10",degree_sequence|local_clustering_multiset|edge_common_neighbor_profile,193505,False
3,"0,8,11",degree_sequence|local_clustering_multiset|nonedge_common_neighbor_profile,228064,False
3,"0,8,12",degree_sequence|local_clustering_multiset|induced4_degree_sequence_profile,250520,False
3,"0,9,10",degree_sequence|neighbor_degree_profile|edge_common_neighbor_profile,261088,False
3,"0,9,11",degree_sequence|neighbor_degree_profile|nonedge_common_neighbor_profile,266354,False
3,"0,9,12",degree_sequence|neighbor_degree_profile|induced4_degree_sequence_profile,269279,False
3,"0,10,11",degree_sequence|edge_common_neighbor_profile|nonedge_common_neighbor_profile,150183,False
3,"0,10,12",degree_sequence|edge_common_neighbor_profile|induced4_degree_sequence_profile,225901,False
3,"0,11,12",degree_sequence|nonedge_common_neighbor_profile|induced4_degree_sequence_profile,230115,False
3,"1,2,3",traces_A1_to_An|characteristic_coefficients|component_count,248771,False
3,"1,2,4",traces_A1_to_An|characteristic_coefficients|distance_histogram,256945,False
3,"1,2,5",traces_A1_to_An|characteristic_coefficients|wiener_index,256880,False
3,"1,2,6",traces_A1_to_An|characteristic_coefficients|eccentricities,258641,False
3,"1,2,7",traces_A1_to_An|characteristic_coefficients|spanning_tree_count,273250,False
3,"1,2,8",traces_A1_to_An|characteristic_coefficients|local_clustering_multiset,274014,False
3,"1,2,9",traces_A1_to_An|characteristic_coefficients|neighbor_degree_profile,274034,False
3,"1,2,10",traces_A1_to_An|characteristic_coefficients|edge_common_neighbor_profile,266778,False
3,"1,2,11",traces_A1_to_An|characteristic_coefficients|nonedge_common_neighbor_profile,267422,False
3,"1,2,12",traces_A1_to_An|characteristic_coefficients|induced4_degree_sequence_profile,272574,False
3,"1,3,4",traces_A1_to_An|component_count|distance_histogram,256945,False
3,"1,3,5",traces_A1_to_An|component_count|wiener_index,256880,False
3,"1,3,6",traces_A1_to_An|component_count|eccentricities,258643,False
3,"1,3,7",traces_A1_to_An|component_count|spanning_tree_count,273411,False
3,"1,3,8",traces_A1_to_An|component_count|local_clustering_multiset,274014,False
3,"1,3,9",traces_A1_to_An|component_count|neighbor_degree_profile,274034,False
3,"1,3,10",traces_A1_to_An|component_count|edge_common_neighbor_profile,267289,False
3,"1,3,11",traces_A1_to_An|component_count|nonedge_common_neighbor_profile,267643,False
3,"1,3,12",traces_A1_to_An|component_count|induced4_degree_sequence_profile,272580,False
3,"1,4,5",traces_A1_to_An|distance_histogram|wiener_index,256945,False
3,"1,4,6",traces_A1_to_An|distance_histogram|eccentricities,259000,False
3,"1,4,7",traces_A1_to_An|distance_histogram|spanning_tree_count,273966,False
3,"1,4,8",traces_A1_to_An|distance_histogram|local_clustering_multiset,274209,False
3,"1,4,9",traces_A1_to_An|distance_histogram|neighbor_degree_profile,274170,False
3,"1,4,10",traces_A1_to_An|distance_histogram|edge_common_neighbor_profile,268955,False
3,"1,4,11",traces_A1_to_An|distance_histogram|nonedge_common_neighbor_profile,268290,False
3,"1,4,12",traces_A1_to_An|distance_histogram|induced4_degree_sequence_profile,273119,False
3,"1,5,6",traces_A1_to_An|wiener_index|eccentricities,259000,False
3,"1,5,7",traces_A1_to_An|wiener_index|spanning_tree_count,273961,False
3,"1,5,8",traces_A1_to_An|wiener_index|local_clustering_multiset,274209,False
3,"1,5,9",traces_A1_to_An|wiener_index|neighbor_degree_profile,274170,False
3,"1,5,10",traces_A1_to_An|wiener_index|edge_common_neighbor_profile,268946,False
3,"1,5,11",traces_A1_to_An|wiener_index|nonedge_common_neighbor_profile,268286,False
3,"1,5,12",traces_A1_to_An|wiener_index|induced4_degree_sequence_profile,273119,False
3,"1,6,7",traces_A1_to_An|eccentricities|spanning_tree_count,274110,False
3,"1,6,8",traces_A1_to_An|eccentricities|local_clustering_multiset,274256,False
3,"1,6,9",traces_A1_to_An|eccentricities|neighbor_degree_profile,274211,False
3,"1,6,10",traces_A1_to_An|eccentricities|edge_common_neighbor_profile,269721,False
3,"1,6,11",traces_A1_to_An|eccentricities|nonedge_common_neighbor_profile,269139,False
3,"1,6,12",traces_A1_to_An|eccentricities|induced4_degree_sequence_profile,273212,False
3,"1,7,8",traces_A1_to_An|spanning_tree_count|local_clustering_multiset,274486,False
3,"1,7,9",traces_A1_to_An|spanning_tree_count|neighbor_degree_profile,274659,False
3,"1,7,10",traces_A1_to_An|spanning_tree_count|edge_common_neighbor_profile,273968,False
3,"1,7,11",traces_A1_to_An|spanning_tree_count|nonedge_common_neighbor_profile,274049,False
3,"1,7,12",traces_A1_to_An|spanning_tree_count|induced4_degree_sequence_profile,274407,False
3,"1,8,9",traces_A1_to_An|local_clustering_multiset|neighbor_degree_profile,274664,False
3,"1,8,10",traces_A1_to_An|local_clustering_multiset|edge_common_neighbor_profile,274106,False
3,"1,8,11",traces_A1_to_An|local_clustering_multiset|nonedge_common_neighbor_profile,274243,False
3,"1,8,12",traces_A1_to_An|local_clustering_multiset|induced4_degree_sequence_profile,274095,False
3,"1,9,10",traces_A1_to_An|neighbor_degree_profile|edge_common_neighbor_profile,274531,False
3,"1,9,11",traces_A1_to_An|neighbor_degree_profile|nonedge_common_neighbor_profile,274535,False
3,"1,9,12",traces_A1_to_An|neighbor_degree_profile|induced4_degree_sequence_profile,274575,False
3,"1,10,11",traces_A1_to_An|edge_common_neighbor_profile|nonedge_common_neighbor_profile,268294,False
3,"1,10,12",traces_A1_to_An|edge_common_neighbor_profile|induced4_degree_sequence_profile,273357,False
3,"1,11,12",traces_A1_to_An|nonedge_common_neighbor_profile|induced4_degree_sequence_profile,273416,False
3,"2,3,4",characteristic_coefficients|component_count|distance_histogram,256945,False
3,"2,3,5",characteristic_coefficients|component_count|wiener_index,256880,False
3,"2,3,6",characteristic_coefficients|component_count|eccentricities,258643,False
3,"2,3,7",characteristic_coefficients|component_count|spanning_tree_count,273411,False
3,"2,3,8",characteristic_coefficients|component_count|local_clustering_multiset,274014,False
3,"2,3,9",characteristic_coefficients|component_count|neighbor_degree_profile,274034,False
3,"2,3,10",characteristic_coefficients|component_count|edge_common_neighbor_profile,267289,False
3,"2,3,11",characteristic_coefficients|component_count|nonedge_common_neighbor_profile,267643,False
3,"2,3,12",characteristic_coefficients|component_count|induced4_degree_sequence_profile,272580,False
3,"2,4,5",characteristic_coefficients|distance_histogram|wiener_index,256945,False
3,"2,4,6",characteristic_coefficients|distance_histogram|eccentricities,259000,False
3,"2,4,7",characteristic_coefficients|distance_histogram|spanning_tree_count,273966,False
3,"2,4,8",characteristic_coefficients|distance_histogram|local_clustering_multiset,274209,False
3,"2,4,9",characteristic_coefficients|distance_histogram|neighbor_degree_profile,274170,False
3,"2,4,10",characteristic_coefficients|distance_histogram|edge_common_neighbor_profile,268955,False
3,"2,4,11",characteristic_coefficients|distance_histogram|nonedge_common_neighbor_profile,268290,False
3,"2,4,12",characteristic_coefficients|distance_histogram|induced4_degree_sequence_profile,273119,False
3,"2,5,6",characteristic_coefficients|wiener_index|eccentricities,259000,False
3,"2,5,7",characteristic_coefficients|wiener_index|spanning_tree_count,273961,False
3,"2,5,8",characteristic_coefficients|wiener_index|local_clustering_multiset,274209,False
3,"2,5,9",characteristic_coefficients|wiener_index|neighbor_degree_profile,274170,False
3,"2,5,10",characteristic_coefficients|wiener_index|edge_common_neighbor_profile,268946,False
3,"2,5,11",characteristic_coefficients|wiener_index|nonedge_common_neighbor_profile,268286,False
3,"2,5,12",characteristic_coefficients|wiener_index|induced4_degree_sequence_profile,273119,False
3,"2,6,7",characteristic_coefficients|eccentricities|spanning_tree_count,274110,False
3,"2,6,8",characteristic_coefficients|eccentricities|local_clustering_multiset,274256,False
3,"2,6,9",characteristic_coefficients|eccentricities|neighbor_degree_profile,274211,False
3,"2,6,10",characteristic_coefficients|eccentricities|edge_common_neighbor_profile,269721,False
3,"2,6,11",characteristic_coefficients|eccentricities|nonedge_common_neighbor_profile,269139,False
3,"2,6,12",characteristic_coefficients|eccentricities|induced4_degree_sequence_profile,273212,False
3,"2,7,8",characteristic_coefficients|spanning_tree_count|local_clustering_multiset,274486,False
3,"2,7,9",characteristic_coefficients|spanning_tree_count|neighbor_degree_profile,274659,False
3,"2,7,10",characteristic_coefficients|spanning_tree_count|edge_common_neighbor_profile,273968,False
3,"2,7,11",characteristic_coefficients|spanning_tree_count|nonedge_common_neighbor_profile,274049,False
3,"2,7,12",characteristic_coefficients|spanning_tree_count|induced4_degree_sequence_profile,274407,False
3,"2,8,9",characteristic_coefficients|local_clustering_multiset|neighbor_degree_profile,274664,False
3,"2,8,10",characteristic_coefficients|local_clustering_multiset|edge_common_neighbor_profile,274106,False
3,"2,8,11",characteristic_coefficients|local_clustering_multiset|nonedge_common_neighbor_profile,274243,False
3,"2,8,12",characteristic_coefficients|local_clustering_multiset|induced4_degree_sequence_profile,274095,False
3,"2,9,10",characteristic_coefficients|neighbor_degree_profile|edge_common_neighbor_profile,274531,False
3,"2,9,11",characteristic_coefficients|neighbor_degree_profile|nonedge_common_neighbor_profile,274535,False
3,"2,9,12",characteristic_coefficients|neighbor_degree_profile|induced4_degree_sequence_profile,274575,False
3,"2,10,11",characteristic_coefficients|edge_common_neighbor_profile|nonedge_common_neighbor_profile,268294,False
3,"2,10,12",characteristic_coefficients|edge_common_neighbor_profile|induced4_degree_sequence_profile,273357,False
3,"2,11,12",characteristic_coefficients|nonedge_common_neighbor_profile|induced4_degree_sequence_profile,273416,False
3,"3,4,5",component_count|distance_histogram|wiener_index,1708,False
3,"3,4,6",component_count|distance_histogram|eccentricities,2748,False
3,"3,4,7",component_count|distance_histogram|spanning_tree_count,126760,False
3,"3,4,8",component_count|distance_histogram|local_clustering_multiset,210937,False
3,"3,4,9",component_count|distance_histogram|neighbor_degree_profile,208726,False
3,"3,4,10",component_count|distance_histogram|edge_common_neighbor_profile,43566,False
3,"3,4,11",component_count|distance_histogram|nonedge_common_neighbor_profile,39347,False
3,"3,4,12",component_count|distance_histogram|induced4_degree_sequence_profile,221744,False
3,"3,5,6",component_count|wiener_index|eccentricities,1669,False
3,"3,5,7",component_count|wiener_index|spanning_tree_count,104797,False
3,"3,5,8",component_count|wiener_index|local_clustering_multiset,210091,False
3,"3,5,9",component_count|wiener_index|neighbor_degree_profile,208443,False
3,"3,5,10",component_count|wiener_index|edge_common_neighbor_profile,40481,False
3,"3,5,11",component_count|wiener_index|nonedge_common_neighbor_profile,39082,False
3,"3,5,12",component_count|wiener_index|induced4_degree_sequence_profile,221647,False
3,"3,6,7",component_count|eccentricities|spanning_tree_count,110079,False
3,"3,6,8",component_count|eccentricities|local_clustering_multiset,210272,False
3,"3,6,9",component_count|eccentricities|neighbor_degree_profile,206618,False
3,"3,6,10",component_count|eccentricities|edge_common_neighbor_profile,42676,False
3,"3,6,11",component_count|eccentricities|nonedge_common_neighbor_profile,49997,False
3,"3,6,12",component_count|eccentricities|induced4_degree_sequence_profile,225344,False
3,"3,7,8",component_count|spanning_tree_count|local_clustering_multiset,256923,False
3,"3,7,9",component_count|spanning_tree_count|neighbor_degree_profile,271198,False
3,"3,7,10",component_count|spanning_tree_count|edge_common_neighbor_profile,177516,False
3,"3,7,11",component_count|spanning_tree_count|nonedge_common_neighbor_profile,212287,False
3,"3,7,12",component_count|spanning_tree_count|induced4_degree_sequence_profile,265082,False
3,"3,8,9",component_count|local_clustering_multiset|neighbor_degree_profile,263817,False
3,"3,8,10",component_count|local_clustering_multiset|edge_common_neighbor_profile,193969,False
3,"3,8,11",component_count|local_clustering_multiset|nonedge_common_neighbor_profile,228122,False
3,"3,8,12",component_count|local_clustering_multiset|induced4_degree_sequence_profile,250548,False
3,"3,9,10",component_count|neighbor_degree_profile|edge_common_neighbor_profile,261098,False
3,"3,9,11",component_count|neighbor_degree_profile|nonedge_common_neighbor_profile,266355,False
3,"3,9,12",component_count|neighbor_degree_profile|induced4_degree_sequence_profile,269280,False
3,"3,10,11",component_count|edge_common_neighbor_profile|nonedge_common_neighbor_profile,119245,False
3,"3,10,12",component_count|edge_common_neighbor_profile|induced4_degree_sequence_profile,225522,False
3,"3,11,12",component_count|nonedge_common_neighbor_profile|induced4_degree_sequence_profile,229756,False
3,"4,5,6",distance_histogram|wiener_index|eccentricities,2748,False
3,"4,5,7",distance_histogram|wiener_index|spanning_tree_count,126717,False
3,"4,5,8",distance_histogram|wiener_index|local_clustering_multiset,210937,False
3,"4,5,9",distance_histogram|wiener_index|neighbor_degree_profile,208726,False
3,"4,5,10",distance_histogram|wiener_index|edge_common_neighbor_profile,43530,False
3,"4,5,11",distance_histogram|wiener_index|nonedge_common_neighbor_profile,39293,False
3,"4,5,12",distance_histogram|wiener_index|induced4_degree_sequence_profile,221744,False
3,"4,6,7",distance_histogram|eccentricities|spanning_tree_count,142164,False
3,"4,6,8",distance_histogram|eccentricities|local_clustering_multiset,216893,False
3,"4,6,9",distance_histogram|eccentricities|neighbor_degree_profile,211654,False
3,"4,6,10",distance_histogram|eccentricities|edge_common_neighbor_profile,52075,False
3,"4,6,11",distance_histogram|eccentricities|nonedge_common_neighbor_profile,50344,False
3,"4,6,12",distance_histogram|eccentricities|induced4_degree_sequence_profile,226960,False
3,"4,7,8",distance_histogram|spanning_tree_count|local_clustering_multiset,264152,False
3,"4,7,9",distance_histogram|spanning_tree_count|neighbor_degree_profile,272735,False
3,"4,7,10",distance_histogram|spanning_tree_count|edge_common_neighbor_profile,228227,False
3,"4,7,11",distance_histogram|spanning_tree_count|nonedge_common_neighbor_profile,221240,False
3,"4,7,12",distance_histogram|spanning_tree_count|induced4_degree_sequence_profile,267959,False
3,"4,8,9",distance_histogram|local_clustering_multiset|neighbor_degree_profile,269214,False
3,"4,8,10",distance_histogram|local_clustering_multiset|edge_common_neighbor_profile,227075,False
3,"4,8,11",distance_histogram|local_clustering_multiset|nonedge_common_neighbor_profile,234187,False
3,"4,8,12",distance_histogram|local_clustering_multiset|induced4_degree_sequence_profile,256565,False
3,"4,9,10",distance_histogram|neighbor_degree_profile|edge_common_neighbor_profile,267905,False
3,"4,9,11",distance_histogram|neighbor_degree_profile|nonedge_common_neighbor_profile,266686,False
3,"4,9,12",distance_histogram|neighbor_degree_profile|induced4_degree_sequence_profile,270637,False
3,"4,10,11",distance_histogram|edge_common_neighbor_profile|nonedge_common_neighbor_profile,126997,False
3,"4,10,12",distance_histogram|edge_common_neighbor_profile|induced4_degree_sequence_profile,237386,False
3,"4,11,12",distance_histogram|nonedge_common_neighbor_profile|induced4_degree_sequence_profile,232795,False
3,"5,6,7",wiener_index|eccentricities|spanning_tree_count,135753,False
3,"5,6,8",wiener_index|eccentricities|local_clustering_multiset,216883,False
3,"5,6,9",wiener_index|eccentricities|neighbor_degree_profile,211654,False
3,"5,6,10",wiener_index|eccentricities|edge_common_neighbor_profile,51928,False
3,"5,6,11",wiener_index|eccentricities|nonedge_common_neighbor_profile,50344,False
3,"5,6,12",wiener_index|eccentricities|induced4_degree_sequence_profile,226960,False
3,"5,7,8",wiener_index|spanning_tree_count|local_clustering_multiset,264008,False
3,"5,7,9",wiener_index|spanning_tree_count|neighbor_degree_profile,272729,False
3,"5,7,10",wiener_index|spanning_tree_count|edge_common_neighbor_profile,223941,False
3,"5,7,11",wiener_index|spanning_tree_count|nonedge_common_neighbor_profile,221040,False
3,"5,7,12",wiener_index|spanning_tree_count|induced4_degree_sequence_profile,267948,False
3,"5,8,9",wiener_index|local_clustering_multiset|neighbor_degree_profile,269197,False
3,"5,8,10",wiener_index|local_clustering_multiset|edge_common_neighbor_profile,226384,False
3,"5,8,11",wiener_index|local_clustering_multiset|nonedge_common_neighbor_profile,234115,False
3,"5,8,12",wiener_index|local_clustering_multiset|induced4_degree_sequence_profile,256529,False
3,"5,9,10",wiener_index|neighbor_degree_profile|edge_common_neighbor_profile,267874,False
3,"5,9,11",wiener_index|neighbor_degree_profile|nonedge_common_neighbor_profile,266686,False
3,"5,9,12",wiener_index|neighbor_degree_profile|induced4_degree_sequence_profile,270635,False
3,"5,10,11",wiener_index|edge_common_neighbor_profile|nonedge_common_neighbor_profile,126748,False
3,"5,10,12",wiener_index|edge_common_neighbor_profile|induced4_degree_sequence_profile,237307,False
3,"5,11,12",wiener_index|nonedge_common_neighbor_profile|induced4_degree_sequence_profile,232787,False
3,"6,7,8",eccentricities|spanning_tree_count|local_clustering_multiset,265296,False
3,"6,7,9",eccentricities|spanning_tree_count|neighbor_degree_profile,272686,False
3,"6,7,10",eccentricities|spanning_tree_count|edge_common_neighbor_profile,223730,False
3,"6,7,11",eccentricities|spanning_tree_count|nonedge_common_neighbor_profile,228106,False
3,"6,7,12",eccentricities|spanning_tree_count|induced4_degree_sequence_profile,268605,False
3,"6,8,9",eccentricities|local_clustering_multiset|neighbor_degree_profile,269009,False
3,"6,8,10",eccentricities|local_clustering_multiset|edge_common_neighbor_profile,227366,False
3,"6,8,11",eccentricities|local_clustering_multiset|nonedge_common_neighbor_profile,239145,False
3,"6,8,12",eccentricities|local_clustering_multiset|induced4_degree_sequence_profile,258554,False
3,"6,9,10",eccentricities|neighbor_degree_profile|edge_common_neighbor_profile,267794,False
3,"6,9,11",eccentricities|neighbor_degree_profile|nonedge_common_neighbor_profile,267333,False
3,"6,9,12",eccentricities|neighbor_degree_profile|induced4_degree_sequence_profile,270920,False
3,"6,10,11",eccentricities|edge_common_neighbor_profile|nonedge_common_neighbor_profile,139267,False
3,"6,10,12",eccentricities|edge_common_neighbor_profile|induced4_degree_sequence_profile,240954,False
3,"6,11,12",eccentricities|nonedge_common_neighbor_profile|induced4_degree_sequence_profile,237656,False
3,"7,8,9",spanning_tree_count|local_clustering_multiset|neighbor_degree_profile,274285,False
3,"7,8,10",spanning_tree_count|local_clustering_multiset|edge_common_neighbor_profile,257673,False
3,"7,8,11",spanning_tree_count|local_clustering_multiset|nonedge_common_neighbor_profile,259290,False
3,"7,8,12",spanning_tree_count|local_clustering_multiset|induced4_degree_sequence_profile,269663,False
3,"7,9,10",spanning_tree_count|neighbor_degree_profile|edge_common_neighbor_profile,273895,False
3,"7,9,11",spanning_tree_count|neighbor_degree_profile|nonedge_common_neighbor_profile,273993,False
3,"7,9,12",spanning_tree_count|neighbor_degree_profile|induced4_degree_sequence_profile,274340,False
3,"7,10,11",spanning_tree_count|edge_common_neighbor_profile|nonedge_common_neighbor_profile,225974,False
3,"7,10,12",spanning_tree_count|edge_common_neighbor_profile|induced4_degree_sequence_profile,267405,False
3,"7,11,12",spanning_tree_count|nonedge_common_neighbor_profile|induced4_degree_sequence_profile,267847,False
3,"8,9,10",local_clustering_multiset|neighbor_degree_profile|edge_common_neighbor_profile,270122,False
3,"8,9,11",local_clustering_multiset|neighbor_degree_profile|nonedge_common_neighbor_profile,271480,False
3,"8,9,12",local_clustering_multiset|neighbor_degree_profile|induced4_degree_sequence_profile,271959,False
3,"8,10,11",local_clustering_multiset|edge_common_neighbor_profile|nonedge_common_neighbor_profile,233139,False
3,"8,10,12",local_clustering_multiset|edge_common_neighbor_profile|induced4_degree_sequence_profile,253592,False
3,"8,11,12",local_clustering_multiset|nonedge_common_neighbor_profile|induced4_degree_sequence_profile,255430,False
3,"9,10,11",neighbor_degree_profile|edge_common_neighbor_profile|nonedge_common_neighbor_profile,270708,False
3,"9,10,12",neighbor_degree_profile|edge_common_neighbor_profile|induced4_degree_sequence_profile,270769,False
3,"9,11,12",neighbor_degree_profile|nonedge_common_neighbor_profile|induced4_degree_sequence_profile,270911,False
3,"10,11,12",edge_common_neighbor_profile|nonedge_common_neighbor_profile|induced4_degree_sequence_profile,239809,False
4,"0,1,2,3",degree_sequence|traces_A1_to_An|characteristic_coefficients|component_count,266568,False
4,"0,1,2,4",degree_sequence|traces_A1_to_An|characteristic_coefficients|distance_histogram,268556,False
4,"0,1,2,5",degree_sequence|traces_A1_to_An|characteristic_coefficients|wiener_index,268524,False
4,"0,1,2,6",degree_sequence|traces_A1_to_An|characteristic_coefficients|eccentricities,268856,False
4,"0,1,2,7",degree_sequence|traces_A1_to_An|characteristic_coefficients|spanning_tree_count,274275,False
4,"0,1,2,8",degree_sequence|traces_A1_to_An|characteristic_coefficients|local_clustering_multiset,274014,False
4,"0,1,2,9",degree_sequence|traces_A1_to_An|characteristic_coefficients|neighbor_degree_profile,274034,False
4,"0,1,2,10",degree_sequence|traces_A1_to_An|characteristic_coefficients|edge_common_neighbor_profile,272460,False
4,"0,1,2,11",degree_sequence|traces_A1_to_An|characteristic_coefficients|nonedge_common_neighbor_profile,272509,False
4,"0,1,2,12",degree_sequence|traces_A1_to_An|characteristic_coefficients|induced4_degree_sequence_profile,272605,False
4,"0,1,3,4",degree_sequence|traces_A1_to_An|component_count|distance_histogram,268556,False
4,"0,1,3,5",degree_sequence|traces_A1_to_An|component_count|wiener_index,268524,False
4,"0,1,3,6",degree_sequence|traces_A1_to_An|component_count|eccentricities,268856,False
4,"0,1,3,7",degree_sequence|traces_A1_to_An|component_count|spanning_tree_count,274277,False
4,"0,1,3,8",degree_sequence|traces_A1_to_An|component_count|local_clustering_multiset,274014,False
4,"0,1,3,9",degree_sequence|traces_A1_to_An|component_count|neighbor_degree_profile,274034,False
4,"0,1,3,10",degree_sequence|traces_A1_to_An|component_count|edge_common_neighbor_profile,272460,False
4,"0,1,3,11",degree_sequence|traces_A1_to_An|component_count|nonedge_common_neighbor_profile,272509,False
4,"0,1,3,12",degree_sequence|traces_A1_to_An|component_count|induced4_degree_sequence_profile,272605,False
4,"0,1,4,5",degree_sequence|traces_A1_to_An|distance_histogram|wiener_index,268556,False
4,"0,1,4,6",degree_sequence|traces_A1_to_An|distance_histogram|eccentricities,268982,False
4,"0,1,4,7",degree_sequence|traces_A1_to_An|distance_histogram|spanning_tree_count,274370,False
4,"0,1,4,8",degree_sequence|traces_A1_to_An|distance_histogram|local_clustering_multiset,274209,False
4,"0,1,4,9",degree_sequence|traces_A1_to_An|distance_histogram|neighbor_degree_profile,274170,False
4,"0,1,4,10",degree_sequence|traces_A1_to_An|distance_histogram|edge_common_neighbor_profile,272876,False
4,"0,1,4,11",degree_sequence|traces_A1_to_An|distance_histogram|nonedge_common_neighbor_profile,272628,False
4,"0,1,4,12",degree_sequence|traces_A1_to_An|distance_histogram|induced4_degree_sequence_profile,273135,False
4,"0,1,5,6",degree_sequence|traces_A1_to_An|wiener_index|eccentricities,268982,False
4,"0,1,5,7",degree_sequence|traces_A1_to_An|wiener_index|spanning_tree_count,274367,False
4,"0,1,5,8",degree_sequence|traces_A1_to_An|wiener_index|local_clustering_multiset,274209,False
4,"0,1,5,9",degree_sequence|traces_A1_to_An|wiener_index|neighbor_degree_profile,274170,False
4,"0,1,5,10",degree_sequence|traces_A1_to_An|wiener_index|edge_common_neighbor_profile,272872,False
4,"0,1,5,11",degree_sequence|traces_A1_to_An|wiener_index|nonedge_common_neighbor_profile,272627,False
4,"0,1,5,12",degree_sequence|traces_A1_to_An|wiener_index|induced4_degree_sequence_profile,273135,False
4,"0,1,6,7",degree_sequence|traces_A1_to_An|eccentricities|spanning_tree_count,274415,False
4,"0,1,6,8",degree_sequence|traces_A1_to_An|eccentricities|local_clustering_multiset,274256,False
4,"0,1,6,9",degree_sequence|traces_A1_to_An|eccentricities|neighbor_degree_profile,274211,False
4,"0,1,6,10",degree_sequence|traces_A1_to_An|eccentricities|edge_common_neighbor_profile,273068,False
4,"0,1,6,11",degree_sequence|traces_A1_to_An|eccentricities|nonedge_common_neighbor_profile,272837,False
4,"0,1,6,12",degree_sequence|traces_A1_to_An|eccentricities|induced4_degree_sequence_profile,273224,False
4,"0,1,7,8",degree_sequence|traces_A1_to_An|spanning_tree_count|local_clustering_multiset,274486,False
4,"0,1,7,9",degree_sequence|traces_A1_to_An|spanning_tree_count|neighbor_degree_profile,274659,False
4,"0,1,7,10",degree_sequence|traces_A1_to_An|spanning_tree_count|edge_common_neighbor_profile,274412,False
4,"0,1,7,11",degree_sequence|traces_A1_to_An|spanning_tree_count|nonedge_common_neighbor_profile,274394,False
4,"0,1,7,12",degree_sequence|traces_A1_to_An|spanning_tree_count|induced4_degree_sequence_profile,274407,False
4,"0,1,8,9",degree_sequence|traces_A1_to_An|local_clustering_multiset|neighbor_degree_profile,274664,False
4,"0,1,8,10",degree_sequence|traces_A1_to_An|local_clustering_multiset|edge_common_neighbor_profile,274106,False
4,"0,1,8,11",degree_sequence|traces_A1_to_An|local_clustering_multiset|nonedge_common_neighbor_profile,274243,False
4,"0,1,8,12",degree_sequence|traces_A1_to_An|local_clustering_multiset|induced4_degree_sequence_profile,274095,False
4,"0,1,9,10",degree_sequence|traces_A1_to_An|neighbor_degree_profile|edge_common_neighbor_profile,274531,False
4,"0,1,9,11",degree_sequence|traces_A1_to_An|neighbor_degree_profile|nonedge_common_neighbor_profile,274535,False
4,"0,1,9,12",degree_sequence|traces_A1_to_An|neighbor_degree_profile|induced4_degree_sequence_profile,274575,False
4,"0,1,10,11",degree_sequence|traces_A1_to_An|edge_common_neighbor_profile|nonedge_common_neighbor_profile,272834,False
4,"0,1,10,12",degree_sequence|traces_A1_to_An|edge_common_neighbor_profile|induced4_degree_sequence_profile,273377,False
4,"0,1,11,12",degree_sequence|traces_A1_to_An|nonedge_common_neighbor_profile|induced4_degree_sequence_profile,273421,False
4,"0,2,3,4",degree_sequence|characteristic_coefficients|component_count|distance_histogram,268556,False
4,"0,2,3,5",degree_sequence|characteristic_coefficients|component_count|wiener_index,268524,False
4,"0,2,3,6",degree_sequence|characteristic_coefficients|component_count|eccentricities,268856,False
4,"0,2,3,7",degree_sequence|characteristic_coefficients|component_count|spanning_tree_count,274277,False
4,"0,2,3,8",degree_sequence|characteristic_coefficients|component_count|local_clustering_multiset,274014,False
4,"0,2,3,9",degree_sequence|characteristic_coefficients|component_count|neighbor_degree_profile,274034,False
4,"0,2,3,10",degree_sequence|characteristic_coefficients|component_count|edge_common_neighbor_profile,272460,False
4,"0,2,3,11",degree_sequence|characteristic_coefficients|component_count|nonedge_common_neighbor_profile,272509,False
4,"0,2,3,12",degree_sequence|characteristic_coefficients|component_count|induced4_degree_sequence_profile,272605,False
4,"0,2,4,5",degree_sequence|characteristic_coefficients|distance_histogram|wiener_index,268556,False
4,"0,2,4,6",degree_sequence|characteristic_coefficients|distance_histogram|eccentricities,268982,False
4,"0,2,4,7",degree_sequence|characteristic_coefficients|distance_histogram|spanning_tree_count,274370,False
4,"0,2,4,8",degree_sequence|characteristic_coefficients|distance_histogram|local_clustering_multiset,274209,False
4,"0,2,4,9",degree_sequence|characteristic_coefficients|distance_histogram|neighbor_degree_profile,274170,False
4,"0,2,4,10",degree_sequence|characteristic_coefficients|distance_histogram|edge_common_neighbor_profile,272876,False
4,"0,2,4,11",degree_sequence|characteristic_coefficients|distance_histogram|nonedge_common_neighbor_profile,272628,False
4,"0,2,4,12",degree_sequence|characteristic_coefficients|distance_histogram|induced4_degree_sequence_profile,273135,False
4,"0,2,5,6",degree_sequence|characteristic_coefficients|wiener_index|eccentricities,268982,False
4,"0,2,5,7",degree_sequence|characteristic_coefficients|wiener_index|spanning_tree_count,274367,False
4,"0,2,5,8",degree_sequence|characteristic_coefficients|wiener_index|local_clustering_multiset,274209,False
4,"0,2,5,9",degree_sequence|characteristic_coefficients|wiener_index|neighbor_degree_profile,274170,False
4,"0,2,5,10",degree_sequence|characteristic_coefficients|wiener_index|edge_common_neighbor_profile,272872,False
4,"0,2,5,11",degree_sequence|characteristic_coefficients|wiener_index|nonedge_common_neighbor_profile,272627,False
4,"0,2,5,12",degree_sequence|characteristic_coefficients|wiener_index|induced4_degree_sequence_profile,273135,False
4,"0,2,6,7",degree_sequence|characteristic_coefficients|eccentricities|spanning_tree_count,274415,False
4,"0,2,6,8",degree_sequence|characteristic_coefficients|eccentricities|local_clustering_multiset,274256,False
4,"0,2,6,9",degree_sequence|characteristic_coefficients|eccentricities|neighbor_degree_profile,274211,False
4,"0,2,6,10",degree_sequence|characteristic_coefficients|eccentricities|edge_common_neighbor_profile,273068,False
4,"0,2,6,11",degree_sequence|characteristic_coefficients|eccentricities|nonedge_common_neighbor_profile,272837,False
4,"0,2,6,12",degree_sequence|characteristic_coefficients|eccentricities|induced4_degree_sequence_profile,273224,False
4,"0,2,7,8",degree_sequence|characteristic_coefficients|spanning_tree_count|local_clustering_multiset,274486,False
4,"0,2,7,9",degree_sequence|characteristic_coefficients|spanning_tree_count|neighbor_degree_profile,274659,False
4,"0,2,7,10",degree_sequence|characteristic_coefficients|spanning_tree_count|edge_common_neighbor_profile,274412,False
4,"0,2,7,11",degree_sequence|characteristic_coefficients|spanning_tree_count|nonedge_common_neighbor_profile,274394,False
4,"0,2,7,12",degree_sequence|characteristic_coefficients|spanning_tree_count|induced4_degree_sequence_profile,274407,False
4,"0,2,8,9",degree_sequence|characteristic_coefficients|local_clustering_multiset|neighbor_degree_profile,274664,False
4,"0,2,8,10",degree_sequence|characteristic_coefficients|local_clustering_multiset|edge_common_neighbor_profile,274106,False
4,"0,2,8,11",degree_sequence|characteristic_coefficients|local_clustering_multiset|nonedge_common_neighbor_profile,274243,False
4,"0,2,8,12",degree_sequence|characteristic_coefficients|local_clustering_multiset|induced4_degree_sequence_profile,274095,False
4,"0,2,9,10",degree_sequence|characteristic_coefficients|neighbor_degree_profile|edge_common_neighbor_profile,274531,False
4,"0,2,9,11",degree_sequence|characteristic_coefficients|neighbor_degree_profile|nonedge_common_neighbor_profile,274535,False
4,"0,2,9,12",degree_sequence|characteristic_coefficients|neighbor_degree_profile|induced4_degree_sequence_profile,274575,False
4,"0,2,10,11",degree_sequence|characteristic_coefficients|edge_common_neighbor_profile|nonedge_common_neighbor_profile,272834,False
4,"0,2,10,12",degree_sequence|characteristic_coefficients|edge_common_neighbor_profile|induced4_degree_sequence_profile,273377,False
4,"0,2,11,12",degree_sequence|characteristic_coefficients|nonedge_common_neighbor_profile|induced4_degree_sequence_profile,273421,False
4,"0,3,4,5",degree_sequence|component_count|distance_histogram|wiener_index,16903,False
4,"0,3,4,6",degree_sequence|component_count|distance_histogram|eccentricities,20944,False
4,"0,3,4,7",degree_sequence|component_count|distance_histogram|spanning_tree_count,196446,False
4,"0,3,4,8",degree_sequence|component_count|distance_histogram|local_clustering_multiset,210937,False
4,"0,3,4,9",degree_sequence|component_count|distance_histogram|neighbor_degree_profile,208726,False
4,"0,3,4,10",degree_sequence|component_count|distance_histogram|edge_common_neighbor_profile,122476,False
4,"0,3,4,11",degree_sequence|component_count|distance_histogram|nonedge_common_neighbor_profile,104259,False
4,"0,3,4,12",degree_sequence|component_count|distance_histogram|induced4_degree_sequence_profile,222343,False
4,"0,3,5,6",degree_sequence|component_count|wiener_index|eccentricities,20827,False
4,"0,3,5,7",degree_sequence|component_count|wiener_index|spanning_tree_count,195314,False
4,"0,3,5,8",degree_sequence|component_count|wiener_index|local_clustering_multiset,210091,False
4,"0,3,5,9",degree_sequence|component_count|wiener_index|neighbor_degree_profile,208443,False
4,"0,3,5,10",degree_sequence|component_count|wiener_index|edge_common_neighbor_profile,120946,False
4,"0,3,5,11",degree_sequence|component_count|wiener_index|nonedge_common_neighbor_profile,104106,False
4,"0,3,5,12",degree_sequence|component_count|wiener_index|induced4_degree_sequence_profile,222246,False
4,"0,3,6,7",degree_sequence|component_count|eccentricities|spanning_tree_count,199222,False
4,"0,3,6,8",degree_sequence|component_count|eccentricities|local_clustering_multiset,210272,False
4,"0,3,6,9",degree_sequence|component_count|eccentricities|neighbor_degree_profile,206618,False
4,"0,3,6,10",degree_sequence|component_count|eccentricities|edge_common_neighbor_profile,124379,False
4,"0,3,6,11",degree_sequence|component_count|eccentricities|nonedge_common_neighbor_profile,113653,False
4,"0,3,6,12",degree_sequence|component_count|eccentricities|induced4_degree_sequence_profile,225828,False
4,"0,3,7,8",degree_sequence|component_count|spanning_tree_count|local_clustering_multiset,256929,False
4,"0,3,7,9",degree_sequence|component_count|spanning_tree_count|neighbor_degree_profile,271198,False
4,"0,3,7,10",degree_sequence|component_count|spanning_tree_count|edge_common_neighbor_profile,225076,False
4,"0,3,7,11",degree_sequence|component_count|spanning_tree_count|nonedge_common_neighbor_profile,219904,False
4,"0,3,7,12",degree_sequence|component_count|spanning_tree_count|induced4_degree_sequence_profile,265087,False
4,"0,3,8,9",degree_sequence|component_count|local_clustering_multiset|neighbor_degree_profile,263817,False
4,"0,3,8,10",degree_sequence|component_count|local_clustering_multiset|edge_common_neighbor_profile,193969,False
4,"0,3,8,11",degree_sequence|component_count|local_clustering_multiset|nonedge_common_neighbor_profile,228122,False
4,"0,3,8,12",degree_sequence|component_count|local_clustering_multiset|induced4_degree_sequence_profile,250548,False
4,"0,3,9,10",degree_sequence|component_count|neighbor_degree_profile|edge_common_neighbor_profile,261098,False
4,"0,3,9,11",degree_sequence|component_count|neighbor_degree_profile|nonedge_common_neighbor_profile,266355,False
4,"0,3,9,12",degree_sequence|component_count|neighbor_degree_profile|induced4_degree_sequence_profile,269280,False
4,"0,3,10,11",degree_sequence|component_count|edge_common_neighbor_profile|nonedge_common_neighbor_profile,150238,False
4,"0,3,10,12",degree_sequence|component_count|edge_common_neighbor_profile|induced4_degree_sequence_profile,225930,False
4,"0,3,11,12",degree_sequence|component_count|nonedge_common_neighbor_profile|induced4_degree_sequence_profile,230142,False
4,"0,4,5,6",degree_sequence|distance_histogram|wiener_index|eccentricities,20944,False
4,"0,4,5,7",degree_sequence|distance_histogram|wiener_index|spanning_tree_count,196446,False
4,"0,4,5,8",degree_sequence|distance_histogram|wiener_index|local_clustering_multiset,210937,False
4,"0,4,5,9",degree_sequence|distance_histogram|wiener_index|neighbor_degree_profile,208726,False
4,"0,4,5,10",degree_sequence|distance_histogram|wiener_index|edge_common_neighbor_profile,122476,False
4,"0,4,5,11",degree_sequence|distance_histogram|wiener_index|nonedge_common_neighbor_profile,104259,False
4,"0,4,5,12",degree_sequence|distance_histogram|wiener_index|induced4_degree_sequence_profile,222343,False
4,"0,4,6,7",degree_sequence|distance_histogram|eccentricities|spanning_tree_count,204130,False
4,"0,4,6,8",degree_sequence|distance_histogram|eccentricities|local_clustering_multiset,216893,False
4,"0,4,6,9",degree_sequence|distance_histogram|eccentricities|neighbor_degree_profile,211654,False
4,"0,4,6,10",degree_sequence|distance_histogram|eccentricities|edge_common_neighbor_profile,132160,False
4,"0,4,6,11",degree_sequence|distance_histogram|eccentricities|nonedge_common_neighbor_profile,113969,False
4,"0,4,6,12",degree_sequence|distance_histogram|eccentricities|induced4_degree_sequence_profile,227419,False
4,"0,4,7,8",degree_sequence|distance_histogram|spanning_tree_count|local_clustering_multiset,264152,False
4,"0,4,7,9",degree_sequence|distance_histogram|spanning_tree_count|neighbor_degree_profile,272735,False
4,"0,4,7,10",degree_sequence|distance_histogram|spanning_tree_count|edge_common_neighbor_profile,237188,False
4,"0,4,7,11",degree_sequence|distance_histogram|spanning_tree_count|nonedge_common_neighbor_profile,228236,False
4,"0,4,7,12",degree_sequence|distance_histogram|spanning_tree_count|induced4_degree_sequence_profile,267964,False
4,"0,4,8,9",degree_sequence|distance_histogram|local_clustering_multiset|neighbor_degree_profile,269214,False
4,"0,4,8,10",degree_sequence|distance_histogram|local_clustering_multiset|edge_common_neighbor_profile,227075,False
4,"0,4,8,11",degree_sequence|distance_histogram|local_clustering_multiset|nonedge_common_neighbor_profile,234187,False
4,"0,4,8,12",degree_sequence|distance_histogram|local_clustering_multiset|induced4_degree_sequence_profile,256565,False
4,"0,4,9,10",degree_sequence|distance_histogram|neighbor_degree_profile|edge_common_neighbor_profile,267905,False
4,"0,4,9,11",degree_sequence|distance_histogram|neighbor_degree_profile|nonedge_common_neighbor_profile,266686,False
4,"0,4,9,12",degree_sequence|distance_histogram|neighbor_degree_profile|induced4_degree_sequence_profile,270637,False
4,"0,4,10,11",degree_sequence|distance_histogram|edge_common_neighbor_profile|nonedge_common_neighbor_profile,158071,False
4,"0,4,10,12",degree_sequence|distance_histogram|edge_common_neighbor_profile|induced4_degree_sequence_profile,237663,False
4,"0,4,11,12",degree_sequence|distance_histogram|nonedge_common_neighbor_profile|induced4_degree_sequence_profile,233149,False
4,"0,5,6,7",degree_sequence|wiener_index|eccentricities|spanning_tree_count,204122,False
4,"0,5,6,8",degree_sequence|wiener_index|eccentricities|local_clustering_multiset,216883,False
4,"0,5,6,9",degree_sequence|wiener_index|eccentricities|neighbor_degree_profile,211654,False
4,"0,5,6,10",degree_sequence|wiener_index|eccentricities|edge_common_neighbor_profile,132147,False
4,"0,5,6,11",degree_sequence|wiener_index|eccentricities|nonedge_common_neighbor_profile,113969,False
4,"0,5,6,12",degree_sequence|wiener_index|eccentricities|induced4_degree_sequence_profile,227419,False
4,"0,5,7,8",degree_sequence|wiener_index|spanning_tree_count|local_clustering_multiset,264041,False
4,"0,5,7,9",degree_sequence|wiener_index|spanning_tree_count|neighbor_degree_profile,272729,False
4,"0,5,7,10",degree_sequence|wiener_index|spanning_tree_count|edge_common_neighbor_profile,236918,False
4,"0,5,7,11",degree_sequence|wiener_index|spanning_tree_count|nonedge_common_neighbor_profile,228106,False
4,"0,5,7,12",degree_sequence|wiener_index|spanning_tree_count|induced4_degree_sequence_profile,267953,False
4,"0,5,8,9",degree_sequence|wiener_index|local_clustering_multiset|neighbor_degree_profile,269197,False
4,"0,5,8,10",degree_sequence|wiener_index|local_clustering_multiset|edge_common_neighbor_profile,226384,False
4,"0,5,8,11",degree_sequence|wiener_index|local_clustering_multiset|nonedge_common_neighbor_profile,234115,False
4,"0,5,8,12",degree_sequence|wiener_index|local_clustering_multiset|induced4_degree_sequence_profile,256529,False
4,"0,5,9,10",degree_sequence|wiener_index|neighbor_degree_profile|edge_common_neighbor_profile,267874,False
4,"0,5,9,11",degree_sequence|wiener_index|neighbor_degree_profile|nonedge_common_neighbor_profile,266686,False
4,"0,5,9,12",degree_sequence|wiener_index|neighbor_degree_profile|induced4_degree_sequence_profile,270635,False
4,"0,5,10,11",degree_sequence|wiener_index|edge_common_neighbor_profile|nonedge_common_neighbor_profile,157919,False
4,"0,5,10,12",degree_sequence|wiener_index|edge_common_neighbor_profile|induced4_degree_sequence_profile,237584,False
4,"0,5,11,12",degree_sequence|wiener_index|nonedge_common_neighbor_profile|induced4_degree_sequence_profile,233141,False
4,"0,6,7,8",degree_sequence|eccentricities|spanning_tree_count|local_clustering_multiset,265296,False
4,"0,6,7,9",degree_sequence|eccentricities|spanning_tree_count|neighbor_degree_profile,272686,False
4,"0,6,7,10",degree_sequence|eccentricities|spanning_tree_count|edge_common_neighbor_profile,240991,False
4,"0,6,7,11",degree_sequence|eccentricities|spanning_tree_count|nonedge_common_neighbor_profile,233057,False
4,"0,6,7,12",degree_sequence|eccentricities|spanning_tree_count|induced4_degree_sequence_profile,268609,False
4,"0,6,8,9",degree_sequence|eccentricities|local_clustering_multiset|neighbor_degree_profile,269009,False
4,"0,6,8,10",degree_sequence|eccentricities|local_clustering_multiset|edge_common_neighbor_profile,227366,False
4,"0,6,8,11",degree_sequence|eccentricities|local_clustering_multiset|nonedge_common_neighbor_profile,239145,False
4,"0,6,8,12",degree_sequence|eccentricities|local_clustering_multiset|induced4_degree_sequence_profile,258554,False
4,"0,6,9,10",degree_sequence|eccentricities|neighbor_degree_profile|edge_common_neighbor_profile,267794,False
4,"0,6,9,11",degree_sequence|eccentricities|neighbor_degree_profile|nonedge_common_neighbor_profile,267333,False
4,"0,6,9,12",degree_sequence|eccentricities|neighbor_degree_profile|induced4_degree_sequence_profile,270920,False
4,"0,6,10,11",degree_sequence|eccentricities|edge_common_neighbor_profile|nonedge_common_neighbor_profile,167613,False
4,"0,6,10,12",degree_sequence|eccentricities|edge_common_neighbor_profile|induced4_degree_sequence_profile,241201,False
4,"0,6,11,12",degree_sequence|eccentricities|nonedge_common_neighbor_profile|induced4_degree_sequence_profile,237907,False
4,"0,7,8,9",degree_sequence|spanning_tree_count|local_clustering_multiset|neighbor_degree_profile,274285,False
4,"0,7,8,10",degree_sequence|spanning_tree_count|local_clustering_multiset|edge_common_neighbor_profile,257673,False
4,"0,7,8,11",degree_sequence|spanning_tree_count|local_clustering_multiset|nonedge_common_neighbor_profile,259290,False
4,"0,7,8,12",degree_sequence|spanning_tree_count|local_clustering_multiset|induced4_degree_sequence_profile,269663,False
4,"0,7,9,10",degree_sequence|spanning_tree_count|neighbor_degree_profile|edge_common_neighbor_profile,273895,False
4,"0,7,9,11",degree_sequence|spanning_tree_count|neighbor_degree_profile|nonedge_common_neighbor_profile,273993,False
4,"0,7,9,12",degree_sequence|spanning_tree_count|neighbor_degree_profile|induced4_degree_sequence_profile,274340,False
4,"0,7,10,11",degree_sequence|spanning_tree_count|edge_common_neighbor_profile|nonedge_common_neighbor_profile,230524,False
4,"0,7,10,12",degree_sequence|spanning_tree_count|edge_common_neighbor_profile|induced4_degree_sequence_profile,267406,False
4,"0,7,11,12",degree_sequence|spanning_tree_count|nonedge_common_neighbor_profile|induced4_degree_sequence_profile,267851,False
4,"0,8,9,10",degree_sequence|local_clustering_multiset|neighbor_degree_profile|edge_common_neighbor_profile,270122,False
4,"0,8,9,11",degree_sequence|local_clustering_multiset|neighbor_degree_profile|nonedge_common_neighbor_profile,271480,False
4,"0,8,9,12",degree_sequence|local_clustering_multiset|neighbor_degree_profile|induced4_degree_sequence_profile,271959,False
4,"0,8,10,11",degree_sequence|local_clustering_multiset|edge_common_neighbor_profile|nonedge_common_neighbor_profile,233139,False
4,"0,8,10,12",degree_sequence|local_clustering_multiset|edge_common_neighbor_profile|induced4_degree_sequence_profile,253592,False
4,"0,8,11,12",degree_sequence|local_clustering_multiset|nonedge_common_neighbor_profile|induced4_degree_sequence_profile,255430,False
4,"0,9,10,11",degree_sequence|neighbor_degree_profile|edge_common_neighbor_profile|nonedge_common_neighbor_profile,270708,False
4,"0,9,10,12",degree_sequence|neighbor_degree_profile|edge_common_neighbor_profile|induced4_degree_sequence_profile,270769,False
4,"0,9,11,12",degree_sequence|neighbor_degree_profile|nonedge_common_neighbor_profile|induced4_degree_sequence_profile,270911,False
4,"0,10,11,12",degree_sequence|edge_common_neighbor_profile|nonedge_common_neighbor_profile|induced4_degree_sequence_profile,239989,False
4,"1,2,3,4",traces_A1_to_An|characteristic_coefficients|component_count|distance_histogram,256945,False
4,"1,2,3,5",traces_A1_to_An|characteristic_coefficients|component_count|wiener_index,256880,False
4,"1,2,3,6",traces_A1_to_An|characteristic_coefficients|component_count|eccentricities,258643,False
4,"1,2,3,7",traces_A1_to_An|characteristic_coefficients|component_count|spanning_tree_count,273411,False
4,"1,2,3,8",traces_A1_to_An|characteristic_coefficients|component_count|local_clustering_multiset,274014,False
4,"1,2,3,9",traces_A1_to_An|characteristic_coefficients|component_count|neighbor_degree_profile,274034,False
4,"1,2,3,10",traces_A1_to_An|characteristic_coefficients|component_count|edge_common_neighbor_profile,267289,False
4,"1,2,3,11",traces_A1_to_An|characteristic_coefficients|component_count|nonedge_common_neighbor_profile,267643,False
4,"1,2,3,12",traces_A1_to_An|characteristic_coefficients|component_count|induced4_degree_sequence_profile,272580,False
4,"1,2,4,5",traces_A1_to_An|characteristic_coefficients|distance_histogram|wiener_index,256945,False
4,"1,2,4,6",traces_A1_to_An|characteristic_coefficients|distance_histogram|eccentricities,259000,False
4,"1,2,4,7",traces_A1_to_An|characteristic_coefficients|distance_histogram|spanning_tree_count,273966,False
4,"1,2,4,8",traces_A1_to_An|characteristic_coefficients|distance_histogram|local_clustering_multiset,274209,False
4,"1,2,4,9",traces_A1_to_An|characteristic_coefficients|distance_histogram|neighbor_degree_profile,274170,False
4,"1,2,4,10",traces_A1_to_An|characteristic_coefficients|distance_histogram|edge_common_neighbor_profile,268955,False
4,"1,2,4,11",traces_A1_to_An|characteristic_coefficients|distance_histogram|nonedge_common_neighbor_profile,268290,False
4,"1,2,4,12",traces_A1_to_An|characteristic_coefficients|distance_histogram|induced4_degree_sequence_profile,273119,False
4,"1,2,5,6",traces_A1_to_An|characteristic_coefficients|wiener_index|eccentricities,259000,False
4,"1,2,5,7",traces_A1_to_An|characteristic_coefficients|wiener_index|spanning_tree_count,273961,False
4,"1,2,5,8",traces_A1_to_An|characteristic_coefficients|wiener_index|local_clustering_multiset,274209,False
4,"1,2,5,9",traces_A1_to_An|characteristic_coefficients|wiener_index|neighbor_degree_profile,274170,False
4,"1,2,5,10",traces_A1_to_An|characteristic_coefficients|wiener_index|edge_common_neighbor_profile,268946,False
4,"1,2,5,11",traces_A1_to_An|characteristic_coefficients|wiener_index|nonedge_common_neighbor_profile,268286,False
4,"1,2,5,12",traces_A1_to_An|characteristic_coefficients|wiener_index|induced4_degree_sequence_profile,273119,False
4,"1,2,6,7",traces_A1_to_An|characteristic_coefficients|eccentricities|spanning_tree_count,274110,False
4,"1,2,6,8",traces_A1_to_An|characteristic_coefficients|eccentricities|local_clustering_multiset,274256,False
4,"1,2,6,9",traces_A1_to_An|characteristic_coefficients|eccentricities|neighbor_degree_profile,274211,False
4,"1,2,6,10",traces_A1_to_An|characteristic_coefficients|eccentricities|edge_common_neighbor_profile,269721,False
4,"1,2,6,11",traces_A1_to_An|characteristic_coefficients|eccentricities|nonedge_common_neighbor_profile,269139,False
4,"1,2,6,12",traces_A1_to_An|characteristic_coefficients|eccentricities|induced4_degree_sequence_profile,273212,False
4,"1,2,7,8",traces_A1_to_An|characteristic_coefficients|spanning_tree_count|local_clustering_multiset,274486,False
4,"1,2,7,9",traces_A1_to_An|characteristic_coefficients|spanning_tree_count|neighbor_degree_profile,274659,False
4,"1,2,7,10",traces_A1_to_An|characteristic_coefficients|spanning_tree_count|edge_common_neighbor_profile,273968,False
4,"1,2,7,11",traces_A1_to_An|characteristic_coefficients|spanning_tree_count|nonedge_common_neighbor_profile,274049,False
4,"1,2,7,12",traces_A1_to_An|characteristic_coefficients|spanning_tree_count|induced4_degree_sequence_profile,274407,False
4,"1,2,8,9",traces_A1_to_An|characteristic_coefficients|local_clustering_multiset|neighbor_degree_profile,274664,False
4,"1,2,8,10",traces_A1_to_An|characteristic_coefficients|local_clustering_multiset|edge_common_neighbor_profile,274106,False
4,"1,2,8,11",traces_A1_to_An|characteristic_coefficients|local_clustering_multiset|nonedge_common_neighbor_profile,274243,False
4,"1,2,8,12",traces_A1_to_An|characteristic_coefficients|local_clustering_multiset|induced4_degree_sequence_profile,274095,False
4,"1,2,9,10",traces_A1_to_An|characteristic_coefficients|neighbor_degree_profile|edge_common_neighbor_profile,274531,False
4,"1,2,9,11",traces_A1_to_An|characteristic_coefficients|neighbor_degree_profile|nonedge_common_neighbor_profile,274535,False
4,"1,2,9,12",traces_A1_to_An|characteristic_coefficients|neighbor_degree_profile|induced4_degree_sequence_profile,274575,False
4,"1,2,10,11",traces_A1_to_An|characteristic_coefficients|edge_common_neighbor_profile|nonedge_common_neighbor_profile,268294,False
4,"1,2,10,12",traces_A1_to_An|characteristic_coefficients|edge_common_neighbor_profile|induced4_degree_sequence_profile,273357,False
4,"1,2,11,12",traces_A1_to_An|characteristic_coefficients|nonedge_common_neighbor_profile|induced4_degree_sequence_profile,273416,False
4,"1,3,4,5",traces_A1_to_An|component_count|distance_histogram|wiener_index,256945,False
4,"1,3,4,6",traces_A1_to_An|component_count|distance_histogram|eccentricities,259000,False
4,"1,3,4,7",traces_A1_to_An|component_count|distance_histogram|spanning_tree_count,273966,False
4,"1,3,4,8",traces_A1_to_An|component_count|distance_histogram|local_clustering_multiset,274209,False
4,"1,3,4,9",traces_A1_to_An|component_count|distance_histogram|neighbor_degree_profile,274170,False
4,"1,3,4,10",traces_A1_to_An|component_count|distance_histogram|edge_common_neighbor_profile,268955,False
4,"1,3,4,11",traces_A1_to_An|component_count|distance_histogram|nonedge_common_neighbor_profile,268290,False
4,"1,3,4,12",traces_A1_to_An|component_count|distance_histogram|induced4_degree_sequence_profile,273119,False
4,"1,3,5,6",traces_A1_to_An|component_count|wiener_index|eccentricities,259000,False
4,"1,3,5,7",traces_A1_to_An|component_count|wiener_index|spanning_tree_count,273961,False
4,"1,3,5,8",traces_A1_to_An|component_count|wiener_index|local_clustering_multiset,274209,False
4,"1,3,5,9",traces_A1_to_An|component_count|wiener_index|neighbor_degree_profile,274170,False
4,"1,3,5,10",traces_A1_to_An|component_count|wiener_index|edge_common_neighbor_profile,268946,False
4,"1,3,5,11",traces_A1_to_An|component_count|wiener_index|nonedge_common_neighbor_profile,268286,False
4,"1,3,5,12",traces_A1_to_An|component_count|wiener_index|induced4_degree_sequence_profile,273119,False
4,"1,3,6,7",traces_A1_to_An|component_count|eccentricities|spanning_tree_count,274110,False
4,"1,3,6,8",traces_A1_to_An|component_count|eccentricities|local_clustering_multiset,274256,False
4,"1,3,6,9",traces_A1_to_An|component_count|eccentricities|neighbor_degree_profile,274211,False
4,"1,3,6,10",traces_A1_to_An|component_count|eccentricities|edge_common_neighbor_profile,269721,False
4,"1,3,6,11",traces_A1_to_An|component_count|eccentricities|nonedge_common_neighbor_profile,269139,False
4,"1,3,6,12",traces_A1_to_An|component_count|eccentricities|induced4_degree_sequence_profile,273212,False
4,"1,3,7,8",traces_A1_to_An|component_count|spanning_tree_count|local_clustering_multiset,274486,False
4,"1,3,7,9",traces_A1_to_An|component_count|spanning_tree_count|neighbor_degree_profile,274659,False
4,"1,3,7,10",traces_A1_to_An|component_count|spanning_tree_count|edge_common_neighbor_profile,274049,False
4,"1,3,7,11",traces_A1_to_An|component_count|spanning_tree_count|nonedge_common_neighbor_profile,274069,False
4,"1,3,7,12",traces_A1_to_An|component_count|spanning_tree_count|induced4_degree_sequence_profile,274407,False
4,"1,3,8,9",traces_A1_to_An|component_count|local_clustering_multiset|neighbor_degree_profile,274664,False
4,"1,3,8,10",traces_A1_to_An|component_count|local_clustering_multiset|edge_common_neighbor_profile,274106,False
4,"1,3,8,11",traces_A1_to_An|component_count|local_clustering_multiset|nonedge_common_neighbor_profile,274243,False
4,"1,3,8,12",traces_A1_to_An|component_count|local_clustering_multiset|induced4_degree_sequence_profile,274095,False
4,"1,3,9,10",traces_A1_to_An|component_count|neighbor_degree_profile|edge_common_neighbor_profile,274531,False
4,"1,3,9,11",traces_A1_to_An|component_count|neighbor_degree_profile|nonedge_common_neighbor_profile,274535,False
4,"1,3,9,12",traces_A1_to_An|component_count|neighbor_degree_profile|induced4_degree_sequence_profile,274575,False
4,"1,3,10,11",traces_A1_to_An|component_count|edge_common_neighbor_profile|nonedge_common_neighbor_profile,268515,False
4,"1,3,10,12",traces_A1_to_An|component_count|edge_common_neighbor_profile|induced4_degree_sequence_profile,273361,False
4,"1,3,11,12",traces_A1_to_An|component_count|nonedge_common_neighbor_profile|induced4_degree_sequence_profile,273417,False
4,"1,4,5,6",traces_A1_to_An|distance_histogram|wiener_index|eccentricities,259000,False
4,"1,4,5,7",traces_A1_to_An|distance_histogram|wiener_index|spanning_tree_count,273966,False
4,"1,4,5,8",traces_A1_to_An|distance_histogram|wiener_index|local_clustering_multiset,274209,False
4,"1,4,5,9",traces_A1_to_An|distance_histogram|wiener_index|neighbor_degree_profile,274170,False
4,"1,4,5,10",traces_A1_to_An|distance_histogram|wiener_index|edge_common_neighbor_profile,268955,False
4,"1,4,5,11",traces_A1_to_An|distance_histogram|wiener_index|nonedge_common_neighbor_profile,268290,False
4,"1,4,5,12",traces_A1_to_An|distance_histogram|wiener_index|induced4_degree_sequence_profile,273119,False
4,"1,4,6,7",traces_A1_to_An|distance_histogram|eccentricities|spanning_tree_count,274121,False
4,"1,4,6,8",traces_A1_to_An|distance_histogram|eccentricities|local_clustering_multiset,274260,False
4,"1,4,6,9",traces_A1_to_An|distance_histogram|eccentricities|neighbor_degree_profile,274220,False
4,"1,4,6,10",traces_A1_to_An|distance_histogram|eccentricities|edge_common_neighbor_profile,269760,False
4,"1,4,6,11",traces_A1_to_An|distance_histogram|eccentricities|nonedge_common_neighbor_profile,269152,False
4,"1,4,6,12",traces_A1_to_An|distance_histogram|eccentricities|induced4_degree_sequence_profile,273240,False
4,"1,4,7,8",traces_A1_to_An|distance_histogram|spanning_tree_count|local_clustering_multiset,274526,False
4,"1,4,7,9",traces_A1_to_An|distance_histogram|spanning_tree_count|neighbor_degree_profile,274661,False
4,"1,4,7,10",traces_A1_to_An|distance_histogram|spanning_tree_count|edge_common_neighbor_profile,274284,False
4,"1,4,7,11",traces_A1_to_An|distance_histogram|spanning_tree_count|nonedge_common_neighbor_profile,274251,False
4,"1,4,7,12",traces_A1_to_An|distance_histogram|spanning_tree_count|induced4_degree_sequence_profile,274454,False
4,"1,4,8,9",traces_A1_to_An|distance_histogram|local_clustering_multiset|neighbor_degree_profile,274666,False
4,"1,4,8,10",traces_A1_to_An|distance_histogram|local_clustering_multiset|edge_common_neighbor_profile,274272,False
4,"1,4,8,11",traces_A1_to_An|distance_histogram|local_clustering_multiset|nonedge_common_neighbor_profile,274287,False
4,"1,4,8,12",traces_A1_to_An|distance_histogram|local_clustering_multiset|induced4_degree_sequence_profile,274259,False
4,"1,4,9,10",traces_A1_to_An|distance_histogram|neighbor_degree_profile|edge_common_neighbor_profile,274544,False
4,"1,4,9,11",traces_A1_to_An|distance_histogram|neighbor_degree_profile|nonedge_common_neighbor_profile,274538,False
4,"1,4,9,12",traces_A1_to_An|distance_histogram|neighbor_degree_profile|induced4_degree_sequence_profile,274598,False
4,"1,4,10,11",traces_A1_to_An|distance_histogram|edge_common_neighbor_profile|nonedge_common_neighbor_profile,269152,False
4,"1,4,10,12",traces_A1_to_An|distance_histogram|edge_common_neighbor_profile|induced4_degree_sequence_profile,273666,False
4,"1,4,11,12",traces_A1_to_An|distance_histogram|nonedge_common_neighbor_profile|induced4_degree_sequence_profile,273462,False
4,"1,5,6,7",traces_A1_to_An|wiener_index|eccentricities|spanning_tree_count,274121,False
4,"1,5,6,8",traces_A1_to_An|wiener_index|eccentricities|local_clustering_multiset,274260,False
4,"1,5,6,9",traces_A1_to_An|wiener_index|eccentricities|neighbor_degree_profile,274220,False
4,"1,5,6,10",traces_A1_to_An|wiener_index|eccentricities|edge_common_neighbor_profile,269760,False
4,"1,5,6,11",traces_A1_to_An|wiener_index|eccentricities|nonedge_common_neighbor_profile,269152,False
4,"1,5,6,12",traces_A1_to_An|wiener_index|eccentricities|induced4_degree_sequence_profile,273240,False
4,"1,5,7,8",traces_A1_to_An|wiener_index|spanning_tree_count|local_clustering_multiset,274526,False
4,"1,5,7,9",traces_A1_to_An|wiener_index|spanning_tree_count|neighbor_degree_profile,274661,False
4,"1,5,7,10",traces_A1_to_An|wiener_index|spanning_tree_count|edge_common_neighbor_profile,274282,False
4,"1,5,7,11",traces_A1_to_An|wiener_index|spanning_tree_count|nonedge_common_neighbor_profile,274249,False
4,"1,5,7,12",traces_A1_to_An|wiener_index|spanning_tree_count|induced4_degree_sequence_profile,274454,False
4,"1,5,8,9",traces_A1_to_An|wiener_index|local_clustering_multiset|neighbor_degree_profile,274666,False
4,"1,5,8,10",traces_A1_to_An|wiener_index|local_clustering_multiset|edge_common_neighbor_profile,274272,False
4,"1,5,8,11",traces_A1_to_An|wiener_index|local_clustering_multiset|nonedge_common_neighbor_profile,274287,False
4,"1,5,8,12",traces_A1_to_An|wiener_index|local_clustering_multiset|induced4_degree_sequence_profile,274259,False
4,"1,5,9,10",traces_A1_to_An|wiener_index|neighbor_degree_profile|edge_common_neighbor_profile,274544,False
4,"1,5,9,11",traces_A1_to_An|wiener_index|neighbor_degree_profile|nonedge_common_neighbor_profile,274538,False
4,"1,5,9,12",traces_A1_to_An|wiener_index|neighbor_degree_profile|induced4_degree_sequence_profile,274598,False
4,"1,5,10,11",traces_A1_to_An|wiener_index|edge_common_neighbor_profile|nonedge_common_neighbor_profile,269148,False
4,"1,5,10,12",traces_A1_to_An|wiener_index|edge_common_neighbor_profile|induced4_degree_sequence_profile,273666,False
4,"1,5,11,12",traces_A1_to_An|wiener_index|nonedge_common_neighbor_profile|induced4_degree_sequence_profile,273462,False
4,"1,6,7,8",traces_A1_to_An|eccentricities|spanning_tree_count|local_clustering_multiset,274558,False
4,"1,6,7,9",traces_A1_to_An|eccentricities|spanning_tree_count|neighbor_degree_profile,274663,False
4,"1,6,7,10",traces_A1_to_An|eccentricities|spanning_tree_count|edge_common_neighbor_profile,274384,False
4,"1,6,7,11",traces_A1_to_An|eccentricities|spanning_tree_count|nonedge_common_neighbor_profile,274353,False
4,"1,6,7,12",traces_A1_to_An|eccentricities|spanning_tree_count|induced4_degree_sequence_profile,274494,False
4,"1,6,8,9",traces_A1_to_An|eccentricities|local_clustering_multiset|neighbor_degree_profile,274666,False
4,"1,6,8,10",traces_A1_to_An|eccentricities|local_clustering_multiset|edge_common_neighbor_profile,274319,False
4,"1,6,8,11",traces_A1_to_An|eccentricities|local_clustering_multiset|nonedge_common_neighbor_profile,274338,False
4,"1,6,8,12",traces_A1_to_An|eccentricities|local_clustering_multiset|induced4_degree_sequence_profile,274305,False
4,"1,6,9,10",traces_A1_to_An|eccentricities|neighbor_degree_profile|edge_common_neighbor_profile,274567,False
4,"1,6,9,11",traces_A1_to_An|eccentricities|neighbor_degree_profile|nonedge_common_neighbor_profile,274560,False
4,"1,6,9,12",traces_A1_to_An|eccentricities|neighbor_degree_profile|induced4_degree_sequence_profile,274607,False
4,"1,6,10,11",traces_A1_to_An|eccentricities|edge_common_neighbor_profile|nonedge_common_neighbor_profile,269934,False
4,"1,6,10,12",traces_A1_to_An|eccentricities|edge_common_neighbor_profile|induced4_degree_sequence_profile,273765,False
4,"1,6,11,12",traces_A1_to_An|eccentricities|nonedge_common_neighbor_profile|induced4_degree_sequence_profile,273577,False
4,"1,7,8,9",traces_A1_to_An|spanning_tree_count|local_clustering_multiset|neighbor_degree_profile,274668,True
4,"1,7,8,10",traces_A1_to_An|spanning_tree_count|local_clustering_multiset|edge_common_neighbor_profile,274490,False
4,"1,7,8,11",traces_A1_to_An|spanning_tree_count|local_clustering_multiset|nonedge_common_neighbor_profile,274490,False
4,"1,7,8,12",traces_A1_to_An|spanning_tree_count|local_clustering_multiset|induced4_degree_sequence_profile,274503,False
4,"1,7,9,10",traces_A1_to_An|spanning_tree_count|neighbor_degree_profile|edge_common_neighbor_profile,274663,False
4,"1,7,9,11",traces_A1_to_An|spanning_tree_count|neighbor_degree_profile|nonedge_common_neighbor_profile,274663,False
4,"1,7,9,12",traces_A1_to_An|spanning_tree_count|neighbor_degree_profile|induced4_degree_sequence_profile,274659,False
4,"1,7,10,11",traces_A1_to_An|spanning_tree_count|edge_common_neighbor_profile|nonedge_common_neighbor_profile,274082,False
4,"1,7,10,12",traces_A1_to_An|spanning_tree_count|edge_common_neighbor_profile|induced4_degree_sequence_profile,274447,False
4,"1,7,11,12",traces_A1_to_An|spanning_tree_count|nonedge_common_neighbor_profile|induced4_degree_sequence_profile,274429,False
4,"1,8,9,10",traces_A1_to_An|local_clustering_multiset|neighbor_degree_profile|edge_common_neighbor_profile,274668,True
4,"1,8,9,11",traces_A1_to_An|local_clustering_multiset|neighbor_degree_profile|nonedge_common_neighbor_profile,274668,True
4,"1,8,9,12",traces_A1_to_An|local_clustering_multiset|neighbor_degree_profile|induced4_degree_sequence_profile,274664,False
4,"1,8,10,11",traces_A1_to_An|local_clustering_multiset|edge_common_neighbor_profile|nonedge_common_neighbor_profile,274250,False
4,"1,8,10,12",traces_A1_to_An|local_clustering_multiset|edge_common_neighbor_profile|induced4_degree_sequence_profile,274123,False
4,"1,8,11,12",traces_A1_to_An|local_clustering_multiset|nonedge_common_neighbor_profile|induced4_degree_sequence_profile,274258,False
4,"1,9,10,11",traces_A1_to_An|neighbor_degree_profile|edge_common_neighbor_profile|nonedge_common_neighbor_profile,274547,False
4,"1,9,10,12",traces_A1_to_An|neighbor_degree_profile|edge_common_neighbor_profile|induced4_degree_sequence_profile,274623,False
4,"1,9,11,12",traces_A1_to_An|neighbor_degree_profile|nonedge_common_neighbor_profile|induced4_degree_sequence_profile,274623,False
4,"1,10,11,12",traces_A1_to_An|edge_common_neighbor_profile|nonedge_common_neighbor_profile|induced4_degree_sequence_profile,273694,False
4,"2,3,4,5",characteristic_coefficients|component_count|distance_histogram|wiener_index,256945,False
4,"2,3,4,6",characteristic_coefficients|component_count|distance_histogram|eccentricities,259000,False
4,"2,3,4,7",characteristic_coefficients|component_count|distance_histogram|spanning_tree_count,273966,False
4,"2,3,4,8",characteristic_coefficients|component_count|distance_histogram|local_clustering_multiset,274209,False
4,"2,3,4,9",characteristic_coefficients|component_count|distance_histogram|neighbor_degree_profile,274170,False
4,"2,3,4,10",characteristic_coefficients|component_count|distance_histogram|edge_common_neighbor_profile,268955,False
4,"2,3,4,11",characteristic_coefficients|component_count|distance_histogram|nonedge_common_neighbor_profile,268290,False
4,"2,3,4,12",characteristic_coefficients|component_count|distance_histogram|induced4_degree_sequence_profile,273119,False
4,"2,3,5,6",characteristic_coefficients|component_count|wiener_index|eccentricities,259000,False
4,"2,3,5,7",characteristic_coefficients|component_count|wiener_index|spanning_tree_count,273961,False
4,"2,3,5,8",characteristic_coefficients|component_count|wiener_index|local_clustering_multiset,274209,False
4,"2,3,5,9",characteristic_coefficients|component_count|wiener_index|neighbor_degree_profile,274170,False
4,"2,3,5,10",characteristic_coefficients|component_count|wiener_index|edge_common_neighbor_profile,268946,False
4,"2,3,5,11",characteristic_coefficients|component_count|wiener_index|nonedge_common_neighbor_profile,268286,False
4,"2,3,5,12",characteristic_coefficients|component_count|wiener_index|induced4_degree_sequence_profile,273119,False
4,"2,3,6,7",characteristic_coefficients|component_count|eccentricities|spanning_tree_count,274110,False
4,"2,3,6,8",characteristic_coefficients|component_count|eccentricities|local_clustering_multiset,274256,False
4,"2,3,6,9",characteristic_coefficients|component_count|eccentricities|neighbor_degree_profile,274211,False
4,"2,3,6,10",characteristic_coefficients|component_count|eccentricities|edge_common_neighbor_profile,269721,False
4,"2,3,6,11",characteristic_coefficients|component_count|eccentricities|nonedge_common_neighbor_profile,269139,False
4,"2,3,6,12",characteristic_coefficients|component_count|eccentricities|induced4_degree_sequence_profile,273212,False
4,"2,3,7,8",characteristic_coefficients|component_count|spanning_tree_count|local_clustering_multiset,274486,False
4,"2,3,7,9",characteristic_coefficients|component_count|spanning_tree_count|neighbor_degree_profile,274659,False
4,"2,3,7,10",characteristic_coefficients|component_count|spanning_tree_count|edge_common_neighbor_profile,274049,False
4,"2,3,7,11",characteristic_coefficients|component_count|spanning_tree_count|nonedge_common_neighbor_profile,274069,False
4,"2,3,7,12",characteristic_coefficients|component_count|spanning_tree_count|induced4_degree_sequence_profile,274407,False
4,"2,3,8,9",characteristic_coefficients|component_count|local_clustering_multiset|neighbor_degree_profile,274664,False
4,"2,3,8,10",characteristic_coefficients|component_count|local_clustering_multiset|edge_common_neighbor_profile,274106,False
4,"2,3,8,11",characteristic_coefficients|component_count|local_clustering_multiset|nonedge_common_neighbor_profile,274243,False
4,"2,3,8,12",characteristic_coefficients|component_count|local_clustering_multiset|induced4_degree_sequence_profile,274095,False
4,"2,3,9,10",characteristic_coefficients|component_count|neighbor_degree_profile|edge_common_neighbor_profile,274531,False
4,"2,3,9,11",characteristic_coefficients|component_count|neighbor_degree_profile|nonedge_common_neighbor_profile,274535,False
4,"2,3,9,12",characteristic_coefficients|component_count|neighbor_degree_profile|induced4_degree_sequence_profile,274575,False
4,"2,3,10,11",characteristic_coefficients|component_count|edge_common_neighbor_profile|nonedge_common_neighbor_profile,268515,False
4,"2,3,10,12",characteristic_coefficients|component_count|edge_common_neighbor_profile|induced4_degree_sequence_profile,273361,False
4,"2,3,11,12",characteristic_coefficients|component_count|nonedge_common_neighbor_profile|induced4_degree_sequence_profile,273417,False
4,"2,4,5,6",characteristic_coefficients|distance_histogram|wiener_index|eccentricities,259000,False
4,"2,4,5,7",characteristic_coefficients|distance_histogram|wiener_index|spanning_tree_count,273966,False
4,"2,4,5,8",characteristic_coefficients|distance_histogram|wiener_index|local_clustering_multiset,274209,False
4,"2,4,5,9",characteristic_coefficients|distance_histogram|wiener_index|neighbor_degree_profile,274170,False
4,"2,4,5,10",characteristic_coefficients|distance_histogram|wiener_index|edge_common_neighbor_profile,268955,False
4,"2,4,5,11",characteristic_coefficients|distance_histogram|wiener_index|nonedge_common_neighbor_profile,268290,False
4,"2,4,5,12",characteristic_coefficients|distance_histogram|wiener_index|induced4_degree_sequence_profile,273119,False
4,"2,4,6,7",characteristic_coefficients|distance_histogram|eccentricities|spanning_tree_count,274121,False
4,"2,4,6,8",characteristic_coefficients|distance_histogram|eccentricities|local_clustering_multiset,274260,False
4,"2,4,6,9",characteristic_coefficients|distance_histogram|eccentricities|neighbor_degree_profile,274220,False
4,"2,4,6,10",characteristic_coefficients|distance_histogram|eccentricities|edge_common_neighbor_profile,269760,False
4,"2,4,6,11",characteristic_coefficients|distance_histogram|eccentricities|nonedge_common_neighbor_profile,269152,False
4,"2,4,6,12",characteristic_coefficients|distance_histogram|eccentricities|induced4_degree_sequence_profile,273240,False
4,"2,4,7,8",characteristic_coefficients|distance_histogram|spanning_tree_count|local_clustering_multiset,274526,False
4,"2,4,7,9",characteristic_coefficients|distance_histogram|spanning_tree_count|neighbor_degree_profile,274661,False
4,"2,4,7,10",characteristic_coefficients|distance_histogram|spanning_tree_count|edge_common_neighbor_profile,274284,False
4,"2,4,7,11",characteristic_coefficients|distance_histogram|spanning_tree_count|nonedge_common_neighbor_profile,274251,False
4,"2,4,7,12",characteristic_coefficients|distance_histogram|spanning_tree_count|induced4_degree_sequence_profile,274454,False
4,"2,4,8,9",characteristic_coefficients|distance_histogram|local_clustering_multiset|neighbor_degree_profile,274666,False
4,"2,4,8,10",characteristic_coefficients|distance_histogram|local_clustering_multiset|edge_common_neighbor_profile,274272,False
4,"2,4,8,11",characteristic_coefficients|distance_histogram|local_clustering_multiset|nonedge_common_neighbor_profile,274287,False
4,"2,4,8,12",characteristic_coefficients|distance_histogram|local_clustering_multiset|induced4_degree_sequence_profile,274259,False
4,"2,4,9,10",characteristic_coefficients|distance_histogram|neighbor_degree_profile|edge_common_neighbor_profile,274544,False
4,"2,4,9,11",characteristic_coefficients|distance_histogram|neighbor_degree_profile|nonedge_common_neighbor_profile,274538,False
4,"2,4,9,12",characteristic_coefficients|distance_histogram|neighbor_degree_profile|induced4_degree_sequence_profile,274598,False
4,"2,4,10,11",characteristic_coefficients|distance_histogram|edge_common_neighbor_profile|nonedge_common_neighbor_profile,269152,False
4,"2,4,10,12",characteristic_coefficients|distance_histogram|edge_common_neighbor_profile|induced4_degree_sequence_profile,273666,False
4,"2,4,11,12",characteristic_coefficients|distance_histogram|nonedge_common_neighbor_profile|induced4_degree_sequence_profile,273462,False
4,"2,5,6,7",characteristic_coefficients|wiener_index|eccentricities|spanning_tree_count,274121,False
4,"2,5,6,8",characteristic_coefficients|wiener_index|eccentricities|local_clustering_multiset,274260,False
4,"2,5,6,9",characteristic_coefficients|wiener_index|eccentricities|neighbor_degree_profile,274220,False
4,"2,5,6,10",characteristic_coefficients|wiener_index|eccentricities|edge_common_neighbor_profile,269760,False
4,"2,5,6,11",characteristic_coefficients|wiener_index|eccentricities|nonedge_common_neighbor_profile,269152,False
4,"2,5,6,12",characteristic_coefficients|wiener_index|eccentricities|induced4_degree_sequence_profile,273240,False
4,"2,5,7,8",characteristic_coefficients|wiener_index|spanning_tree_count|local_clustering_multiset,274526,False
4,"2,5,7,9",characteristic_coefficients|wiener_index|spanning_tree_count|neighbor_degree_profile,274661,False
4,"2,5,7,10",characteristic_coefficients|wiener_index|spanning_tree_count|edge_common_neighbor_profile,274282,False
4,"2,5,7,11",characteristic_coefficients|wiener_index|spanning_tree_count|nonedge_common_neighbor_profile,274249,False
4,"2,5,7,12",characteristic_coefficients|wiener_index|spanning_tree_count|induced4_degree_sequence_profile,274454,False
4,"2,5,8,9",characteristic_coefficients|wiener_index|local_clustering_multiset|neighbor_degree_profile,274666,False
4,"2,5,8,10",characteristic_coefficients|wiener_index|local_clustering_multiset|edge_common_neighbor_profile,274272,False
4,"2,5,8,11",characteristic_coefficients|wiener_index|local_clustering_multiset|nonedge_common_neighbor_profile,274287,False
4,"2,5,8,12",characteristic_coefficients|wiener_index|local_clustering_multiset|induced4_degree_sequence_profile,274259,False
4,"2,5,9,10",characteristic_coefficients|wiener_index|neighbor_degree_profile|edge_common_neighbor_profile,274544,False
4,"2,5,9,11",characteristic_coefficients|wiener_index|neighbor_degree_profile|nonedge_common_neighbor_profile,274538,False
4,"2,5,9,12",characteristic_coefficients|wiener_index|neighbor_degree_profile|induced4_degree_sequence_profile,274598,False
4,"2,5,10,11",characteristic_coefficients|wiener_index|edge_common_neighbor_profile|nonedge_common_neighbor_profile,269148,False
4,"2,5,10,12",characteristic_coefficients|wiener_index|edge_common_neighbor_profile|induced4_degree_sequence_profile,273666,False
4,"2,5,11,12",characteristic_coefficients|wiener_index|nonedge_common_neighbor_profile|induced4_degree_sequence_profile,273462,False
4,"2,6,7,8",characteristic_coefficients|eccentricities|spanning_tree_count|local_clustering_multiset,274558,False
4,"2,6,7,9",characteristic_coefficients|eccentricities|spanning_tree_count|neighbor_degree_profile,274663,False
4,"2,6,7,10",characteristic_coefficients|eccentricities|spanning_tree_count|edge_common_neighbor_profile,274384,False
4,"2,6,7,11",characteristic_coefficients|eccentricities|spanning_tree_count|nonedge_common_neighbor_profile,274353,False
4,"2,6,7,12",characteristic_coefficients|eccentricities|spanning_tree_count|induced4_degree_sequence_profile,274494,False
4,"2,6,8,9",characteristic_coefficients|eccentricities|local_clustering_multiset|neighbor_degree_profile,274666,False
4,"2,6,8,10",characteristic_coefficients|eccentricities|local_clustering_multiset|edge_common_neighbor_profile,274319,False
4,"2,6,8,11",characteristic_coefficients|eccentricities|local_clustering_multiset|nonedge_common_neighbor_profile,274338,False
4,"2,6,8,12",characteristic_coefficients|eccentricities|local_clustering_multiset|induced4_degree_sequence_profile,274305,False
4,"2,6,9,10",characteristic_coefficients|eccentricities|neighbor_degree_profile|edge_common_neighbor_profile,274567,False
4,"2,6,9,11",characteristic_coefficients|eccentricities|neighbor_degree_profile|nonedge_common_neighbor_profile,274560,False
4,"2,6,9,12",characteristic_coefficients|eccentricities|neighbor_degree_profile|induced4_degree_sequence_profile,274607,False
4,"2,6,10,11",characteristic_coefficients|eccentricities|edge_common_neighbor_profile|nonedge_common_neighbor_profile,269934,False
4,"2,6,10,12",characteristic_coefficients|eccentricities|edge_common_neighbor_profile|induced4_degree_sequence_profile,273765,False
4,"2,6,11,12",characteristic_coefficients|eccentricities|nonedge_common_neighbor_profile|induced4_degree_sequence_profile,273577,False
4,"2,7,8,9",characteristic_coefficients|spanning_tree_count|local_clustering_multiset|neighbor_degree_profile,274668,True
4,"2,7,8,10",characteristic_coefficients|spanning_tree_count|local_clustering_multiset|edge_common_neighbor_profile,274490,False
4,"2,7,8,11",characteristic_coefficients|spanning_tree_count|local_clustering_multiset|nonedge_common_neighbor_profile,274490,False
4,"2,7,8,12",characteristic_coefficients|spanning_tree_count|local_clustering_multiset|induced4_degree_sequence_profile,274503,False
4,"2,7,9,10",characteristic_coefficients|spanning_tree_count|neighbor_degree_profile|edge_common_neighbor_profile,274663,False
4,"2,7,9,11",characteristic_coefficients|spanning_tree_count|neighbor_degree_profile|nonedge_common_neighbor_profile,274663,False
4,"2,7,9,12",characteristic_coefficients|spanning_tree_count|neighbor_degree_profile|induced4_degree_sequence_profile,274659,False
4,"2,7,10,11",characteristic_coefficients|spanning_tree_count|edge_common_neighbor_profile|nonedge_common_neighbor_profile,274082,False
4,"2,7,10,12",characteristic_coefficients|spanning_tree_count|edge_common_neighbor_profile|induced4_degree_sequence_profile,274447,False
4,"2,7,11,12",characteristic_coefficients|spanning_tree_count|nonedge_common_neighbor_profile|induced4_degree_sequence_profile,274429,False
4,"2,8,9,10",characteristic_coefficients|local_clustering_multiset|neighbor_degree_profile|edge_common_neighbor_profile,274668,True
4,"2,8,9,11",characteristic_coefficients|local_clustering_multiset|neighbor_degree_profile|nonedge_common_neighbor_profile,274668,True
4,"2,8,9,12",characteristic_coefficients|local_clustering_multiset|neighbor_degree_profile|induced4_degree_sequence_profile,274664,False
4,"2,8,10,11",characteristic_coefficients|local_clustering_multiset|edge_common_neighbor_profile|nonedge_common_neighbor_profile,274250,False
4,"2,8,10,12",characteristic_coefficients|local_clustering_multiset|edge_common_neighbor_profile|induced4_degree_sequence_profile,274123,False
4,"2,8,11,12",characteristic_coefficients|local_clustering_multiset|nonedge_common_neighbor_profile|induced4_degree_sequence_profile,274258,False
4,"2,9,10,11",characteristic_coefficients|neighbor_degree_profile|edge_common_neighbor_profile|nonedge_common_neighbor_profile,274547,False
4,"2,9,10,12",characteristic_coefficients|neighbor_degree_profile|edge_common_neighbor_profile|induced4_degree_sequence_profile,274623,False
4,"2,9,11,12",characteristic_coefficients|neighbor_degree_profile|nonedge_common_neighbor_profile|induced4_degree_sequence_profile,274623,False
4,"2,10,11,12",characteristic_coefficients|edge_common_neighbor_profile|nonedge_common_neighbor_profile|induced4_degree_sequence_profile,273694,False
4,"3,4,5,6",component_count|distance_histogram|wiener_index|eccentricities,2748,False
4,"3,4,5,7",component_count|distance_histogram|wiener_index|spanning_tree_count,126760,False
4,"3,4,5,8",component_count|distance_histogram|wiener_index|local_clustering_multiset,210937,False
4,"3,4,5,9",component_count|distance_histogram|wiener_index|neighbor_degree_profile,208726,False
4,"3,4,5,10",component_count|distance_histogram|wiener_index|edge_common_neighbor_profile,43566,False
4,"3,4,5,11",component_count|distance_histogram|wiener_index|nonedge_common_neighbor_profile,39347,False
4,"3,4,5,12",component_count|distance_histogram|wiener_index|induced4_degree_sequence_profile,221744,False
4,"3,4,6,7",component_count|distance_histogram|eccentricities|spanning_tree_count,142164,False
4,"3,4,6,8",component_count|distance_histogram|eccentricities|local_clustering_multiset,216893,False
4,"3,4,6,9",component_count|distance_histogram|eccentricities|neighbor_degree_profile,211654,False
4,"3,4,6,10",component_count|distance_histogram|eccentricities|edge_common_neighbor_profile,52075,False
4,"3,4,6,11",component_count|distance_histogram|eccentricities|nonedge_common_neighbor_profile,50344,False
4,"3,4,6,12",component_count|distance_histogram|eccentricities|induced4_degree_sequence_profile,226960,False
4,"3,4,7,8",component_count|distance_histogram|spanning_tree_count|local_clustering_multiset,264152,False
4,"3,4,7,9",component_count|distance_histogram|spanning_tree_count|neighbor_degree_profile,272735,False
4,"3,4,7,10",component_count|distance_histogram|spanning_tree_count|edge_common_neighbor_profile,228263,False
4,"3,4,7,11",component_count|distance_histogram|spanning_tree_count|nonedge_common_neighbor_profile,221294,False
4,"3,4,7,12",component_count|distance_histogram|spanning_tree_count|induced4_degree_sequence_profile,267959,False
4,"3,4,8,9",component_count|distance_histogram|local_clustering_multiset|neighbor_degree_profile,269214,False
4,"3,4,8,10",component_count|distance_histogram|local_clustering_multiset|edge_common_neighbor_profile,227075,False
4,"3,4,8,11",component_count|distance_histogram|local_clustering_multiset|nonedge_common_neighbor_profile,234187,False
4,"3,4,8,12",component_count|distance_histogram|local_clustering_multiset|induced4_degree_sequence_profile,256565,False
4,"3,4,9,10",component_count|distance_histogram|neighbor_degree_profile|edge_common_neighbor_profile,267905,False
4,"3,4,9,11",component_count|distance_histogram|neighbor_degree_profile|nonedge_common_neighbor_profile,266686,False
4,"3,4,9,12",component_count|distance_histogram|neighbor_degree_profile|induced4_degree_sequence_profile,270637,False
4,"3,4,10,11",component_count|distance_histogram|edge_common_neighbor_profile|nonedge_common_neighbor_profile,127002,False
4,"3,4,10,12",component_count|distance_histogram|edge_common_neighbor_profile|induced4_degree_sequence_profile,237386,False
4,"3,4,11,12",component_count|distance_histogram|nonedge_common_neighbor_profile|induced4_degree_sequence_profile,232795,False
4,"3,5,6,7",component_count|wiener_index|eccentricities|spanning_tree_count,135754,False
4,"3,5,6,8",component_count|wiener_index|eccentricities|local_clustering_multiset,216883,False
4,"3,5,6,9",component_count|wiener_index|eccentricities|neighbor_degree_profile,211654,False
4,"3,5,6,10",component_count|wiener_index|eccentricities|edge_common_neighbor_profile,51928,False
4,"3,5,6,11",component_count|wiener_index|eccentricities|nonedge_common_neighbor_profile,50344,False
4,"3,5,6,12",component_count|wiener_index|eccentricities|induced4_degree_sequence_profile,226960,False
4,"3,5,7,8",component_count|wiener_index|spanning_tree_count|local_clustering_multiset,264041,False
4,"3,5,7,9",component_count|wiener_index|spanning_tree_count|neighbor_degree_profile,272729,False
4,"3,5,7,10",component_count|wiener_index|spanning_tree_count|edge_common_neighbor_profile,224029,False
4,"3,5,7,11",component_count|wiener_index|spanning_tree_count|nonedge_common_neighbor_profile,221094,False
4,"3,5,7,12",component_count|wiener_index|spanning_tree_count|induced4_degree_sequence_profile,267948,False
4,"3,5,8,9",component_count|wiener_index|local_clustering_multiset|neighbor_degree_profile,269197,False
4,"3,5,8,10",component_count|wiener_index|local_clustering_multiset|edge_common_neighbor_profile,226384,False
4,"3,5,8,11",component_count|wiener_index|local_clustering_multiset|nonedge_common_neighbor_profile,234115,False
4,"3,5,8,12",component_count|wiener_index|local_clustering_multiset|induced4_degree_sequence_profile,256529,False
4,"3,5,9,10",component_count|wiener_index|neighbor_degree_profile|edge_common_neighbor_profile,267874,False
4,"3,5,9,11",component_count|wiener_index|neighbor_degree_profile|nonedge_common_neighbor_profile,266686,False
4,"3,5,9,12",component_count|wiener_index|neighbor_degree_profile|induced4_degree_sequence_profile,270635,False
4,"3,5,10,11",component_count|wiener_index|edge_common_neighbor_profile|nonedge_common_neighbor_profile,126753,False
4,"3,5,10,12",component_count|wiener_index|edge_common_neighbor_profile|induced4_degree_sequence_profile,237307,False
4,"3,5,11,12",component_count|wiener_index|nonedge_common_neighbor_profile|induced4_degree_sequence_profile,232787,False
4,"3,6,7,8",component_count|eccentricities|spanning_tree_count|local_clustering_multiset,265296,False
4,"3,6,7,9",component_count|eccentricities|spanning_tree_count|neighbor_degree_profile,272686,False
4,"3,6,7,10",component_count|eccentricities|spanning_tree_count|edge_common_neighbor_profile,223736,False
4,"3,6,7,11",component_count|eccentricities|spanning_tree_count|nonedge_common_neighbor_profile,228106,False
4,"3,6,7,12",component_count|eccentricities|spanning_tree_count|induced4_degree_sequence_profile,268605,False
4,"3,6,8,9",component_count|eccentricities|local_clustering_multiset|neighbor_degree_profile,269009,False
4,"3,6,8,10",component_count|eccentricities|local_clustering_multiset|edge_common_neighbor_profile,227366,False
4,"3,6,8,11",component_count|eccentricities|local_clustering_multiset|nonedge_common_neighbor_profile,239145,False
4,"3,6,8,12",component_count|eccentricities|local_clustering_multiset|induced4_degree_sequence_profile,258554,False
4,"3,6,9,10",component_count|eccentricities|neighbor_degree_profile|edge_common_neighbor_profile,267794,False
4,"3,6,9,11",component_count|eccentricities|neighbor_degree_profile|nonedge_common_neighbor_profile,267333,False
4,"3,6,9,12",component_count|eccentricities|neighbor_degree_profile|induced4_degree_sequence_profile,270920,False
4,"3,6,10,11",component_count|eccentricities|edge_common_neighbor_profile|nonedge_common_neighbor_profile,139267,False
4,"3,6,10,12",component_count|eccentricities|edge_common_neighbor_profile|induced4_degree_sequence_profile,240954,False
4,"3,6,11,12",component_count|eccentricities|nonedge_common_neighbor_profile|induced4_degree_sequence_profile,237656,False
4,"3,7,8,9",component_count|spanning_tree_count|local_clustering_multiset|neighbor_degree_profile,274287,False
4,"3,7,8,10",component_count|spanning_tree_count|local_clustering_multiset|edge_common_neighbor_profile,257729,False
4,"3,7,8,11",component_count|spanning_tree_count|local_clustering_multiset|nonedge_common_neighbor_profile,259297,False
4,"3,7,8,12",component_count|spanning_tree_count|local_clustering_multiset|induced4_degree_sequence_profile,269666,False
4,"3,7,9,10",component_count|spanning_tree_count|neighbor_degree_profile|edge_common_neighbor_profile,273897,False
4,"3,7,9,11",component_count|spanning_tree_count|neighbor_degree_profile|nonedge_common_neighbor_profile,273993,False
4,"3,7,9,12",component_count|spanning_tree_count|neighbor_degree_profile|induced4_degree_sequence_profile,274340,False
4,"3,7,10,11",component_count|spanning_tree_count|edge_common_neighbor_profile|nonedge_common_neighbor_profile,226028,False
4,"3,7,10,12",component_count|spanning_tree_count|edge_common_neighbor_profile|induced4_degree_sequence_profile,267408,False
4,"3,7,11,12",component_count|spanning_tree_count|nonedge_common_neighbor_profile|induced4_degree_sequence_profile,267850,False
4,"3,8,9,10",component_count|local_clustering_multiset|neighbor_degree_profile|edge_common_neighbor_profile,270131,False
4,"3,8,9,11",component_count|local_clustering_multiset|neighbor_degree_profile|nonedge_common_neighbor_profile,271481,False
4,"3,8,9,12",component_count|local_clustering_multiset|neighbor_degree_profile|induced4_degree_sequence_profile,271960,False
4,"3,8,10,11",component_count|local_clustering_multiset|edge_common_neighbor_profile|nonedge_common_neighbor_profile,233197,False
4,"3,8,10,12",component_count|local_clustering_multiset|edge_common_neighbor_profile|induced4_degree_sequence_profile,253620,False
4,"3,8,11,12",component_count|local_clustering_multiset|nonedge_common_neighbor_profile|induced4_degree_sequence_profile,255457,False
4,"3,9,10,11",component_count|neighbor_degree_profile|edge_common_neighbor_profile|nonedge_common_neighbor_profile,270709,False
4,"3,9,10,12",component_count|neighbor_degree_profile|edge_common_neighbor_profile|induced4_degree_sequence_profile,270770,False
4,"3,9,11,12",component_count|neighbor_degree_profile|nonedge_common_neighbor_profile|induced4_degree_sequence_profile,270912,False
4,"3,10,11,12",component_count|edge_common_neighbor_profile|nonedge_common_neighbor_profile|induced4_degree_sequence_profile,239857,False
4,"4,5,6,7",distance_histogram|wiener_index|eccentricities|spanning_tree_count,142164,False
4,"4,5,6,8",distance_histogram|wiener_index|eccentricities|local_clustering_multiset,216893,False
4,"4,5,6,9",distance_histogram|wiener_index|eccentricities|neighbor_degree_profile,211654,False
4,"4,5,6,10",distance_histogram|wiener_index|eccentricities|edge_common_neighbor_profile,52075,False
4,"4,5,6,11",distance_histogram|wiener_index|eccentricities|nonedge_common_neighbor_profile,50344,False
4,"4,5,6,12",distance_histogram|wiener_index|eccentricities|induced4_degree_sequence_profile,226960,False
4,"4,5,7,8",distance_histogram|wiener_index|spanning_tree_count|local_clustering_multiset,264152,False
4,"4,5,7,9",distance_histogram|wiener_index|spanning_tree_count|neighbor_degree_profile,272735,False
4,"4,5,7,10",distance_histogram|wiener_index|spanning_tree_count|edge_common_neighbor_profile,228227,False
4,"4,5,7,11",distance_histogram|wiener_index|spanning_tree_count|nonedge_common_neighbor_profile,221240,False
4,"4,5,7,12",distance_histogram|wiener_index|spanning_tree_count|induced4_degree_sequence_profile,267959,False
4,"4,5,8,9",distance_histogram|wiener_index|local_clustering_multiset|neighbor_degree_profile,269214,False
4,"4,5,8,10",distance_histogram|wiener_index|local_clustering_multiset|edge_common_neighbor_profile,227075,False
4,"4,5,8,11",distance_histogram|wiener_index|local_clustering_multiset|nonedge_common_neighbor_profile,234187,False
4,"4,5,8,12",distance_histogram|wiener_index|local_clustering_multiset|induced4_degree_sequence_profile,256565,False
4,"4,5,9,10",distance_histogram|wiener_index|neighbor_degree_profile|edge_common_neighbor_profile,267905,False
4,"4,5,9,11",distance_histogram|wiener_index|neighbor_degree_profile|nonedge_common_neighbor_profile,266686,False
4,"4,5,9,12",distance_histogram|wiener_index|neighbor_degree_profile|induced4_degree_sequence_profile,270637,False
4,"4,5,10,11",distance_histogram|wiener_index|edge_common_neighbor_profile|nonedge_common_neighbor_profile,126997,False
4,"4,5,10,12",distance_histogram|wiener_index|edge_common_neighbor_profile|induced4_degree_sequence_profile,237386,False
4,"4,5,11,12",distance_histogram|wiener_index|nonedge_common_neighbor_profile|induced4_degree_sequence_profile,232795,False
4,"4,6,7,8",distance_histogram|eccentricities|spanning_tree_count|local_clustering_multiset,265653,False
4,"4,6,7,9",distance_histogram|eccentricities|spanning_tree_count|neighbor_degree_profile,272867,False
4,"4,6,7,10",distance_histogram|eccentricities|spanning_tree_count|edge_common_neighbor_profile,234973,False
4,"4,6,7,11",distance_histogram|eccentricities|spanning_tree_count|nonedge_common_neighbor_profile,228427,False
4,"4,6,7,12",distance_histogram|eccentricities|spanning_tree_count|induced4_degree_sequence_profile,268751,False
4,"4,6,8,9",distance_histogram|eccentricities|local_clustering_multiset|neighbor_degree_profile,269414,False
4,"4,6,8,10",distance_histogram|eccentricities|local_clustering_multiset|edge_common_neighbor_profile,232630,False
4,"4,6,8,11",distance_histogram|eccentricities|local_clustering_multiset|nonedge_common_neighbor_profile,239302,False
4,"4,6,8,12",distance_histogram|eccentricities|local_clustering_multiset|induced4_degree_sequence_profile,259003,False
4,"4,6,9,10",distance_histogram|eccentricities|neighbor_degree_profile|edge_common_neighbor_profile,268508,False
4,"4,6,9,11",distance_histogram|eccentricities|neighbor_degree_profile|nonedge_common_neighbor_profile,267334,False
4,"4,6,9,12",distance_histogram|eccentricities|neighbor_degree_profile|induced4_degree_sequence_profile,270973,False
4,"4,6,10,11",distance_histogram|eccentricities|edge_common_neighbor_profile|nonedge_common_neighbor_profile,139630,False
4,"4,6,10,12",distance_histogram|eccentricities|edge_common_neighbor_profile|induced4_degree_sequence_profile,242033,False
4,"4,6,11,12",distance_histogram|eccentricities|nonedge_common_neighbor_profile|induced4_degree_sequence_profile,237686,False
4,"4,7,8,9",distance_histogram|spanning_tree_count|local_clustering_multiset|neighbor_degree_profile,274486,False
4,"4,7,8,10",distance_histogram|spanning_tree_count|local_clustering_multiset|edge_common_neighbor_profile,264535,False
4,"4,7,8,11",distance_histogram|spanning_tree_count|local_clustering_multiset|nonedge_common_neighbor_profile,264628,False
4,"4,7,8,12",distance_histogram|spanning_tree_count|local_clustering_multiset|induced4_degree_sequence_profile,271136,False
4,"4,7,9,10",distance_histogram|spanning_tree_count|neighbor_degree_profile|edge_common_neighbor_profile,274224,False
4,"4,7,9,11",distance_histogram|spanning_tree_count|neighbor_degree_profile|nonedge_common_neighbor_profile,274161,False
4,"4,7,9,12",distance_histogram|spanning_tree_count|neighbor_degree_profile|induced4_degree_sequence_profile,274454,False
4,"4,7,10,11",distance_histogram|spanning_tree_count|edge_common_neighbor_profile|nonedge_common_neighbor_profile,235209,False
4,"4,7,10,12",distance_histogram|spanning_tree_count|edge_common_neighbor_profile|induced4_degree_sequence_profile,269509,False
4,"4,7,11,12",distance_histogram|spanning_tree_count|nonedge_common_neighbor_profile|induced4_degree_sequence_profile,269354,False
4,"4,8,9,10",distance_histogram|local_clustering_multiset|neighbor_degree_profile|edge_common_neighbor_profile,272806,False
4,"4,8,9,11",distance_histogram|local_clustering_multiset|neighbor_degree_profile|nonedge_common_neighbor_profile,271649,False
4,"4,8,9,12",distance_histogram|local_clustering_multiset|neighbor_degree_profile|induced4_degree_sequence_profile,272620,False
4,"4,8,10,11",distance_histogram|local_clustering_multiset|edge_common_neighbor_profile|nonedge_common_neighbor_profile,239260,False
4,"4,8,10,12",distance_histogram|local_clustering_multiset|edge_common_neighbor_profile|induced4_degree_sequence_profile,259347,False
4,"4,8,11,12",distance_histogram|local_clustering_multiset|nonedge_common_neighbor_profile|induced4_degree_sequence_profile,257682,False
4,"4,9,10,11",distance_histogram|neighbor_degree_profile|edge_common_neighbor_profile|nonedge_common_neighbor_profile,271022,False
4,"4,9,10,12",distance_histogram|neighbor_degree_profile|edge_common_neighbor_profile|induced4_degree_sequence_profile,271839,False
4,"4,9,11,12",distance_histogram|neighbor_degree_profile|nonedge_common_neighbor_profile|induced4_degree_sequence_profile,271111,False
4,"4,10,11,12",distance_histogram|edge_common_neighbor_profile|nonedge_common_neighbor_profile|induced4_degree_sequence_profile,242832,False
4,"5,6,7,8",wiener_index|eccentricities|spanning_tree_count|local_clustering_multiset,265653,False
4,"5,6,7,9",wiener_index|eccentricities|spanning_tree_count|neighbor_degree_profile,272867,False
4,"5,6,7,10",wiener_index|eccentricities|spanning_tree_count|edge_common_neighbor_profile,234846,False
4,"5,6,7,11",wiener_index|eccentricities|spanning_tree_count|nonedge_common_neighbor_profile,228427,False
4,"5,6,7,12",wiener_index|eccentricities|spanning_tree_count|induced4_degree_sequence_profile,268751,False
4,"5,6,8,9",wiener_index|eccentricities|local_clustering_multiset|neighbor_degree_profile,269414,False
4,"5,6,8,10",wiener_index|eccentricities|local_clustering_multiset|edge_common_neighbor_profile,232623,False
4,"5,6,8,11",wiener_index|eccentricities|local_clustering_multiset|nonedge_common_neighbor_profile,239302,False
4,"5,6,8,12",wiener_index|eccentricities|local_clustering_multiset|induced4_degree_sequence_profile,259003,False
4,"5,6,9,10",wiener_index|eccentricities|neighbor_degree_profile|edge_common_neighbor_profile,268508,False
4,"5,6,9,11",wiener_index|eccentricities|neighbor_degree_profile|nonedge_common_neighbor_profile,267334,False
4,"5,6,9,12",wiener_index|eccentricities|neighbor_degree_profile|induced4_degree_sequence_profile,270973,False
4,"5,6,10,11",wiener_index|eccentricities|edge_common_neighbor_profile|nonedge_common_neighbor_profile,139630,False
4,"5,6,10,12",wiener_index|eccentricities|edge_common_neighbor_profile|induced4_degree_sequence_profile,242033,False
4,"5,6,11,12",wiener_index|eccentricities|nonedge_common_neighbor_profile|induced4_degree_sequence_profile,237686,False
4,"5,7,8,9",wiener_index|spanning_tree_count|local_clustering_multiset|neighbor_degree_profile,274486,False
4,"5,7,8,10",wiener_index|spanning_tree_count|local_clustering_multiset|edge_common_neighbor_profile,264434,False
4,"5,7,8,11",wiener_index|spanning_tree_count|local_clustering_multiset|nonedge_common_neighbor_profile,264560,False
4,"5,7,8,12",wiener_index|spanning_tree_count|local_clustering_multiset|induced4_degree_sequence_profile,271132,False
4,"5,7,9,10",wiener_index|spanning_tree_count|neighbor_degree_profile|edge_common_neighbor_profile,274223,False
4,"5,7,9,11",wiener_index|spanning_tree_count|neighbor_degree_profile|nonedge_common_neighbor_profile,274161,False
4,"5,7,9,12",wiener_index|spanning_tree_count|neighbor_degree_profile|induced4_degree_sequence_profile,274453,False
4,"5,7,10,11",wiener_index|spanning_tree_count|edge_common_neighbor_profile|nonedge_common_neighbor_profile,235009,False
4,"5,7,10,12",wiener_index|spanning_tree_count|edge_common_neighbor_profile|induced4_degree_sequence_profile,269498,False
4,"5,7,11,12",wiener_index|spanning_tree_count|nonedge_common_neighbor_profile|induced4_degree_sequence_profile,269353,False
4,"5,8,9,10",wiener_index|local_clustering_multiset|neighbor_degree_profile|edge_common_neighbor_profile,272790,False
4,"5,8,9,11",wiener_index|local_clustering_multiset|neighbor_degree_profile|nonedge_common_neighbor_profile,271649,False
4,"5,8,9,12",wiener_index|local_clustering_multiset|neighbor_degree_profile|induced4_degree_sequence_profile,272620,False
4,"5,8,10,11",wiener_index|local_clustering_multiset|edge_common_neighbor_profile|nonedge_common_neighbor_profile,239188,False
4,"5,8,10,12",wiener_index|local_clustering_multiset|edge_common_neighbor_profile|induced4_degree_sequence_profile,259311,False
4,"5,8,11,12",wiener_index|local_clustering_multiset|nonedge_common_neighbor_profile|induced4_degree_sequence_profile,257677,False
4,"5,9,10,11",wiener_index|neighbor_degree_profile|edge_common_neighbor_profile|nonedge_common_neighbor_profile,271022,False
4,"5,9,10,12",wiener_index|neighbor_degree_profile|edge_common_neighbor_profile|induced4_degree_sequence_profile,271837,False
4,"5,9,11,12",wiener_index|neighbor_degree_profile|nonedge_common_neighbor_profile|induced4_degree_sequence_profile,271111,False
4,"5,10,11,12",wiener_index|edge_common_neighbor_profile|nonedge_common_neighbor_profile|induced4_degree_sequence_profile,242824,False
4,"6,7,8,9",eccentricities|spanning_tree_count|local_clustering_multiset|neighbor_degree_profile,274506,False
4,"6,7,8,10",eccentricities|spanning_tree_count|local_clustering_multiset|edge_common_neighbor_profile,265720,False
4,"6,7,8,11",eccentricities|spanning_tree_count|local_clustering_multiset|nonedge_common_neighbor_profile,265949,False
4,"6,7,8,12",eccentricities|spanning_tree_count|local_clustering_multiset|induced4_degree_sequence_profile,271657,False
4,"6,7,9,10",eccentricities|spanning_tree_count|neighbor_degree_profile|edge_common_neighbor_profile,274276,False
4,"6,7,9,11",eccentricities|spanning_tree_count|neighbor_degree_profile|nonedge_common_neighbor_profile,274243,False
4,"6,7,9,12",eccentricities|spanning_tree_count|neighbor_degree_profile|induced4_degree_sequence_profile,274493,False
4,"6,7,10,11",eccentricities|spanning_tree_count|edge_common_neighbor_profile|nonedge_common_neighbor_profile,240806,False
4,"6,7,10,12",eccentricities|spanning_tree_count|edge_common_neighbor_profile|induced4_degree_sequence_profile,270192,False
4,"6,7,11,12",eccentricities|spanning_tree_count|nonedge_common_neighbor_profile|induced4_degree_sequence_profile,270100,False
4,"6,8,9,10",eccentricities|local_clustering_multiset|neighbor_degree_profile|edge_common_neighbor_profile,272785,False
4,"6,8,9,11",eccentricities|local_clustering_multiset|neighbor_degree_profile|nonedge_common_neighbor_profile,271833,False
4,"6,8,9,12",eccentricities|local_clustering_multiset|neighbor_degree_profile|induced4_degree_sequence_profile,272774,False
4,"6,8,10,11",eccentricities|local_clustering_multiset|edge_common_neighbor_profile|nonedge_common_neighbor_profile,244179,False
4,"6,8,10,12",eccentricities|local_clustering_multiset|edge_common_neighbor_profile|induced4_degree_sequence_profile,261327,False
4,"6,8,11,12",eccentricities|local_clustering_multiset|nonedge_common_neighbor_profile|induced4_degree_sequence_profile,260019,False
4,"6,9,10,11",eccentricities|neighbor_degree_profile|edge_common_neighbor_profile|nonedge_common_neighbor_profile,271532,False
4,"6,9,10,12",eccentricities|neighbor_degree_profile|edge_common_neighbor_profile|induced4_degree_sequence_profile,272098,False
4,"6,9,11,12",eccentricities|neighbor_degree_profile|nonedge_common_neighbor_profile|induced4_degree_sequence_profile,271439,False
4,"6,10,11,12",eccentricities|edge_common_neighbor_profile|nonedge_common_neighbor_profile|induced4_degree_sequence_profile,247251,False
4,"7,8,9,10",spanning_tree_count|local_clustering_multiset|neighbor_degree_profile|edge_common_neighbor_profile,274403,False
4,"7,8,9,11",spanning_tree_count|local_clustering_multiset|neighbor_degree_profile|nonedge_common_neighbor_profile,274436,False
4,"7,8,9,12",spanning_tree_count|local_clustering_multiset|neighbor_degree_profile|induced4_degree_sequence_profile,274458,False
4,"7,8,10,11",spanning_tree_count|local_clustering_multiset|edge_common_neighbor_profile|nonedge_common_neighbor_profile,259446,False
4,"7,8,10,12",spanning_tree_count|local_clustering_multiset|edge_common_neighbor_profile|induced4_degree_sequence_profile,269822,False
4,"7,8,11,12",spanning_tree_count|local_clustering_multiset|nonedge_common_neighbor_profile|induced4_degree_sequence_profile,269921,False
4,"7,9,10,11",spanning_tree_count|neighbor_degree_profile|edge_common_neighbor_profile|nonedge_common_neighbor_profile,274112,False
4,"7,9,10,12",spanning_tree_count|neighbor_degree_profile|edge_common_neighbor_profile|induced4_degree_sequence_profile,274406,False
4,"7,9,11,12",spanning_tree_count|neighbor_degree_profile|nonedge_common_neighbor_profile|induced4_degree_sequence_profile,274391,False
4,"7,10,11,12",spanning_tree_count|edge_common_neighbor_profile|nonedge_common_neighbor_profile|induced4_degree_sequence_profile,268290,False
4,"8,9,10,11",local_clustering_multiset|neighbor_degree_profile|edge_common_neighbor_profile|nonedge_common_neighbor_profile,272993,False
4,"8,9,10,12",local_clustering_multiset|neighbor_degree_profile|edge_common_neighbor_profile|induced4_degree_sequence_profile,272491,False
4,"8,9,11,12",local_clustering_multiset|neighbor_degree_profile|nonedge_common_neighbor_profile|induced4_degree_sequence_profile,272513,False
4,"8,10,11,12",local_clustering_multiset|edge_common_neighbor_profile|nonedge_common_neighbor_profile|induced4_degree_sequence_profile,258027,False
4,"9,10,11,12",neighbor_degree_profile|edge_common_neighbor_profile|nonedge_common_neighbor_profile|induced4_degree_sequence_profile,271831,False
