catalog_index,graph6,new_component_sha256
201683,I?ABAboj?,34331bdf0497e10b952c7f3a6d104a8e8851b67f13205b8397ccf29cda0bf8a7
492217,I?AE@`wx?,527a99a46ce073791ec646046f5c9e8900370fd777006e1c2b32b95de99ed5b4
776374,I?B@`YoJG,08947793fbbd6976302adc359e45739a4772660efc23939c1746940fc30e308e
776736,I?B@`Yp^?,acf90900b87b8a95a5581f90b267ac8ee488aede1459c6475b80bf7384abbe6d
1043890,I?BD@jgl?,887d3309b205f03a3ac8486712e5ee55f74edd67be8f53c98170007c69aad310
1398562,I?BDf@WQo,5b1bf1193ef7678bb9ff77534a721c2befbe55b51b188a3953bf614d1387e2c0
1744248,I?`@EPsgw,5e3235ca9d4496694b81de7880bc6790fe8dcbc2ffe01923de74e936491c72bf
1744268,I?`@EPsko,1a8f0265cb4237b236939d036f58eedde082f8d9e820818fac79779a74da1450
1744269,I?`@EPskw,73168eb002a26f190c0e73bdaf620df33e1531880a8f81bbf06e8d1a7b0c8236
1745072,I?`@EQa\G,e5457fccd83e10a56cface84156790232e222c5babc7f3797b104ec098d2bc8f
1745073,I?`@EQa\O,e22d5b1d0416d888c8180cb2f8f482930af7e2dcaf3324f3becab6ab25bb57e1
1745262,I?`@EQb\O,5d367bda0cb09537898638a387ca5dba47f383ffb8d641061b1a99f0e0659402
1746674,I?`@EQq\O,675adb14b84faf34d6fe1c13d1e1403ff0681e57e5f2731c0860ac9bfe5d3c20
1746675,I?`@EQq\W,c84a4755bf4e4a412558ee8ebb70b0bac1cf6903305a7d43cddb58da15ff2854
2007412,I?`DBad}?,7539349e8dfcff65ac1e3979b65ae6294fb51053997803f08a349969f9b99891
2015009,I?`DBbohO,3cf539289df2294d155b39ef2c2848a88ea9e5259ea29f9a33a7c14bd1e4f89e
2049438,I?`DD`ohG,afed9038e0f4fd9a4f8415e242337e1f75753117bb9b157355977758e99b92ea
2060416,I?`DDfIPw,ba852b471e6abe2af8a587f06c9d8f2866f8f964e9aacb2b665ea134d1abd77c
2070825,I?`DDrarG,3e9064e6b5df73fdf798c0fbba4b76f4a685911cff718f6615a5be09655d45f8
2071448,I?`DDrgfG,6f5dd48c55cd12a9b7798317855b558447bb46ce6b67ef9dda861a0844726b2c
2143097,I?`DErKhg,61fb52291c32356dd2c8b0285edc9787974e4310db98733001e85b98279a153e
2144207,I?`DErWjO,7ccefafa5f056450460d40c43e012b250b398ebac8f84efaeecdf99b3653abd3
2144849,I?`DErapW,7347e70fc10dbf0b145b922e9cdd30abd287fb9754b5f8cce88ca8ff33e26028
2258210,I?`DUNosW,779f1ca6abf26f53fe8489e1cb2c089d971ad214ca4b3e5908389cf3cdc1b23d
2275318,I?`DU_tR_,f9094756545c938e54b58f4102d6231a712a703eafeec9734cb5948f4e6412a8
2275548,I?`DU_uRO,167b59762bd35c048ed1bc885cb3ca91da5e382c363907dcc26aa155c830b790
2286297,I?`DUbF{o,e5638ab01076903c63b0df6e837558255c8d44d3c50b4744dd8d9a097147ea7c
2351545,I?`DbHZbo,3060e5ed4d9de4731e37c6b202ea3ba39fe77392a8b1b46dd586cdf06d4eeda3
2358161,I?`DbJg[o,010f0f1154b8c63e1fcd239785402340264701233e80211f738ed3ada9b24adc
2358217,I?`DbJgko,b3784a23c1d6fa4a9219b81437d0b37e8a9d03365fcf19ff6ecdda265d8d6e9f
2366707,I?`DbPVbo,869f18b330922c8adbb9943d76774359c1b8a8c5ca8c92473ba99a6bbb284b5c
2408730,I?`DdVd[w,abc8b112043fcfecffc08a9ab17e5e5a35b434b2412acb83710dcfe51bb83995
2417294,I?`DdfiXw,59aa14be480153d5f9e2da296883efe40b20b97b61949e5d1790c4d5deda65cb
2418634,I?`DdprZW,136722e8de9d54d18615f4825c073e1a75dafb7585b3c0e68abd13ed71162648
2427821,I?`DeJbuo,abde3537536a4922c6de00715c36d1c9c9ff48894a12d5105cb9889872d61408
2444490,I?`DeVdJw,80c36aa15ba9d0aec5de690f8ac8f1756ebb76de651d445f430acfcd5a378014
2455742,I?`Df@W`W,9e58d8339515ab9bcb15c8754fbdef6cd53e3901f70954236fa3a64f6df4e10e
2472591,I?`DfElRw,862f18a800b7f0a734afeab1e906da93416aa1859fea661d903d0184c50c0f95
2475231,I?`DfFWpW,3e0d490df0d16c80c168ff827d0e970e7f8b9251686c9e1072b7c7fa612ad275
2483377,I?`DfOz\W,06d4c38e75083af42d3ce4d62a1bad3c5756d91e12b6c976ad254fe6ba998b12
2493726,I?`DfVtNw,62d5d8fe59fd687e3281965e61dbc06fbb3cf63941589b181bfa5df3b32317c4
2500760,I?`Dfe|Zw,733ecad5e8461e556273c5ea7dde35f57edb7f008c29758d23f5f48c87d22e90
2530701,I?`ETHkLo,ab4831572e948a4cce3e28176c9668a78dbd99255eded19abd595721b8d3b870
2530703,I?`ETHkMo,fb920230276fb3e12697df3e183e64f394c21863b60a95d7e86e5332e494373f
2558999,I?`EUNowg,4653f78514d183e1073f16643b45fa4bec6fbfe1c64132bd27d49e57920c7baf
2717372,I?`FFFWpg,da81e6e694c48573f6e2a49bc1e0641019d2077db56ea7a1b624502ef219477c
2759492,I?`FdX{Mo,18f861821f0e07af1ed7029b3739c4c842da7cc9f41385b244dda67ae2a729b5
2759506,I?`FdX{[o,d0482d185d56bb2d12c7c7f5369fc6be45455579dfc0d7087990965ca9bc2e15
2816493,I?`acYoY_,9251892efc47df6cd2c4386dd629026ef10c09d86e5e54e6db6ec26a9f430ed9
2816562,I?`acYom_,c8d142c711a6c855dca6bb2fdabf9c00effe7af39a21e6f878ebdd8c67a053e1
2852535,I?`adHiao,96e2150708c101bd36295cee49f90975c6ba1a1bf55e788b189fcf9b5e0fae1f
2879539,I?`adQeQo,eb523403afd5440661dd1ab1aa8a78b30ec6a193f02febcf53d760dae5534142
2899116,I?`ad`[]_,6355f8f9611eb0e7d3668bcfb3535607d8d5930889b838bce738cd71285583de
2900373,I?`ad`km_,24913f3e5379d373792e377b260c8e9efcebdac0c72e7c85a414e1384817f07e
2900374,I?`ad`kmg,11348360c139975d92a7c6e2b504cfcc5358ae46150a380d063f2367133f5046
2902747,I?`ada[m_,0cce08509ecd3ce0d789e66f58305fe8b1a31d823f0211ef26337b023b72a901
2903621,I?`adak]_,93c8c4cd1c8509e41d75accd4bb5b956f2b178de69766cbecde687863c13ccc4
2903622,I?`adak]g,87b13b84e8cbec5b59a8b341ddc88598713789713ed1ac6401abfb53d5ae8ba1
2913084,I?`adikRg,64cc2532844cadb5472af0515b558ac2383ce0757424ee221120ff74652f164e
2926237,I?`aeGwk_,cebf0aeeb2d12c77f1173f9b418b4cb433ea2ef3ef9d465d3df3694a6ac4a7c6
2926333,I?`aeGw{_,81e96833177e8b0a9c2eaef2f84612f6207bb615700fba16062c61c4a672517d
2960895,I?`afASEW,8e7175af359616f73a74cd50500a34986f0190b01c703c30fd3a393fad056392
2960955,I?`afASUG,eabf1f6b295b42002b8c7ef3db06fce2b94c7994dd19a41be0906ec1ac34fcc5
3006158,I?`akywm_,70a0a575d2d498698c409a79cec36f50373bffc1e2373a2f27df2e94ca4dd924
3023100,I?`alYw{_,547b88f775a3df5d1dccf3058d5432a5f782924bab718510f334c4b8a557a2f3
3023102,I?`alYw{o,9ef206073a3e0d8c43703500ae3e9c20f70a106e3fd98fccfe8b7d3e8bff49d6
3027592,I?`al`[ao,c7e8cc2b065c2a24e364bb0e555540801360b494fd80ec61d3757d9dbbcf144a
3028936,I?`alaNVO,7e3d131ca229325889f6ec029cff9d908e5b1da108eed47941b140899e058423
3034872,I?`aliNVW,fce2552055aca879d449e50c1600d444348763734db0e9c395c67999ea77de46
3036764,I?`aljIEw,52ba1aaad400533dc977f9dd283bec087dfcd4b13059f438c89d299addc01e08
3056810,I?`amiw{_,8522c0c09e5f1c553314a13ee1d49eb17a41af8def573844a9f232c4178a6c3b
3058217,I?`amjaRW,f253101b7f5610385e9dd725ccaeff69102c8ddb45018963ae40577473f13213
3061356,I?`an?xb_,1ff53a80ce83010c682d5c6da854c2d186a2eba1b8c7166b9e078766469564ae
3062557,I?`an@\^O,9ee50b46e948ccd66a6b11a4abbe08acfa3ecfa77462c9d82e0c08b5b4bada27
3074100,I?`anIwm_,9188947e4cd9c156763b43723a18b7d54672c7c76874d89f3def7f996168be58
3074102,I?`anIwmo,fba11fab87d45e98a29d97ca4a249a18a85017e230a91995607223d56764aca6
3074149,I?`anIww_,2f0633ffaff338fbd1bd26ec85bbc3e2ecf2434d427e4562a125c4b93abc293d
3074754,I?`anJLtg,e9df055e43bac5425864c76a286b7d30e8757e1ab3d3d37ce05d49d91eb7b422
3078502,I?`anNUrW,c251b71d24e7f001f7807be4e75770580b168c7be33f8d30ecd53633ffe1cd4b
3107491,I?`bEQkq_,f860a16baa47df917bbb439ba376d70d8ef31601a1f7d867f1f663654f06ec82
3107497,I?`bEQkr_,7a7814f699d788c31c3b0effc8b0ade135e407565cf95c41b61d2aa3b1f516c1
3107505,I?`bEQkt_,e0d253555b86acc532e7f216f5337e976568d6e10521ac2d262fe55e56aeb7be
3113056,I?`bEhktG,f7d9d69288eab1f30a82bc56574b387840473e73b2c0c10c701527b7d7554604
3175659,I?`bMbKdo,0e638cbcb7b0475d802ad9aa4abe753d65a4918444966dca3aeaa7f481c4a07c
3175714,I?`bMbKso,71c152d54d58bc96011be533259cc46233e849991c428a29e04ba8d146d21b20
3175718,I?`bMbKto,5a7cd51bd9354beb30f32620bc1d0b16b7b8f3e7739b38890a0817a5b0eee709
3181943,I?`bMjQFo,024a54f4a2a95d95fa4ecc598a702ba1987bd27e38798a745daced4b71f2103f
3182161,I?`bMjTro,937e92d99d4de138bc088293f48e26ce9f044c91e46e3241d54a30742e6360f2
3185504,I?`bMnMtW,b0b554bb344cde10184761ab6bf022681a32683ea5b7d67703bd3699ea91963a
3238581,I?`beQUJO,aac8934751b35bc3050e9269a5d89c8c3c465681d0c9b8c1f1cdf7b137fe4a29
3256846,I?`be_{YO,5f46adcd1cb69d8fa191eb4253eeaebc0ee2dbaae3302c2b6a3bc77d9dac95ce
3273993,I?`befYZg,5560687161fa208fba52ae89b457e01ed5a6d1fe1b3f45e13d664bb12d6f9774
3283253,I?`belmug,0834ce27eb67dd6f0c44b4159cf4ec7e83ee91e89690624877c9e96649d4f872
3365413,I?`c]_{mO,1e9ba6e8cdb3e64a178eaa6d01357a17a09565eee360e8c05c3b8159b3916148
3368738,I?`c]atv?,85617ca32f07cc3701ce9cb185da7bbce2d9d037493c6c3761d2ecbf690cf1f2
3376097,I?`c]nUNo,d79f49094052409297e096778b818bade5699b40accb62441d0fd7c63c5af5bd
3423847,I?`ciujNg,fd1ae42df7ed286a119d70a474faf243fbba2ec45b9edbbf51c47fcc124abb95
3428197,I?`cixYLo,7f0a8e80c86aadfd848f6b2754f161d122cd10241c11dd4c3b0aaa06c06a14cd
3428206,I?`cixYNo,aadbcf11dbd1ee9bcabc978f5545d5e824407b2823ec84b4cd567f588e487ecd
3428238,I?`cixYZg,794b929cd8667e7e5dbc795e8d550a9eacc0354c42b449b5dc092f2e5b9082cf
3434391,I?`ci{}qw,8a755f285312cbc59732dde44b76faf821e5d5b9e0b4bb36b8062eacd67825ba
3453114,I?`cj`Nio,db848ad073e66323de0b604bbd67f93dc0226d98b9f40ac90e27eecfca16f57f
3461114,I?`cjdNiw,65c6ebd44dd00bdfe72471e0c7c58981290ed6ee600f0bb3bb128af925c440f6
3494332,I?`ckzRRw,26b9c78aa0aa63ca5730f092e0cddb9ac429271920a1145adcc1013c31f16cea
3506116,I?`cmP[Fo,1236e74613e0936e08868a0fd6161d25f32187ad6db81d4ba16b8992b3f228f2
3506121,I?`cmP[Mo,a30f803e299046e101a026d8c4ddc246db840cc602b7951a3153e20fce7b5977
3506126,I?`cmP[No,316e2ed9373c3b387a6651f16b34245b95ab4e0350910940d2bad8462729b182
3506177,I?`cmP[f_,c07b11c2fe2af504aaf53fc6fc4b032e15e3b01610940eb4fd2d69e29c450b68
3507834,I?`cmPpJ_,27fd16cdd3d681c9f2cb3d5a39173a63f9ef8ed0af57fc10e5df3305ce1939c1
3511103,I?`cmQtFo,dbc32cc1545a13f65d0642eb028d81720e1010974aa9760a285229b2d34078e2
3517473,I?`cmVTFw,becb6a94434cbe5b7724ef2bbcec48f3f5136ec2dfef87407b17d9059e5b9ef0
3518138,I?`cmVdTw,22ca983b7d0171bf98efae1870b68f9e82a44d7d8ebc9d3d5c85e35765cc270b
3523853,I?`cmZRXw,72c5700b39e75cb79eb85c6fb54051dae1b0e89160ba6ebab648fa8d5353f71e
3534490,I?`cmalFo,de09a301fe564626e15d7af2d76cb517538f3d30e4e202c39eb935678cf73403
3542778,I?`cmfWRg,4a4bfce154173344f5e0632c181d95824d2f90cadf2e48b857f130f60cd696e3
3556133,I?`cmpl[w,329f18205f576e535288922499d4004e7d084be17537a36adb81c98d14ba8d7f
3563771,I?`cmzrZw,0d9569818aa1a487ea85743ae69db9dafd24ca78af43bf6ddc0dbb9074a5d708
3575687,I?`cnPZ\W,6acecdfe10f476f1b75f18344b0c1d5739dc8837c19f17e73f3a1a72e217e5ee
3579965,I?`cnVtVw,613c27b3d570026aea5c1db34410b26af9d0738eeda19a2e83ae9af0ac5c0a7a
3637352,I?`cum{|_,471f04117cb4f674aae2cfd9038a35e6a1a42bc8f69a6df4d2e62fae92aa4c7b
3680675,I?`c}r[lO,c0da54b95ca7efb70b2f2798184a55c10c1ec8fa4f77de582f9803ceb57fa620
3702654,I?`eHrTbo,c771313e6aeb918bd8aaa1ef61fb92479ae606a414ac52bfb70e5dd0200a7624
3705670,I?`eHtZfg,9be795d6d179a87af2d4a1edfe8f213196b444437eeacfe8db02ad2c672c1a8e
3711555,I?`eH}]Uw,5600ab60d626f3ab5815f4c4ab50ae40bc6f8d4013f5d02f4ce1340f1ecd9cb4
3741533,I?`eJPhfO,57b4761eb8fc4d7214df17421e0437566e50fa551b50a6950a3a0025bc5887f6
3741582,I?`eJPhvO,0c009dcfb49df02e83a4282b44acd79c13b4c4fc7db5519e7166264f8153bd84
3743474,I?`eJQ[{O,a25d3aab6c8d01d948ba3589d1126c787cd9491670aab19428dfabb816bf870f
3743475,I?`eJQ[{W,1c48f3108dd4b76df4a3ca89c7c33ad6b983bc149ac90599662d914b73a8df6c
3760823,I?`eJ_^io,18eceb57014f2fdfdf474c9b789a428a2d07c2388f031525a1e0a4be90859a28
3803727,I?`eLQwTO,802cf8b158ab610472952d30dc0511aab9f9af726c6389fcd13103c9222bb6df
3808487,I?`eLU{tO,3ee34f7a7c7c9b3632056e76b62342e76408400b753211be2d1b328594b0ff52
3861357,I?`eNFgJg,0967c92d071805c65cb632b35ff7a102e57a93231f06648aafaa1372e46fcb87
3875157,I?`eNa{tO,08317fa9c1a08051d7f1546c5056a8bc5bbb27eafa546df834a1bb724d4de304
3929422,I?`eUiuv?,51c8a148891ac9881b63732877c6e75567455cd4eb571f981c54da9f429de587
3938438,I?`eV@M]o,5b1d692f25750418d1c025a141158af31982b88a3e93abe9246b76cbb947766f
4003733,I?`e`w}bo,26e8d19848c0560ec0589f10852e2444b550af8f9d32c6020b3a4a5e9f5d2693
4007033,I?`e`ywrO,e787f77fb30e6b611448837f2c64022123e9cfd6a22ec5b95304d8a510979932
4007058,I?`e`ywvO,a22d6755bbcd753db0d1e9f2cd0e69348aa0634480ef6b53ecbe693b971f6923
4007069,I?`e`ywxG,86b4f1dd4f2aeefe4a7464fad5dae14934e55cc8a09bea900e3247e453999265
4007097,I?`e`yw|G,391d291a3edba98627159a1e07c02d91e50e3bd89e8d2bcf74e76324faccdc23
4010087,I?`e`zoY_,47ae930f940b0de1f97c408b4b88ebcc46d1ae9810bbb625f850a27ac419172c
4010412,I?`e`zqn?,baabce121fb8d7b0f00dff35790f844c499892c99bb78c5daae469c3ada1dd83
4010413,I?`e`zqnG,089bcad8b2e79f209b4b164d0d85c6a51a9b70b5e0a1644d43b43807b1abe81f
4010567,I?`e`zsm_,357fd397f41ccb03676d079bd72e32a541099982f89bdbfb5b24ae132ebf57fa
4010568,I?`e`zsmg,edf3a844762cabcc26afc1ff0e943183f4bf09546246c9b06f5b4a302e52f01f
4022580,I?`eatuyg,13a7b4821b34067f76f4aeeb01fc3b8aef6da917565ece8c96e331747f08629e
4024591,I?`eavSbW,8a4ed3a8fddb2be7dd4d311f275577dc866cc128df2e4e4e2d5a281f1352f2bd
4034181,I?`ea~j|W,6a5b4300658b51692bbd4802687db4b1e3b55b219706ecbda1e9b7e7cde8620e
4035847,I?`ebOubO,e1f6a4974b360a4edc03313bdfc3db1d526aaa123dccd3d0da427bb1c9b0070f
4040557,I?`ebQ[sO,9ffab7c74f02e61d6dcb8d68d9ee7ff2732efefc418537895c238f37c705b6b9
4044678,I?`ebRPN_,ec964869f3a42b0f20963eb6d25849a1d5896721a8bc167cfd1b98aff6fff82d
4044691,I?`ebRPVw,e87c6eeafe0a2442a26408236ee22ae6f2934a8973c7dc99d88da7cd755d1660
4044718,I?`ebRP^w,f67f973d030e2225fe71c6994146e0ca67a5231dfa20b00e1bc056bda2a6d910
4044768,I?`ebRPn?,93c138b779eacd6a35fc7d100ba9eca9bbf1d89c110063398ada3faa23007c3f
4044801,I?`ebRPvW,acbe731adba4b5675689bf50b3e22b1bee8777765d3d7a598b54cdf5cf522949
4044851,I?`ebRP~W,092e3e0e7a4ad95846e15f3e33625e7bed391b9b2a9e39db57d46b8f14382ebf
4046262,I?`ebR`sW,5b8c2424bbc04702d63cfe1370dfa3824e84e4dc298f107150c8a31f30a21f60
4050035,I?`ebTt}_,03b5227ab972572f1e0a2fd1d395b7fa4b51d2321de5daeae4ff07878c05cefc
4050036,I?`ebTt}g,42d445b591d6dddaab0fdee2c7de11ae11f55a3cb0c44ef3de8aef1655cf9caa
4054773,I?`ebVoNG,8a53ccb755c6a69a9f67bc9c72409bad47f5aa63640f4486c2848aa2de557b6a
4054790,I?`ebVoWw,aec082e4f8bffff8a968d3fc0a5cb305e08b7126f073c67ab83737f72e27793d
4054815,I?`ebVo^o,50e0d9ac99b66af0ce13e44413e6c6e52afde7fff24d5b71fe47a277e7e114cf
4054816,I?`ebVo^w,c1cafa113dcfa113e8b20e7842583173e3be55227a93983deaf52aa43d0ae336
4054829,I?`ebVofG,b9b9beaaa540de3cdb762dca63111e2d8099a2417494a509449ca0e7b69722f3
4054907,I?`ebVovo,f486dfcefd79d021660966a8d0e920975cdb53a6c25b932f361b378bff20743c
4054908,I?`ebVovw,0f2d8e194aba685f8e2882e8ae06132ce823f63dd093aabf62020a45852e6584
4069821,I?`ebl]yo,b0aaccf518e8a7c50dac043ed50ddbafc55e315beaeeda2a7906b23ac9e7588d
4078903,I?`ebrWwW,c0d896def10cfc2a30e67acb2e11b69736af3f9a588a81adf432462cb6267274
4091060,I?`ecs{|?,3587ee410e13b20e9125200c378d1ab2287178b8de496ad05f635d3783643ed1
4091062,I?`ecs{|O,7fa32076c29a78ed4e70973ae8fbbba86989abd7b9572e6afcb7604ea9ed891e
4098979,I?`ecw{m_,73f9c718879b680b3caacb63bdb5b89f3e0aea8bb91449604e9d2e8d0e201660
4101472,I?`ecyuv?,4424692b89c3436ca4139d7e135dbddcdc94f81623085e763fb314d4894fe097
4119651,I?`edS{n?,95cd75e4582a829d1bd36a3334d7eaa5c1a52b5ca031f8e558725e484327fc10
4126265,I?`edW{{_,592d75f2955c60180c09818a8af737d53db4dd25cc6a0ba679788d885bd14f5e
4126267,I?`edW{{o,70fcc34858e66555e2c5e32b7c4037df665253dfe30e8f77a29bf1ccb95cb236
4160366,I?`edzUn_,37c32b767af51770a5ddadf7ade8e79dbef81554883da973909fe8249f26a5eb
4172671,I?`eec{j_,4ce43a9d232a6db55586118798b36b7a661393b7edcc722df5a472d810dfc1b5
4172685,I?`eec{n?,245a8c9a8367524363e05d36f19a2ca9f80f4c904e5ef0da934d9c6581d0e870
4172687,I?`eec{n_,40b4dbdbf34661bac6adb4b3dc93e580f54b05a40131112e4f404802ae10145b
4172703,I?`eec{t?,041ae06a1f503d2ddf9cf3bf5a0ced7f24369f14ffc8b25158b700a0f8c26782
4177884,I?`eeg{io,755423f0cd3a209f61b88c4cc0346edc8fcf7cb6ec048cc8e1d47e48ace0f0ae
4177967,I?`eeg{{_,d92b19b7baa8461313cfafd356f9d35b251f47f77e97467381ed2365845f7a10
4178041,I?`eeg}bo,70de81312c10aa49ed5854f72fc89599aaa38274da3e9e1b0d69a5bbe62b9a37
4195779,I?`efBX}O,97057223ec86ec49939539b25793021ca31aa8034042ca63b5fb7ae73a280283
4197798,I?`efC{fO,0a8dcf23a906b9d7cdc1464714aad4415c51234a7b150b10afc9a3e05b953ad8
4197899,I?`efC{|?,5a966e98f6beedd08854552ca6e7f786789e9dae57fd622c38991d5c234b5a80
4203872,I?`efG{eo,daeeb6aaca51acda460a1ab33e397f8c33e41d5173eb0a4d73beca439d22acb9
4203906,I?`efG{m_,5c8f1e4d7972aa81185d599f603d5cc636003e97e4ccc31c9de91a33bb280fb5
4203908,I?`efG{mo,90d0c09b4b3e1621d97ab95843229fe4d4fbfdb5ba1a4ba34c9e9c9b8d1173e0
4221213,I?`efdnvW,07561900a90d6cdfca0eed20769d522814da7e8e4385bc020fff07b121cb5159
4231195,I?`ei~j^g,be5634cb6a4274a16a908585d34df9ee121b5a22ad38c22fe5066a4b10e80258
4235889,I?`ej^\{w,0c9068b03a0b44b84523c2359eb3ce86e586b1bd70192a59f055087586f2d998
4262873,I?`elu{|O,a6ad944b7ba50d38e6c953e2c20ed2ee3eb3cb63eac38c2a59cb116cc8e77887
4264010,I?`ely{{o,64fb4b5060c8a04914df64fab323908d26b84e57974d8fb507f037bb6decc562
4279242,I?`enI{mo,f17f4ebb1c3f6b7f70c125a02a47af55670a3a4370dd7d37b3bbae915603e97f
4282258,I?`enP{Fo,f9689fc1526c1a0418e1354ccb8d7430f8ab933c60e4c4ba9356456504212450
4282269,I?`enP{Vo,7f369edc1a5561f1f5530bb9a4759cc8188b3f3f1a961188b5a243b504350130
4287891,I?`ena{tO,9b60447a6e77126906a40700fd4968d84ae66fe7668f319a2e51932805611611
4318516,I?`fBVcbW,e910e7330a04b571e81fc77596e39b9c27425aa32930a83a5fe97f2b73bdfd06
4359527,I?`fEj[l_,cb74641c3de6ba56dd0324226f2ea4c2c1d439125ff86f9e0276ed79310930ef
4363678,I?`fEpZ^_,4ebf770309eaf358b300ce374fb252cb057d597e32cc48094a88e9c80efdbc4f
4363680,I?`fEpZ^o,db7faa1b6c3a7c27437e3ad868ef8de13846ddca2c4bcc518f863bd6c66ba14f
4396685,I?`fJr[Fo,8c0ee63d90dd0ef1579b8135af7ad50955c1e9971b77a4dd791d9e65ab0d3cfc
4396690,I?`fJr[Vo,d782efacabec40a90f05ff3f607d34abf3e73aca108b12c2fc05009039f3ca8c
4409563,I?`fMr[lO,2740f1415715f04235f5c321911ecca3d0ff09dbbd43963fb49af2ada40381ef
4668261,I?aJEc{N_,e1e65375fb2b436a3d72320534380f632167d92af2272e46e66e3d04d043ef79
4668361,I?aJEc{u_,376addba9416a46e6dfa2727e14b917ad6354cb8a7d64e153058a45407d5bcc9
4671986,I?aJEeyt_,b7ec4fb35515cf9aa5da9db802df30efb31479d6fd41c23eb90bc87cb8f62ee2
4785321,I?b@bVSs_,02833fbfdeb85540e97128e188e5c4119d8c628c49f6614a7ddc9ba3744d3b6d
4786914,I?b@bVguo,f8a78ab6e39e749369b8b5568432290ec16413caeb02488737c18781e56598c8
4786948,I?b@bVg{g,fa60c1595add5baa9de5d932755fcd9b76c4507db3dd74b73386ef34398278ad
4835705,I?b@dVWUo,ea677383524e424d169e05d9936c41146a37016f25db7208bd0aa8d94d305637
4835841,I?b@dVWxO,57de2f120e270c9ffc017c01feae2ae961c8e1b99b114c8f07b5b77a644390e3
4850597,I?b@ddiyO,c22978dd7b43ac34c3d56882542f77cba18a9813c65fc6c33a496a3400611360
4879325,I?b@eVcig,abc6a35fff36e699d1eaf503051315cbe203884b5dcacdf2646bde2e9fa8f345
4915366,I?b@fPUs_,853e3304a16456bd555bc8ecf620c9d7f4a3366ddbed54c92592cbaf901f5cb9
4962178,I?bB@_wYO,3f460705a71e59f277317ba3c79eb21e55ca2c3e0f1e0249ddbfab542f9dd21d
4962183,I?bB@_wZO,b6f36e9edd6720b97f73318a4dad8be8e54657425e13fa204f458a9e6210152d
4962243,I?bB@_wk_,3c3044449b47d324637464ddf9bef5c084d4ea00b57034f09b7ab55ed10e1696
4962250,I?bB@_wl_,e7498ad0e62cb598fbecd9d34bbc13aaca51a0af9b88ea268359763da39f9584
4962362,I?bB@_{dg,be2e24ccfe270544f23eec5bbbdc0eaae6014fc11da61f4af650d912c7bac0ad
4962376,I?bB@_{kg,c85c0128f839c7a31436d3e13751a5f8d1772eaa1da76d237d0e73151fed7fdb
4989207,I?bBBJIMo,dd71c4dffab82175b4aaa4e08c294c0538c941870226724155ca04d533e35943
4989301,I?bBBJIm_,2543d7c26cf97fb591425570411d7879d2ad95b639ae6aa79dc5d67eb78d8abf
5032385,I?bBDPiPo,8bf9b3e93442ea449429cc04c3f5e6ac9997a30e60dbb2bd1a598b8dae0bbd71
5032388,I?bBDPiRo,09a87cf4aa5748de9e167ad420310e929e50db3cff5e39d24988695fb315c5aa
5032394,I?bBDPiVO,9dbba8f737323c7996e2b1987f9ac2da37e54a5af1997fd49d25237889b1fa45
5040068,I?bBDVI\O,442abcd3a462e95c7499db8fcb3d67eed917fd3e7e5d7df6b6212dc5cd984d84
5056405,I?bBDcmkg,2bcf7acc6aee3e11c2d63491a9d26955848d09667c4dfd77a2f6bf1cf4d09296
5057570,I?bBDdMig,7f780a1c31a5088d86e8038820d20e406e79307929545d504f55a04a6b660b06
5063519,I?bBDeyt_,d86b04b6958cb247011784476aa19ed437968059abda19acbe27a7cf9d71337c
5079234,I?bBDqeRo,4cef67cfa6260e29eb1cde64a08f686c4c8fa72b81bf9b779c2f3fe3199bec12
5079245,I?bBDqeV_,c06e85b84be4c85a20c5a579163f882e611167e372658a62397c02471692829a
5079247,I?bBDqeVo,a84d1e92897180d4f0998e84c6dd3b0c5176d96e47ef551920e676a78c5fc50a
5092999,I?bBETsm_,74db80742b0ef799947edd8885166bd7a9b6b3a3f6523e39386521b5d1a8e5a9
5093000,I?bBETsmg,f8743849cca47cfd1b4cc23fa2c429ca12e156264b7e9e450ffd3c5430077034
5114974,I?bBEgyb_,1e5473f3b6ea08cffe10dbb6a5f4964fbe842f7a13645a8ef5826a76b9c553ac
5114984,I?bBEgyf_,c0c538cd5b1492c1c30940e5aa1001bf853e4bb1c1e7cf6fd561310b49eb99ab
5115091,I?bBEgy{_,ca07c4934c9de36f9bd14840eedea086ad9215bdfff8fde2c2aad35c2bb2485b
5169687,I?bBF`ktG,16a233e6a6fe70088fded9b17e563be7dc180c2b32c267777b5c4f6f54cc0fb1
5356670,I?bBdVSeg,436284f34fa930a459ab05d8920fce10a28549ab7b1f797bac3161a77b9dabba
5444561,I?bDNGnuo,55d31fbb23d80dc25f82ff29e7ad2848abea2b22f942f38693818589007e04fe
5444942,I?bDNG}uo,7ba60c84e621700e3397c00e31712cd54434dbb99e508d39e8698f418f73d8b0
5444943,I?bDNG}uw,05f7360864f6d3cdb8db3e20819968783917089ad754af4482b523df78607fca
5447461,I?bDNJYJw,47d2ddaef24290d8a6a497f0eec7bd2f61cd6bd3417fc4745e34b066fd484849
5447466,I?bDNJYNo,ea5d9acc63a66ec8ecd29efccad9304f2263b7e8afaf94e6cad1cbb4c5c080e0
5447467,I?bDNJYNw,5b2a3a37c381261d931c2a22b4364eaab0ceb37cc2abadcf1bfc11b2c01ceee7
5579419,I?bF@rTwo,f86daf98850bc080bf736ae2fb52286d693f78006c65e95c6e7691e289a788bc
5582679,I?bFAgxw_,9a2282f7774b7a3eba108629ccd456b33da12eb61b06ea68ec0d12a5b875de91
5582708,I?bFAgx{_,4b337ceff73ab2fd50e658179cbbc44d76077400c59fd7295b26550fcca4c10a
5590030,I?bFBHieo,1daeaf7d540e111153411a56a399b40372035022935d9c277dbe6fcc3e08af0e
5593476,I?bFBJJ]o,89acf1807600853b33c4c11b3bda60a767e5576a32ebe8bd071ef94e96ae6c30
5593555,I?bFBJJ}_,8ba54100f2945c16597438ecd2a9facdf4792101363a11c10537e509dadf367b
5669236,I?bFFfUmg,fb3a8c453fe7d0df64fc9ec5e588d28fdf6bedbf39675a44ae8d5cc4fd99c184
5677641,I?bFHzgJW,f10ed88e64da789305a4a3c7a02bbb657345c6f40807e6bea7353740cccda15d
5727610,I?bFVHkJg,ac9e40f82e7095ab1a517c883f29ce38cccbf0471eb8245d2008546bbd71b059
5859675,I?bLffitg,19a5d06f2268bab7822400e7cd09b4956475256938eca1e3c01dfe71ad23ab9d
5889396,I?bN@t]^O,2e3a8983e06ff7653549e484523d8f8edacc9b3c9eb0dd6a566d0f9996fa8ec5
5919484,I?bNB_^ho,c1aed18561b9e8ec08beece15184817a2139c61c5e829b76e787fc841e3663bc
5934124,I?bNBpmyO,fd6e24808cb906333d9321f39193f54faa9d869c620ebf1082ffc4041e4fa03e
5984079,I?bNFO}Uo,ea05133c7f9c1d770f7f310f1276499faec30bb9acd07be8e6e83a12ddbcee98
5985164,I?bNFPm^O,27e47ba6638f92027963ca0a4d5b3665f27e0da0e2212afde33dc81d0f44f1e6
6057040,I?bavP]NO,e8a9c9830a82ad3a189a441a7832365001be740f569bb2bc05bb4d11c80c1583
6064296,I?bavauwo,ef3dd659382ffcf463985f135f6e2d5ab8a7758eef410d5028792ef2282f6ec4
6132166,I?be]rkww,2d39d92eb805bcae6134bd2091d33fe989152ac8b41cc06a8877671316d694c0
6162987,I?bebRTko,776d180ca6520e4c3c7f602a3b77e97fd902acf27d78b8681be8c7310f22a47a
6173874,I?bebb[~?,f27886997f892d1b83d2a23b6d63f51fa110199f09eebc14c5f343c7eb67a81b
6193947,I?bedo{rG,6d7a348d3959858d9a9e36e07483b951322dac6173042842060bb3d11c24c721
6193967,I?bedo{vG,63a2d05e98576c3a540ef376157abce5020efcb5df6fdf0564da5efabb788802
6194005,I?bedo{|O,06dc5b3adf763cee5ea40224f5dd39d212a04591253dbe69428b316a93ab19fe
6197561,I?bedy{to,8953225474d890b67f7e0d0c07e5a5ba715c234ed5269fab3562d61d87b2209e
6210235,I?befG}mo,6daf7afb8290520437773494637c132bc5557e2acf6efc5e80310861655a67e0
6219106,I?befRTkw,3af4f968955f51bb88d1d7eb38382a63612239a7ccb55dc13f7ee7f3210b406f
6255080,I?bevN[lg,aac8e105da2ebf3cffb2bfc224cf429b3a5efdae99b4cef523cf1ac8a53396d0
6269977,I?bfAovbo,47fb3a36a3a16a450285f4201977bd69f46245fea37142b39fdb9ddc305e1074
6272265,I?bfAqtwo,6f3257f48b17a2f4257202b4204abe91be8978602094e74afb4f833e3caa0466
6281708,I?bfBXYaw,daed859759c2debfe1bc5e78bf2a8e615fafadde590abb7375ad58d2c611446c
6281888,I?bfBXibo,faa37922cd1af5921966c5161a2f7094b0a9317961dd84896726e6bf92f0346d
6283344,I?bfBZiv_,bea0dfdc5f119457aebcb30118ecd62bd8d283f607182fe78f81422ee08137ff
6362541,I?optYqjG,39d873bbce031d22b3fed080854fc5194ee78b1d0ca70531312f63cf3d6eeef7
6362715,I?optYr~?,da909bec9679ab94be7df644da8add5d538cc53ef07b139d5315104c460b6957
6383552,I?opvA[[O,5f259d0df472cc0df796d9edb9476ec8d1314d7f266b51764dbee193555faff9
6384710,I?opvA{]O,cca051e4ab94bdeba5fc7d7c0a279f682259207824cfffd75c0c3989ae873263
6398263,I?opva{]O,d9ddc092aa5e3659778dba5cbaf54589f499868521141c1d6dfe7c521d513e9b
6413174,I?otQhifW,72abc0cccdf3619b5177cc848dbee5836b9ba387fe2e8841a08a0d00410bb979
6414923,I?otQj[wo,fc74b509b7b5f824f1f04abaf2e14207c273b6809dd20b82531a03a73f2eac0d
6414924,I?otQj[ww,03a0edb8dbdc7de72ee58bff18ae1cb85ecb34ee099bc65dca979cbbd5d4a9ae
6415530,I?otQjkso,66b814b58b09604f3de78c797ca940e5a70c230010e1db6c8fd3a758b50d8c2c
6415531,I?otQjksw,020581dcfaf82e4de8f32465bdc0caed37824d65221606e45f2e7998aa3ae8a2
6416390,I?otQljfW,9590213c74fcfd78f67630f75cca1a514e171fd4d03be2ca4d054e2fa8c6c630
6416498,I?otQlkcw,373289b3118b585b35b8e384da7df8a107d1245a58fcc3cc0f763205690d9f95
6417213,I?otQmZZW,ac0e8b41decb64944dc9154cffebfaff6adf36757ec46904ef9da35d47c84661
6417214,I?otQmZZg,b2b89e3dfc943098ba71e86b502db43417058b0b6344d8a7f286a42009d9ffe2
6417316,I?otQm[Ww,8cae1712af48dba2375864d53a33cdfdf41c88de21e20b16a3bd312d667f77d0
6417426,I?otQm]Yw,3dae8f0e533655ad8c65b35dd771053afb08cb22e39fc6e9a414bf8dd62d68f9
6419438,I?otQng|?,025ed3dc6720d32d60f9ed6894070e8cb883692e9e506829a29251cfcd47fe50
6419453,I?otQng~?,87955c4f277ce36bbb542f503a5576546ab140a768cfb0c11380100af74dad39
6423032,I?otQxefG,8f016fb2ebfe09612bc7741fc1e9a52b69044d607013d071f6ed05c170bb1cdb
6423034,I?otQxefW,828a9cf78feed91cfe029c77c4675515fb37e4d20dcfe24a7eb99e691400b0d6
6423154,I?otQxmfw,37e2d963e8c727dcd5b0018d9110adfe57332475cbacd88e0cd6e125f9cad633
6423821,I?otQyUZG,51b61b972af0fedae2b10ad4fd9a65a80f1549991d5913018e8053d565d95bce
6423822,I?otQyUZW,96f53a7293380b9735a674bfe5f4a0dc8b1a5e2b68d25a8b2433fe12b3521d35
6424035,I?otQy]Zw,2b5cf78cafa365035feaff376e4212aa48b5709e0a311db4934645875bf8e808
6425933,I?otQzef_,4a8e4986dbbb48bb911d05addb8e12ae5604ee6635906dced000c67a8fd97a37
6426450,I?otQzo|?,aa68c96fc10ae811b7b56359333d03aa3282471c3e2c8bc28dd98c360b52e911
6427130,I?otQ|mfw,299815a7bd450d9b77b047399dffe3a52e1a1e3817f5b84f354603101844f039
6427483,I?otQ}]Zw,b258b532307a2ba6a1726f1914318c5f72cad921566e92feb2d0c3b191b73b3c
6434017,I?otRT]fw,a66286f0f35ff23e7e8195660e6bf31a761dae934c403d2bd6bb53ecdf607055
6441921,I?otRa[[O,e726998d58b5e34d0762c8ed449ffccc37d8358223b957bc8ca928f725bada04
6442061,I?otRa[{O,35a3473b12b235f082fbbad70cb610847145f6d0b8bcdbbbd321156df7153730
6443930,I?otRa{]O,a871850c7dd6b212306e2f9509fb4a802bc2cc0544c92a841a26251e2c5cb85c
6444159,I?otRbDF_,4b7e32c424538f0d1210f0eabca5181b24e70463c76055e18d6d7b20a711c9ad
6444350,I?otRbFFo,392e524f94743bccc87835f4d4e9cfba6749cd35a978bcb2f6c5351889f818aa
6483172,I?otTjURo,35fce427517d3829869fb75464bd7a8b7cfd07013df07fa95db1cb23439af786
6495849,I?otU_tR_,3cd0a71d052aab80f3d182fab168a0f02b8aed7bf1630e26045b81684002437b
6496264,I?otU_vRo,d7d5da73cdd02c4d6d5d96dc1da5aaaeed7b04410060f74f4487eb609e472450
6515387,I?otUnk~?,9b08824ffd4c704d15b75ac274c3056b11e4f2119031d9e83dd55010321818aa
6517107,I?otUpsk_,d0a858d718bcdb04adb81400c944cc26f6352b42539d53a03f3bf166ea5578e8
6517148,I?otUpss_,34c9e4a0e4693510484cf15d67d5f0fb06aeb54d45f201a9b3925f8108fdcc27
6517199,I?otUps{_,133f5622834970e6566734c4e417b6a6760d8d6d7a3d44f914b56091f3cb56af
6518181,I?otUq]xo,b3d5b3ff3068eec40e4319ff039850677925d7a3cbeef25510f664d7b34f39c7
6561632,I?otr^kFw,40ceb9d9400dad1e846e5b52dc9b3def195775594bb920d7a926aab6de56ba09
6586935,I?ouT`dF_,370ab89630f83d250bea295a8af4252709096f95c266a28d91563623ddc3a950
6587313,I?ouT`lFo,18d1aba3bc6b45ee763915d64bc150d22eb23968b6c4ba252e0922c3f5a22704
6635583,I?ov@y]Ro,45b5cddc4c981b7a8aeeb8b5a9994188c51111abe6a73e6e74e551f5fc9be2b9
6641126,I?ovC\]^O,59a222a64ef8dba40ccdf737dcb04ac6953da2fd2b369018419bf4a2a870560a
6654910,I?ovCts}?,54016d13ae515e122a0a9aa0b38b0c174faf1317b90864097da3e1f15f540796
6660696,I?ovCx]io,5499c9a30d9252df5e37f5acfef3c11463f9532b7076cb55f03fdefca99fb9f2
6671128,I?ovDNW|?,ec88fb2325f74b7c1eaaef0347721774fc68371d9477dd22ade10b3053b8df24
6674819,I?ovDU\v_,4d4ecfe7f9ea02ff94be688f2702e6f867f2e18bd1300b98cfb24846fd7ed87f
6678947,I?ovDXm|_,c291516951fec9e0bc3f48f8d1f81f60b2a6ec35650bdb302bf4fefe83272b2d
6679788,I?ovDYmzO,61ebc7448555b35dacb195e0c8233c181111a40fe6cd25f384c8956c98378eb2
6686321,I?ovDd[]?,670f5a08dc3b9dcc8bfe31ddd927f1489908a9eb492cc6d78e2b2e32842bf35f
6686405,I?ovDd[}?,41d4709bf69df6365e8ed7880191d7987aa31c797cee988a99d90bfde6e93497
6690681,I?ovDh[w_,5fe56888503f548c67b6c11808e55733e5234b8708f17461343339ca58418d56
6690707,I?ovDh[{_,590f915c10ab3bf1ff07e5286848ae77b024f630e3e58a5b5d007b0ea46eb10d
6692248,I?ovDi]Ro,e7c0cb9b0ab11797ac8b7415a27648f6cc70b741e88c9711a04ed40dd50d2042
6698108,I?ovDp[\_,1bba168b2dc2b8916a2d6ae1b0a48354d7fed3f90cde8036e6766916f9de4116
6698220,I?ovDp[x_,757a946690c1227454008b5b3a2d32ab249ca98661d61e6b2ee7587183d83bef
6728262,I?ovEj[x_,89dcfe53123c5013896de6b416158de4b0d44273791515e1f10fc365b886f2f5
6740515,I?ovFE[|?,ac8438f5a45c678fe32795e5d7c8600a834431a848f58acfc722e2085c801841
6743863,I?ovFIwrG,5e427453f8d0ed38903a9c555e28ddc03a0286d9e9de027bc8e41327195677bc
6788942,I?ovdq{]_,1867c2f0a78e17e9fc72a3a7bcd4c423421e04577f92fd1e013baaccaba819cf
6793423,I?ovfQ{]_,35e7c84cc96386ac90c7628ad7e9a560a043a2a7fb99cea84830711a23c50a5a
6819787,I?o~DbUxO,dfe500fc45184976ccbfdc89cf33e7f26d082ee8425d56219dfa5c699406d495
6838690,I?o~Ejemo,9f024b6b0ec5a3482130f8f1d004600e90405c2ebb6818ff137da8d430e7000b
6843426,I?o~FBetO,f8fcfb85a2d62fba8f6abbb8c4889c307d702dc1183221914a8dfe877c6ae4a8
6846150,I?o~FIVRw,92c19906c914b14d1ebce2a2e077cd45f18b3632a167ef5aa809256a3d303c34
6851126,I?o~FbUxO,b31008c0e8ee493d1b624985f78398988c11c7a2c7b64c748b1bd586e1537414
6872366,I?q`qiw\?,8655327fedab5dc221f05d5e891fa71269739a9d73a3079a85165cade2156c4b
6873854,I?q`qxef_,763931fc24caf660f618a7f97bb1d581a2536de47b11f3f003df8561db2de443
6873855,I?q`qxefg,cf25d9636393605152ee7c0712032f8b9f5eecbb7447b9cb6b4ece73eb364f53
6874663,I?q`qyUZ_,8c890814b51e387270b2aef936872ab33b5080b02bea994211870f78ce5b62cf
6874664,I?q`qyUZg,dd95834b7eb057c2bd19255bb1b171393fa26b1f5c53b838a8a66492e6623953
6894352,I?q`trYxo,2dc1c8992b77b621e35fe4484ab91907b2ac6bfa414ebcf44a8ec534226d642d
6894353,I?q`trYxw,599ebc1f79ffc4e8f240e4c4a2538e7dbedaa9bd97cd71dd90b368d8c1e0b795
6894748,I?q`trd}_,7802dc077d9927ff672e215d0bc4dc7d7cbaa8d67946ff607ead2ff328ca9932
6894749,I?q`trd}g,182c54e2f3dc756fa2d49e2a57eb64dc9c351e3d6d008dd65ff0211d4bbececc
6913551,I?q`urEmG,d50c32c5da89f558ec87c7db76229524b245cee9d48c83736b2e4205585ae7d4
6922920,I?q`vBhZo,cdcca722b3a65915dc0460f9f50bf46973e0e1ab06c3df331313481bb40df842
6932056,I?q`vbhZo,95c2084d7d0643db3f5af0efcce44de678c5007a21634d37271284fd106becc1
6948478,I?qa`heeo,73173db708fe53fe2df9aa7997de0ef0607c59c5828baa0bd12a69198f75fd3c
6948479,I?qa`heew,4fc3a77359a5d9963a63b77e75ba33cab5f8b77c4873e1b9e4a28b83891deb3f
6948483,I?qa`hefg,77a0373ceafe115afd0cfa6d2a795da4c3d4753e0c485eb46fdcce11198c21e1
6948667,I?qa`hidg,b332e757976d276f4979e1c6f5136c8bf04f7a91a6d1e4e78993fc6932b13aaf
6948673,I?qa`hif_,6e434c02dd8f4b8557262cd99f35aef0f22e150f2e3f3275391075f23872a4be
6948674,I?qa`hifg,5fc583d9ea42cb65de61cbf9aecc7693a295eaf1a62281984e474d2c046f2159
6950746,I?qa`iUYo,0237f236a1ea31ecb7fd86f8e2bbc264a7af62c8cdf794cdae3b4cf3d8e05f83
6950747,I?qa`iUYw,381025a1410dc07623ee85de54a08bb6ea2bdeb40c45f1fe930a86c3594ebd9d
6950750,I?qa`iUZg,37aa4648b8e9d74f548ee90d16ddaa4f4fa715b84d07b656af58f0159441e078
6950934,I?qa`iYXg,bf283c095620bbf9a2f6818ac9ac6cdab6ec4040764c08b0037bfefb69b1ae4d
6950939,I?qa`iYZ_,726c7bc03b0eabb4faf628eafd376e59f266d678cd00d7b0cafcf905735722f4
6950940,I?qa`iYZg,35eb4d83ffb04c69f496b425085405c5455296204fb634c44cfe06b56e239433
6957451,I?qa`leeg,2dc247c83663efc5693c7f23cf287296641024056535b8a9baed80f83e03f0b2
6957454,I?qa`lefG,1c0a8bdb849e0a345a14e285c52cd999a8bd76fe1dbaf12ec66cc50089d58c85
6958335,I?qa`m[YW,c6b7575a341cd78862c895b88ca369caff4c31ae3d9f80b7b55978a570707ca8
6958336,I?qa`m[Yg,bca9c6a589c121f4c858101aa33243f96a96c7bd60b5aeb24a7220559ba4eaa4
6958340,I?qa`m[Zg,1ca10d3cb5fca5683fdb66e7caa62b5fb34388c97a7870bc3d97f1729726f519
6961540,I?qa`ngk_,c12d07fc400fe1cb53613b183b6d5a74cca7f2e5cfd79d8e9786e154da70a88b
6961630,I?qa`ng{_,b39d620994879f3e1e273702f949e2aa2df0c1aaea72da3a2408730180800304
6964118,I?qa`pmew,4c16f20edd9fcaef8479c6596bff65b13183c3a0607678f42ddc67d89b30f295
6964119,I?qa`pmfW,611843429d0d070e1009020080baeb030d5c342665ae5f9160b4c24f49dbac35
6969857,I?qa`xffW,7555408f3f80f50d146804204e05bf8147d3af8e12f2a9b40f4e435970997be6
6969958,I?qa`xjfg,c09182eb0f92df6667b6270352595ef00a80dd3496c698f12fa1ff75d97e9de2
6971409,I?qa`yUYW,ea53387070a8f09e3a4adb9f2118b1271d14accca2acbeb6d9557acae61f16c9
6971410,I?qa`yUYg,e9208be41e4ef9727ef5644a5d38d203054d2d0397f09c8bab12754c5a82a76f
6971411,I?qa`yUYo,8c3f019f897be2e1d03e9a460b5c0d03aeef541d9639b26a753fc40dcd74fdda
6971412,I?qa`yUYw,c42ec5dfa1689672d42523663b2a82effe73632e3d8beee7a095112ba6511c92
6971415,I?qa`yUZg,fe59bf038202948acfc2db8693db95caf9f8ce7b2837f15d2a0d19ddca094622
6971593,I?qa`yVZW,1a465da15bb72915980a9535eaf54ee340053d1b2875af17a0a2a94d13c84a65
6971698,I?qa`yZZg,4f68595e5064fc6682c1ed51b5131713d9f8e5836f2307c6e0877aadb0dea2da
6974492,I?qa`zQV?,054bc2612f1c1fbd5890e687741bedf784e70a0782100be90fc7d170c695df3e
6974611,I?qa`zQt?,9e022ce3bac8dd234dbd999ddfe3960367e645afeaf243fc857ee735421796b7
6981740,I?qaax{t_,18c60c7aee800e59ad9e6537607c4655b14733625822edc91c01abbdb1148adc
6987237,I?qabK{eW,9a287b38d6d38d9057c748f7651cbbb8a45028e8ad52a59a8016d5941b086fd5
6987239,I?qabK{eg,2b8d05815680346d86bc78303ce7b35526a97c41876a109a5a541c5bf8633968
6987240,I?qabK{ew,d2cce689618e99159944392a6f0146897262faa4d8b8726fa8c5cbf6daeab4f4
6987244,I?qabK{fo,39d2ae67a4077b950bdde7bf0b1cd934ee4a65447bbc2dfe010305e6a09d5402
6989477,I?qabM[MW,b46b34d1164976f0ae59436fd7ea09f6bd6c9a8f2e5eaa219ac02c9bc965ca6f
6989479,I?qabM[NW,e9cb5c5832db55ba0923287bef2e91b76341846db5bccd5e35b67159abbc0a19
6994114,I?qabWueW,d54243f32f2d16c8e27dfbbf418ac62fc88bef7569379f17ff3da869866f9f2c
6994117,I?qabWueo,319e25d115b01e8427ce53ca29989d702cb7dd03dd42cdc0a70d7072f50dd99c
6994122,I?qabWufo,58b951e225326519ab37f321bbca01454211f88135a20288c50bd642f8d62f5e
6994328,I?qabWydo,7d363b982f29c56ef2e1c79a63ed49d0f7acbff63276e08d4f0c644a7e0882e7
6994331,I?qabWyfW,3660dff26c8547881b64506454dbacc2842c232fb4ec52c73224cfa8e84d9df3
6994332,I?qabWyf_,3b47c71ebb1f373c99184a12b8324bc4d6ab8038ac9f43c8e7a3e8d4c78e976e
6994334,I?qabWyfo,3925d48067b006ac33070510f7cdb399165a8dce4f8435cd3bb2b4b12b73f0d0
6994488,I?qabW}fo,676778be02507c286a051c6e19cbc1edc47fb51a061bbea1e6be581b4dad797b
6995240,I?qabXihw,8f915c732e540e0e3ec4073bb380afbb0ec27d9e034f9a8f8d061170c98762e6
6996385,I?qabYUMW,4ca508c3bbdb617136c50a4aaaab87ec09b24679311d9c0c9d27637274c9a1da
6996388,I?qabYUNW,9e5280546d5e360c061669a427b534424248cb76459bb062e3539d02e9cb5928
7023578,I?qachq}?,81361d23c2f6726afee837ee049d9615eb588d395244a30c4173dcbea3e02d13
7024143,I?qachw{_,c0fdfe6738cfa1629743258b00ecc6e751618070b1b6553fa053a7a6f9173565
7029731,I?qacwyZW,76a66cc915a157c3ea94283d4e9ccf4e41b5da48da6474b115bb8e811ece3619
7029732,I?qacwyZ_,c4fb8eb4517f628c1fb6cdb90972c22d1c0c3e8956d9e7ad5fd7a55e0e92ddad
7029734,I?qacwyZo,497e1d12e2234442581dd2f86b6a87ff863cc3736411d05228c0e6aa7290f8bb
7029914,I?qacw}Zo,43a00659774591eb479ab6adec49fcc9a7e9c8cd7a5bb7bfe1469e9f9b73561b
7032669,I?qacyyTw,285f83ac6f45a12933593b2406c5938529d7fec3de2792065c28669b69d53e6f
7043513,I?qadNsYw,3fb24d5f3b9f2810aac10484fbb961a22279cc264f13d87f857a22f67f91a707
7071493,I?qadhik_,a0dd147e55b3bf96a0ce0f8b367bc7f4818b5a9f0fd017927297917c8c550b93
7071533,I?qadhis_,cee98abab45513522a3865eedad5ce252a9cd95986ba6688fe3f196bac69ab4a
7071586,I?qadhi{_,e3690f5fb9342d887f7d22868070fb2379d42a3c84f77a07484e62f6697ad99f
7075929,I?qadiwso,48be9287a1954fc462797efd5953e7d59ec9fcafec4f771fe510ad50d251aa91
7086526,I?qadpei_,fce8871c6bc736e2f985afe13805fb839e6be23384884735e980828a847c2949
7086599,I?qadpew_,3a42d726800e4a78786dd7e12f9a3150f828b4006a8bc91ba6663506078e7b54
7094156,I?qadroow,cb35ba263d6d598715958449c6a4b5ecaed50f33061c1710eb0860cbe1450b27
7115513,I?qafIeYw,127dee3e07284d8daff46de19650fc60b353fad19b64e012998283bf1eac955e
7137572,I?qax~[Zg,2632651a5435d0156d3db0f6855b2be9ce2cd13ec234b50e199c5fbbe74b1e8d
7143595,I?qazo|lo,e68afc2f93a5d5d520e23e9aa4c648b68c7c96913db2919b956b34830d309f55
7145057,I?qazquNO,8e6d3b095f0d453e3dd0a844c293029124073adb802a1ac8a374b48905f6eec6
7147446,I?qazv[Zg,eb13eb813d139f02c81e5fcc62f017626690b3b1fe3f0d0d2ceffbff95f16c7e
7152316,I?qa|o|\o,55cb58d0170e8f4bf42deaa6e3ca47f6a42b73d38bdac1f75be896a7777bac3e
7152842,I?qa|puNO,45bf795f5943e52a6056bca9651ce636d25555a4650d1208cdd8b358a9b2e212
7161257,I?qa}pn^o,97d617ef09103609b1b3f2b696fc4b7268fd3dd43939a6e6b7bbee57b0fbdd3a
7173464,I?qa~b[\O,822a356cfc067fcc62e63bdc4703a5c48ec72b17a768a994cf3b3caae13ddb84
7194870,I?qbErS{_,fd40e2e329d77b3a38b59ba35c258f419bc243d4d06486352548d5b8b21bac74
7241770,I?qbZ^[jg,7cb0221583af5aa8c7d814c6f47f743ddba4e0807720910594807bde28665407
7242055,I?qbZp^vo,9a06317ba74922bebf14f635a1a0cac9ba31fc0961986a1a58e377cb5658c4ab
7245340,I?qb\p{{o,977419c9b359c06f5ac042bee10634d832586786af5a6775e423562e27e8fdec
7248201,I?qb]ZoyG,5d8415f36849bb028f24b40a19215e10d62abe66bd337e7ddd3e1530af7b370f
7249181,I?qb]qn^o,599c1ce6e5c44aa1a91bea3e05ce7fda0e86f756e1dc9d913dc8453e7a3b8e7e
7257036,I?qbaymFo,a2a2a9ba52d29b53206a0edff6c0b8235f731c2ef3299fcd992a4fbbba79fa69
7263255,I?qbbT{hw,771e0c3315cfca4f7b5947cc337a866d26556d95e68b23c9daec0da0c2213036
7270808,I?qbbdwx_,9306dd2e26812d433457152b4d5830087383e1f9f743776c190d8809ffaf66a9
7271055,I?qbbe[]?,5fa4cac8e27c07bd1e1d2d1c686690b58bc4fc16cf85e5963c01083f7560aad6
7271131,I?qbbe[}?,8aec45dfb85d4e666aa068c3408e8157ce4f76f5ef5e7fd2619797f56a8e2d9f
7277019,I?qbbrSd_,74880356447c7440717ea7e871138fdc94cc549e74a6fcb15066e038d8dae50e
7281729,I?qbcx[]_,00676229ddfdc5cf1c72c6390913b8bf1737fa58addf4dc3fd4933cc8fc21cb2
7281850,I?qbcx[{_,0aa1f6894d0fe02fb4e2d15d5d4d444eda840166756578381656a8a2d0599ff8
7281865,I?qbcx[}_,5836a017c5d29c3692de4046afa18b30c8428e5974a2b1e8b07f0efafe8578b9
7282417,I?qbcxwk_,d73dd4e6789f3cfd9df8cc36d686f15c2a8f98f63544042b82415e16c6ef3a3d
7282509,I?qbcxw{_,a47df7542df7fbe0e949e8d97ee71a45622b81021a8d67853d8d3a9d940f5ae8
7286642,I?qbdp[k_,dbeb2618068b6cbef2a1dd1de5fe6b844301bbbb5888a88c3bfd51ee04794445
7306283,I?qberqx_,255af9bb1dfdb85c75001587ded3003a7b6e70204934a76ad89cbb01746ce095
7314306,I?qbfRs[o,d79903e38d8c3dfda39e0defb95f0170ea8f9ff6bab655ebd786f4d75dbdcbc8
7317368,I?qbf`wpW,b1ecf191bd7e17f3be43925952e2b2393490c28a408de2f32a906d27b30442e5
7323582,I?qbr^[jW,6b4d38d7ebd2a65c892afdec8d82af9768c0b6b6e6b51b04e4c595d7a221cd27
7329508,I?qbrv]lw,75cd007589b889277439209d323101f7204eeeded844ded4570ad1f084ad46d9
7331275,I?qbtXnvo,2b30922d10a7d661ce8ae5449f58072ace9ca02919ae55dc6e6ca1acbc15cec3
7344582,I?qbvPm^O,c96f06e569c3d13945528e6f0d756d147a0c1c00735cb24f55dd2a6593b88a27
7344634,I?qbvPm{W,0b86e01908051c85f96a320ec02bc04b4b5aeaa4472943b8fed311008b6dc324
7354436,I?qcz\{VW,8a5f6bc7377441faa50194d2ed80deb9793668191c1752054fcf17acdaf20db8
7377783,I?qdRZswo,214550501e7421892d703803845574c64f38c0f49015eaca50041d630f1fc034
7378208,I?qdR_^jO,0714db576b821f4b610c73b26d254cb934a9678f60edaac4716cb83d90c71653
7386194,I?qdRbq|_,91c8cbdf100e6dd748fd03a515cacf6edc9bab29174a5ca46bfdaa08c54c28a0
7393507,I?qdTheRW,7e3b828578ecf0eb6d61d93202cb43581cb95677b890b1ef5a4ef52828d378ec
7393609,I?qdThero,641c0914ec6fc6d0c40ffcc44aaacd3312f5cf94baad1ee82dbe7fae564c79f4
7408069,I?qdVHsow,c0bae4b0be641b0431dfa40e1d3ed506909526b4c743d2199b6136f3bdb5af1b
7429869,I?qdrl{}O,9ec34cabad3318efc405600a62396990f791f97ad59584782483e3dd958815a8
7431770,I?qdrx{{o,c519393bc55b06503cd500ce04501b3685e0d27504ee67cd0eb3a54dc6e9e86e
7479271,I?qe\\{Zg,927b9c54652bd2e7ec9184144f6ec33adc0ba9478bcef8715df4d79c7c90b37e
7490236,I?qer\{VW,e426efed8ab69a015e1fd609b0d3f1dd14896c67f2dc4ca3630960a9a3af2913
7491839,I?qeri{\o,19fb35a8e67ac954ba22961846a629698cb1f6baf4ee506527853f51df033a22
7491841,I?qeri{]o,63c41071891462a0aaf06251c75bf568093863d71dc597020637e1d52e62559c
7493484,I?qerlzno,61993852cdbfbd80df37fcf82d1b02a5d54dff58ed0be9eda725f99c307b418b
7538364,I?qfBriZo,57415a7d3889240cdf0e0fad0ce2a85398ce8ded1a227437c760227cfe6b26d7
7546461,I?qfETwZg,15fa2bb319232582251ce14232ec9fbd81358642c9ce564caf3e37463230b62f
7578573,I?qfbX{m_,c01042a63a054d0b9b3c576ee1ec7e7336ef0d414f1e2decd213d518b375e915
7580874,I?qfbq{]_,fb233df217f8230d4e842f7221c6e7bac22e2e0eea13f89755d19db4176469a5
7606317,I?qjbay]O,968aa0cb871c3fbe6702348a8c198b4f34ba85d1b32f7bc923429943952474cd
7609383,I?qjbo|Zo,7b40cc02933aff11a9648ff37513e134f10bd88312d70386f383d50b10b26fcb
7612426,I?qjbrq|?,5e8d77981e2d1051d9618d2d7d24144307545c6d93276f9ea51f39f8232a3b85
7620833,I?qje]{Xw,3c8e05a0a842b66c2df82b78922574167a9baac07191b16dfa0efaccae3f6128
7625263,I?qjf?^io,7a2db995017bd14525c2a7e21520e97f6cbca6b4a10d1820802334039b56cac2
7630906,I?qjf`ymO,d2e27bd9fc446911e970dd70771cfd4c85df1a26b893fa1947a8b883dd1830cc
7631267,I?qjfay]O,38932d46be632634fed26b1b1e754eb1594e951e7ba55aaa84283a87f2f17ae8
7636680,I?qjrn]lw,5ee168f25d8f11ab9d1ce2662f30d9cf1736e515b462ee73e18577ac44f68d02
7640323,I?qjuyv]w,14fbb95b0f627e7e76f4b9d35ac948a0d282a07b180bc71ba22b18b47189ccec
7676116,I?qmb`tt_,45571de2c6efbd139e98807107822e682ab283fc11270d5aff1fdc511c83e0c1
7686281,I?qmbfw|?,c1ed0a45b15d76ff02ea99e8bc0e2c563ec5d7daaa066c4bc1336d87ab0aac24
7687692,I?qmbtumg,8e36b9ffd15d49b6801a58b45c0bb7f97364fbf40c58db7854d5fd1d3344254e
7697351,I?qmdvqxo,294b4a1ad436a30d377bafe6161006ed1776e62713d4503e390fcdb860a7127d
7714852,I?qmfh^mw,c31f186c7540bb51b2281f87d6d7455fc5dd38991286f7dbc9ba67a544c06d0e
7718306,I?qmfrVNw,c28181faeb81603b616d94ede41e3de05a5eab10c97a3dea9416e7cc43e2ed70
7757920,I?qnVbexo,f76b03d15e032610a85502b9468060aac5b90c129c2e1a769a53aba02af241c3
7759399,I?qnVrUkw,6f2cab1e87f738a2f2c8599f8ad3ac62409cf8f437248bf235eb8d1d4aeaf953
7771032,I?qrbXufg,e5b00b23c2976f5d725664b7603194c5562f61574e9cd75578c5b385ecb10a7c
7778805,I?qrdXw{_,1e41821cdc1d6211378d85ae089fabe9701c6512919b44a5c54f019d2e4c78fa
7789342,I?qrdq{]_,c2060996d457bb785baf24a483c84fa0f79f8fc799b4009db25530ad0d16cccb
7810245,I?qrjyyxW,6989c62e13df8c437f9d4cbc417e1e25db9175f4bec8c974b67af5fef2dafc7e
7812622,I?qrlzl^g,1c1c3d1e8df57f8b84affbbdc09df4780e1f31a5f4ea1d3feb0db055933949d1
7812942,I?qrl|}zW,19d10e46377b45c6163aa969cd270ee3c543fd18c353336b520444dc4c145eee
7813949,I?qrnQ{]o,81a427aeb60188be1049db8f73bde681981ec27bd36872a272eb2d2d3d961de1
7813954,I?qrnQ{^o,832b56c20fc568830b72156a4e77468ea315825c16f815fb0ea01bc8a59de064
7819323,I?qrruvzg,baf2b3e2a3b1dac9156c0e323e051fb9f2e11f98a378978fe0bb4d45a7ebf372
7820204,I?qrr~mlw,481b851b265d77904406e19f708cffd22733578e891ec48548671952779b1724
7822762,I?qrtrqn?,aa740e8153c64f39fec254d6e87427ebf79862d20cc9b5a7e565cfbba7c04718
7832114,I?qtb\{tg,ba7ccd0037d075b534390b1d0c44011071f328346a454ca6ebae842e46a95f77
7836373,I?qtbq{]_,4845cc78d03d23ecd594e50a37c16578ba24df25f1cb4873c6716a7c07ddd92f
7839198,I?qtdXq}?,60bdd88f8ce429367800b1f30c117fcbe55a4b6ae7368fcc15a7012ca70cba6c
7840203,I?qtdYmn_,f2556600429d71f7adea8f7adf9d2d10ddcffbc0a22476b616e801c0cb194f3c
7843238,I?qtdhi}?,8a72127ce0225721a330c4c9bb793a40bf5217013fe1baf2fa1a8242df43c7c9
7846411,I?qtdxy}?,ca83252b9e50d7ea8192f1764ad0507eae56e41ee11355fe2a80c3db73b34654
7852027,I?qtfHw^_,3510f0488ceb634ac4aaba80001fcc49838ec73bf2edec027c45359c0ea198e8
7854385,I?qtfL{^O,bcf35737134e746af5696dac352325bc3f86ec4743135a92b9e36002f022fabf
7859156,I?qtfjktg,a2bbb24536449b0afe07e12b171edadb58278038b208cc1e69f9d2a83e407e8d
7861497,I?qtjrk]o,04d34593a11b76d1f3dd585c3a2a8a40325b5e8ed8de313260881414ada7127f
7861502,I?qtjrk^o,4b874b820876f6e9ac4555b17cfa27f9642cb77a076531f9726f5668e0c914c2
7888483,I?qvAuw|?,1c59b1cb8794d98b6a81e8093d3de31ebabddbfe87621557ec5c37d1fb85fd70
7891965,I?qvAym\g,791434f1aefaa4b407a7c9867fba71aa5276d8da714f934956bdc07ffa742a6e
7894366,I?qvAzswo,79892e144cfca97099aae812c22b073df640d6a1d808d457f636c0303c25a38e
7898661,I?qvBW^pw,f55e694babf21113695802ea95e75e1944c088ce6c865a5c290c5c72412bd3b3
7899756,I?qvBY\jo,d272d9055eb1659bba8286bc38dcef42182f001561c8f1318360099509b176bf
7913861,I?qvBuy\g,4feca14465ac4728c167515e80978bc5f52ebc56d3445c197a3bf062f939fd97
7916541,I?qvCt[VO,65929e1a977b4e63d0b248f249d7d7fdb352ba1ec5df927065775419f889d756
7917424,I?qvCts}?,a0c6e64ee849305932ec3bc69a91848a316ff880abd9f00b40379581b07c7239
7917654,I?qvCtw^?,53f4f44dfcd1d807b4ae03d0e213ff6398500480b9baa9c3ceee68ca890b1b6b
7936857,I?qvEWymO,b6cf6cc0c89366ea3bb97051e772c761ab5a60dff9acba3a0881f1cf50f75096
7955587,I?qvFPY|?,fa8af8604554eec83a2002d774a84ce84827ebc7bee32b9d6715deee216c88bb
7956191,I?qvFPyn?,0b24afc7704f2f63ccda394c0b9238229da7bbd625134c620dc278d168001247
7956311,I?qvFP{m_,84f686acb8047177a439c45e24fb9804dfe4190028bad44af0ef2b1433420174
7962449,I?qvFfYlg,9ce1f2823b8cdb9dcac9d394f89d76d97659c07d642d4407c3ff17919c642138
7965726,I?qvFq{{g,d09d3b4ff596b7e8ba311eae40686fa6b5e347e5d6dc0755089101ba7bae840d
7969711,I?qvJxykw,00c6908055336419085a8d487cf419df1394385c76b48b0278a9f7b55250c8cb
7988032,I?qvRq]\W,3b875cc6466eac98a9d4ed4f3d92dcd8ef9535ba4bf0b7c82fb724b08a6cb4d1
7988036,I?qvRq]^O,8cca848dd1a7e9dde842e77ea6b4289c75d3a2609624355edb25713c8e983cc7
8004318,I?qvbp{m_,44687ada73ccd65944ec43f8761f59322debb2a9805d44d4ea8462c644c99afb
8004955,I?qvbq{]_,874686cb2b230a6a6b257c09dd282e961ee83d6221e4f43835df29087b38186d
8074078,I?rDvPsXo,1574a4f961a3700421c9a3174fef3007d30009af0d2f1381ba73ab2edb1c0762
8154874,I?rdvP{{_,c8750afb36ffadddc4b9a28659ea124e48388e19a4bc9c2849b5b9dc83ddaedf
8172166,I?redy{to,d56dcc42982a7383dd28443793058113c640ff275625fd82c7f7d360773ed293
8213920,I?rfezslo,6ed4fa41932ce6fbea722e5af38e410475db5627341e962679def010d1791033
8230548,I?rnfbV|_,161b173c505fa81f1a791784e2af1531b97534376f43b0be5b5baf219638dee9
8232333,I?rvdp{m_,07a28ed1fb783c94cd47a1802e1d0f0a6d27871ef6ad862ae59391922c3a0782
8309327,ICOe`YqRw,d343b4242e311ebeb93c1eb49f92c9a912824c640eaaeefeaa10dcdd7bbe1dae
8310114,ICOe`ZILw,ba41da04fb833e5df826d84af17c7a9649a49dfaaa26080b1cacac644783ad96
8328095,ICOedGyRw,1df11fad39b4334ccaeb1e0cbc5b39cab4d0bcf98e5567aaf12ffafce7b0c941
8329303,ICOedHiFW,343e578d0f969b90a50e74ba50f5dad213aa1e17614567d4e21e8400689eb1eb
8329304,ICOedHiFo,a4122aa304bc0eaa8fe76f8585a0f176a42c6ee4c2c1b404a0cf963980e70284
8329509,ICOedHi~G,2c65a9846c0f5f933c7ca1d7546256840576ef8f92d5af76463c17518c9a02e7
8329511,ICOedHi~W,51351ef6fb330eb6175d75d2f830fb331888502ad719a53dc8cd09be1ca3f825
8329512,ICOedHi~_,b9eb614cb6d61820f0d49ad963a7eb5b911be9dfdf702be5a6899c8aa19083be
8329514,ICOedHi~o,8957fe68b79e9035d0d2f6c3d812b19ac30bfb3a879aeee0e8f628a30b97b720
8329627,ICOedHj~O,fa54f55b211c8ad9a543adee21cbd5cc35ecd5de47e95f8b5b1c5a6a07ea076a
8329628,ICOedHj~W,74a7e99e58d94823b22e3028f68a263fa39c9b3f299a495174b8585ed817b4f5
8329629,ICOedHj~_,a5472464581ef6bcaecf4ded877f247948d5bd498500e5ca9923955ec092227f
8329630,ICOedHj~g,cb104ad7c3f39bb37ec5a993e8823c3d1872a05d20e025d2f3ebcf6e50e71a1c
8334256,ICOedJaYW,b5a76ae98846b514d8bd2b85618be2d99c95c3e294cb9a0dc9016063bfe209c5
8334257,ICOedJaYw,f6c2e7aef97e347fef0923ea51031adbcc3660c1d2a96c72acbe1dbe8ee379f9
8341079,ICOedO[[O,0904074265fc0819740e7a5e45dd4ebd50c7ee5c541248ba076d360f1e7d72d2
8341086,ICOedO[]?,1b1744376014815f5ae12e29fd094f12e3a0b7629a906962070331dbe1ea7ac2
8341510,ICOedO]z?,f74c8586ba4e2ecfc148f0f3bcf7233d43996184188f6c5e41cfb5ba576ae705
8341514,ICOedO]z_,5be9018b163fe11cb19fba67bd6bd4694d412bb6566dbb1b160a64bbaf3d293f
8342012,ICOedOtRg,bc7dca3abec9bdf32a5e116d8c6a32b845d1331372377197deff810cbba1de3d
8342013,ICOedOtRw,9d23e699de9ffa4cf019537a7ec90f35a3c787afd39bd813fd66cd2f3b4ad06e
8342229,ICOedOuRW,ae815dea5421a2ddf642c9543c1cdffdb401ce98ee9fb724ea5c1dc938861ed2
8343168,ICOedO{z?,e2fb03b46e37793f7c3ce52d3bdcdb6f4872bc917ac527f351ac983a8233d0bc
8343498,ICOedPKLW,64f0393c24d251415e8e756d61ebfdbd52f36cc07f8dc73cb38c525c3a2a3ecd
8343501,ICOedPKLo,c1a04cb32e29be9c30c41e4cf7d5df85c5c0bd95dde776ab8ff56617a5256282
8343694,ICOedPKn?,e4ae04f2b750e309f008889c1274424d8f29db68f70e0ed0b8fe384bf98780a6
8345930,ICOedPkn?,3c65b862d2cd8d2256a9148262bd0e46197d9e012535d3acfce0171b44620458
8361751,ICOed`KJo,fdee788d44e50d4e703f13bf25c9f01ab567ebc4bc493a6475ccc74e85df0419
8376265,ICOeeOsz?,3e2fa12bdd021fa86041fbabb0a0d5d01e57158d813c2cddd6e02e736097659e
8391016,ICOefAeYW,0e66dd7bf3edc67ac17c81860f45842413b51651786cfc85d2a844d187c45b61
8429601,ICOf@qsV_,239536f98b28113f10dff017dc28f683441b244350bbe5778ba2d0e4481a8236
8429602,ICOf@qsVg,109b3062bfe37c34f66895576d3c31e752325707bd189a5f6c9662d5d9d5d0ff
8453556,ICOfDpurW,51b678980268c5224ad9a4be08879bff451a07a105297e035391c1ab22edeab1
8453558,ICOfDpuro,fb47482742ddfdeae5ad525f4e5fd981218c6941d7a067dba4e433f677005f05
8453559,ICOfDpurw,20a393175e61c171e6a0753b8b0c4bbf37ee795fc7edcec80aad9bed3a3beb2a
8455605,ICOfDrK\g,5d40de51883aa641a291b6e786c4dc531c3c253c448586867a486d7c797084f0
8455606,ICOfDrK\o,f966d7acad2f6a26db6a14b8b71cdad0d0f840c3480d96a7d5e9c0cc8e05b258
8455771,ICOfDrL\o,28c79a3ef9069ada15872720e4d8b72ad6dde9376ad1f7eadc8f6cc54a558aff
8455855,ICOfDrM\o,b862cd4c4cf5eda6e19ddad77d95cee867f5fc10598d9d8c4dc4264b954aa3b5
8455856,ICOfDrM\w,5a89c0a8b8075a39acd1fb095a5f91b788ed458bb406f03fd33aeaa3138b8419
8462131,ICOfErSz?,cb5a6254acb97ef6b53ec175702fa17ab79d4b665f1b8efb89e5f6b87b90ee80
8530515,ICQRDpe}?,0585fd2df1d6fdc04db56fe3d74aa085368ba277a3698b62edcb6e08cc02de54
8531427,ICQRDrKig,2e93de102ae93d46c77ce395fa9508476c7fcfc2dc9c13e11d1975596977992f
8547459,ICQRFOu}?,1cb20f9df72ea04d237cc92b2bf54c0b3463f7a10342e873293f7e9e032d31ea
8576544,ICQRVPsL_,e10c04ceaef31b05ba1d719c1e562290ceb30cd6f47f5c01575197dbada04a5a
8580475,ICQRVak[_,c99c797580fe6325a42b00cfdd9f33bc3e288b15f505a057d0e5280ec2b68407
8607258,ICQTbNKiW,8eb9f90174d6585a7325b4a89e2a029e490519fd424c6ed38ee61bdb873042d9
8615060,ICQTbTkz?,949c907d751cc298584c53e11b8b2306b9b32122fefcac36aaedded2c9415dcc
8641196,ICQTf`kZ_,45461964241ef80bb021b90235acb4b52688683f2a579000ef1bd9b181aeff61
8641301,ICQTf`kz_,c46da381e1e183686fd2a524e40a784a8070e91464b223e73bec7fbb85a11d6f
8703334,ICQUdW{{O,8716f753e0d2083c797af72110169c88bd1d31935b576913769a606d940b1309
8703477,ICQUdW}rW,32aab2e4bd1cf15e4cf7362ae9b98412b45086876c3c61e86b20356f3d8ba15d
8714405,ICQUdzYrW,9aa099bb686bebea2bcf21dbcab6832f1fa71cea9231db9cbf3fc8e4f098ef08
8722566,ICQUevkrW,c4f0e11f281f12577af2aba56f56c9f630f3398b3b9883b8d6fc1ecf30755b81
8757820,ICQVRrw\_,7a7dc7029698944fea9fc48e2a2e951cfd3e24d754019f49dcb7f4fff8048beb
8767999,ICQVbZk{O,4ccc0e62a03b9eb7bbb1eb82f5d212b44b92a7c55bb447da2e497fe9ccd74773
8780194,ICQVepkwo,9534e4e3b423ee8d589e7d05878dfe956568485c09649001aa386dbf5decfecf
8799278,ICQ`e_kRo,ce56e43d0d2c39f33180f26311e61358f6a3cdee4f3b765faccfab66c2269a21
8801098,ICQ`e`km_,bb965b7630295e38434c68c8d2189b52aca39a89f9d9e58a165b4bd57815be53
8801136,ICQ`e`ku_,dc8245a8c696458fd36ff7715aec2affd7f842d923d117b34337211d6916d96e
8804146,ICQ`ea{}_,3dc707bce4e7baa7861a0613243b2e90fc522464d539c8dbb68a3994b83c0ea7
8805386,ICQ`eb[}_,e93a9a17621bc0caa2c371be3cd2d7e1449505e51f87692bdbf85f8b3fb856b4
8826058,ICQbPlsso,58f0cc76b687c7d30ec262d08bdd057ad1435344efe5516358308171375d3198
8828312,ICQbPnWv?,223f6fb0c6e6958df0c2535326ec5976903aae5c555d67d71ab12ed7d7a4a488
8828353,ICQbPnW|?,46854151337ec4cce0723af9927a699978c0db4de7887d7f69ddb3a2844c42a5
8834128,ICQbQ^stO,119c01b46e7c02b57b9946e8537f63f8e8cc9023c33ee64193042bc93e8f5d78
8856774,ICQbRLw{O,b63df90be7555c99ef7df69091bea4bd33cea9f958fb4acf81ea9478fb0292e3
8878796,ICQbRe[v?,368131355ade7f2943f786aa5dd2b2df2a42500f5547f5988380d4d596a8cee0
8878836,ICQbRe[|?,90db9172b3653542d2b3a0819625ece877334fd64b5edf6c309114c09793842d
8879174,ICQbReftg,1204187d4184054a381ba6327f4b80da7f24254dfeedcd3217b49dbeec1222a8
8879469,ICQbRekv?,b5b3e9c746f8af4fef7a0f66a6ed35c63699ffd1fe3833bd68acd7c183062d65
8879506,ICQbRek|_,7206150515e750f192f8243b68c01908c6df64b6472445d7e2f71c772527c12f
8879517,ICQbRek~?,48a83c18b7860857742717ec4b1b6f64e6bd2a43b564a012c06e99604d99f6ab
8891975,ICQbRnUhw,b8e57f9354224f7bd8fc4c317a77c5e81f37158bf8f57673d37cd3a5a821ed61
8899375,ICQbSlw^?,2440dc1a3270ff8a9c1384aaefaee2d1ec0e80bded504fcab3f8ba39529c71c5
8904393,ICQbTd[t?,51cda266a0bb57291ff517c05daca542b8745dd743c43b1ad56aaedde356be4e
8904408,ICQbTd[v?,2a6cc03d5bb2da0fec852f3ff881d2a50466185c5d1c588cd3061d356bd2cc75
8904433,ICQbTd[z?,a06beb0847108fd43839cc69d1f379ed7c5aa003fffbeab504e0481a27b7933c
8904449,ICQbTd[|?,48c13b23b64576ad0fe2b0c00eddc7fa43902ae881cf0f97cd626b3dde5c87bc
8904465,ICQbTd[~?,07d1b9664d6877843e79717b98182fe3088d8f720b3ac58a5b48d4069c71867e
8904778,ICQbTdkv?,fae7b96eb29913f0f20c98abd410d8baa8661f80e21195b4958b65450200283b
8904815,ICQbTdk|_,1afecad6ef714119b6a0edcf1cd918bc2849a86e43a30a5055f5980c699e76ce
8904826,ICQbTdk~?,5c31b777c7e5d3da6a64106a1011a034eeb57c1282b0578ec9ff6307e80690d6
8926777,ICQbUcv\w,1931ff497ce7b2a30bfb978222981c194e6b05748952f41f47835d246b17227e
8926786,ICQbUcv^w,191e445e9b25e81e053067739d7b8deb190a9465fa2c7b86e878a817a4042ff4
8926838,ICQbUcv{w,f14fd469b5965031c53dcba16627843ce17af8a81aa34662f87cd47670641e9c
8926852,ICQbUcv}w,ac03a6b6814297780704f8aa0fb2922e07a3094bd9ee0ca34d1f44e4e0af0cc7
8926938,ICQbUc{^?,d1efeb6dc2bef91d2a831936745e689895dd338bd93be7f5cf5b962bdebaf735
8926959,ICQbUc{f?,acc80c91dadbb1ba437afebc3c1df19d59304f7170b1ff25c7f21009200695b9
8927042,ICQbUc{v?,5c5191dbd87065d8cda82c89e1627793febcd09453b1e5749f3c69b5a907c3eb
8927068,ICQbUc{z?,e3603d1fbf394b21de35a9a8e46aa0fd29c9c8ad12be2802898a6376a42f7af1
8929161,ICQbUd{Lo,60c20a55a5242f3bcf0bce0daa941755cf48d935e61a6b211465a4f9446dfa9b
8933122,ICQbUfwLo,87963670e9a98ed3f1b3be2b7fb340fdf6ad5723d391b2440f39cf4639674f20
8933702,ICQbUhN|_,c649cd06b7219db5a70584fa599cf5543d6c30e9fe8bb6a39c2fe36766c6613d
8938526,ICQbUjqz?,65672b4fd4bf06a07884673bb6c7663933278e063b85627a4a0a3e8eb84123f5
8954460,ICQbVJUFo,828fd2fa8afb6e586a0a8c71183fbe9c4b790f261bd19ab5beb4ec39d335da98
8965053,ICQbVbe}?,e29cd932158451d5f808ab2dc49b73db4b6700b2dcc503ce24fef888acdabec3
8967633,ICQbVfk|_,7b1ad97bfc8b0e4bcf3e2cc01b7962531595260afc57b82a0547c64aa5cb5a29
8967644,ICQbVfk~?,b3fcce01a2488c4ec50da87a1a372cd5d79fc61d5fbd9d7141915a884a6e90a5
8975513,ICQbbekr_,96e337fdd251fb90a09412dc5422dad901645baa7f3f7dabe64a76fc2da2a839
8975525,ICQbbekv?,47eaae30107cc4f178e30dcf164e32931a70574794b199efda626953493c6b1e
8975542,ICQbbekz_,a9088ea1aa085d823b91d55bb9e7e08cd8b89fb3b576328eb309aa118aa09a51
8975556,ICQbbek}?,f57d309e6ed5ed0f4119272cf308fc944d2e3e179922888e1ce1d974cb6bb4e2
8975562,ICQbbek~?,a8707668a4323a64f351158f61402ba0158be41d44e10530c38125f1dcc907dd
8985719,ICQbctkt?,836d62a60eeb690adb471d70c1eae9640bdbcd526cd27c7b99cfda18f88b38c4
8985733,ICQbctkv?,1461f748956f5313cd6827e3a1c56de4149dbdda204a1fb40aea0ad779a5814a
8985759,ICQbctkz?,32085e6dd1d8b6f8716c37f52e378649848cfe992fd20dc5bf3755bf051b40ee
8985775,ICQbctk|?,d621cd6098b538320b241e2c5b29dabf80716f89840f7ca1288d4d7ae4e98089
8985791,ICQbctk~?,10fbab1015834cf5b30b63c0acb4d06e91162e5a708c402d144b41fb722c0163
8988028,ICQbcukqW,7b9f32443f877af3fc31d3a03c8121e6d1a410ec5ec7c4181d11be15d900255b
8998044,ICQbdT[v?,0d1ae4e08194a5e89fdc29f1f813874348c66ea28380709421fc5d040d407bf5
8998084,ICQbdT[|?,da112b42b5d80d0b0af63d2bf8cae0d9066f3dc6d9c788de865eae89dc668c05
8999547,ICQbdTxtW,cea54c9a6a4908914ed8aed3fd21c45bf508bb2a722dbf2b10bde6e68e82483e
9006012,ICQbdXm~?,100ef5abc6db6f8bcd2189cb0a4631f0a8c8ebe09bea92f6c826a713bfb6b41b
9006503,ICQbdXuzG,1875f776aeb18088a3fc0d9fea928b2ef0760a2d81a5528733b00886e811f308
9006524,ICQbdXu~?,2ee6b9ba3465c2636e2f6d8e6f56963eaaf4285a1d364e5f3db55b70599163c6
9010103,ICQbdZk^_,e090a97b367f3f8a241eb8554b094447053ddfbcc00d868fe93e5b072117a157
9010278,ICQbdZoRg,ba6d210e54cd3d0184a18a4784b99cbf8c4a3c2b099d8f57758d4e33a4cda457
9010712,ICQbdZsZg,ac33665f86054c2bfe7d5c4745603d6fd0bfd5ac425f29386896ac7c0e6468ef
9010722,ICQbdZs^_,c21409323e8a06c053f46ab41b02a6a32f718e2047a44775e58eeb101cba34f2
9013867,ICQbddkv?,7bcb7eb9328ca8cad8971c2dd4858760466a2a417ab0cef6e43d5e2fb94dab75
9013890,ICQbddkz_,212720f1f1daa5971d7e5803020ab1fb17d9ad1393f717f174d62ce98207517a
9013907,ICQbddk}?,581a363dd50263a6fb428e9428efa5f4463a3f169bef8bfb459ce9a7adb92636
9013915,ICQbddk~?,5500ce7f69abcefb95b5dbf740842084a36f1f5c5d003fdf44b8d7a3bd1c5c32
9022877,ICQbdrKZ_,9199800a53bf7de49aa09c4952cb0a7ee8e701ded01fdeadeb5f71f62abe6e0c
9022882,ICQbdrK[_,ff45f5391ef71b44e986fbbc4be2b0625dfa34fe6ef7879fa5ec160ba88d5e10
9022889,ICQbdrK\_,79222e3981f0924e885c11f14b430013d49c854f3b0ae180731c9e3333262358
9031838,ICQbeTflW,3c542e4d5244c30ba74a3280376878b569c18ebded4e0aee771b00ea0c410278
9034808,ICQbeUx\W,f4735294d4db4f347cc2b676dc0b89f46ad849389f2236cb4acb0aad2019b772
9037924,ICQbeYk\o,4882b8c1a07ab0c518a6c902711d4840e654951c86bd98f80d7b64e6236545bf
9037927,ICQbeYk]_,6f40f66e615d11a8d22db58d4aaff7a8b3696b95c117c7044301df6cbe0e0683
9037934,ICQbeYk^_,03ea1607875c1e764f56dc279762e117d9610fb5f63252840a11c346c0281763
9040462,ICQbeZqz?,8a6da11253b23c81e2645978a058773fc820688ca5ead7e5a561643c84dc5bd9
9048735,ICQbepkk_,1f230695930ae682bb5eabc8f606e6850e2bf92826b194e277cb5a2af86c4112
9050277,ICQbeqkZ_,e950d4995dc294d51762366d75aab6db2f42f19d5f3f92fca9e945e3abdfa95a
9050282,ICQbeqk[_,2fa257629571a5d7c2fb4d4cdec1e7f7770eee73690fe76f9dfd556b61d4e2e3
9050289,ICQbeqk\_,0bc781cfa7c36f5532904235bd58b9f783da93af69105d5a1dd1aa853750ed50
9059637,ICQbfExtg,f48d5cb5b13b99db3cfca075ace01504388c433a89cbece3e488a37d78bfbece
9062985,ICQbfI[Uo,f71ea2c60f9941db1bea2c8f12ae08827664157e5e98a819e48c02a64049ff64
9063014,ICQbfI[]_,9c3822a7a3c4e86cbd223ee41d1a59d6aa6f1b4955b5b87ce1f8e30a32e26d6a
9063090,ICQbfI[uo,12eb3943b00e118abed59864cb4bdb91dc6e7729571bb7833a52d6145f8b880f
9063140,ICQbfI[}_,f5e8486c05ebbfeeea5c82ae74b4b2728a43221aedb9f12b522690c118c29e12
9077023,ICQbfZk{_,f13fd0b03dfb1178f3eab82c87265898885230ae37fc3b7d7a5506fc3a1a12fd
9077171,ICQbfZqz_,294c274ffc220ab728e95756e76d88bc3c46b41e39f2f0c094bd2799168427ad
9077192,ICQbfZq~?,3063063cec51f3ad5189021602b1820a5f8f69ccc71313421ed949df6e10d499
9079541,ICQbfamqo,773aee7d2869a5ef026aa6aa11c0c51a22cdf4ac033b43381f344f089b852351
9091594,ICQburwx_,13e86fc943341dc95f4815da98fd5e5e4b9cb1a70aff5173e727bf85b6ff7d9d
9094032,ICQbvJ[\_,938d6cc0274a93b16c1b633cd13296089e2e3c22ce559cb14e58a102603d65e9
9096369,ICQbvPk|?,8b7ca5422eb182b2fa7fb4b6eb1c6c66d7bf178886c10995b98e1a15a5ff6126
9096601,ICQbvPsVO,e8c02ca423da4af70a45393201f3964b32a7543340d12e3be9b6cd3f9df5400a
9103764,ICQbvbwx_,e0bf7645cb7f5493088cab5c7e1f024cecba0bb6a7ad6ef403888cdb230c0b58
9107211,ICQdapc\?,25f2ada4bb540f665b4f68d32a5c6aeefd1d6751eb205132e86aad9e39efda4e
9107218,ICQdapc^?,e1c87387b5703b9f48f4795641892d0308e7eee17950922d0ae5be53a45e5c24
9107294,ICQdapc{?,e8f01105643df344953b6abf434bd69e59c40367b68b3a18e34ad700d3bdcae8
9107309,ICQdapc}?,1efb47bf76e7621379a7955d235a9e9d6bf9e5768f4514080974ae52e8843794
9125860,ICQdbZk^_,4fcb278b38785fded2af0ca9c816b96cd64aa3db39f1b51874aa0f52151fb1c1
9126142,ICQdbZs^_,c5b8ebe45df289f0e13fce4338e14c9bc0a1adfca7cf42fc7dc959d6d400dbbd
9133110,ICQdbbbto,4fb275fcf260feec975e5732e284464dbab14a241d48fae2399e282bd494f49c
9165781,ICQdmrf}o,d2ed9b7b2461dc0ffe08f92b9bd3fed9c4de9ba3dbda0aae6778b9021944c78d
9172993,ICQdn`w^?,ee99f771b65bee8db9c96fd3019282895b10abb360bd2db794b74139d91557f8
9184573,ICQeJPX|O,7496808b4eca3079926168985460f5415eb2d0f5f02dbbb9d57ea92b7d9547e5
9184811,ICQeJP\|O,af727d8d6f8b7f0d2ace7bfac4705f9e1e67d95248f1f6346898655a9bce95ea
9185981,ICQeJPtfO,6a640fd16fe638f3f49147807172e182e8d04178f861d7ece74a73ac8a165665
9188433,ICQeJQtvO,1851f676ed5830e4732ab0de6adf2c41ec32e7ba1f5eb9d8e0d4efa29d87d6cb
9188434,ICQeJQtvW,56456797f1fafc3a5394dc39be86a8d5088e5e9ac6acdc99ae4b21848d543097
9190232,ICQeJRX|O,159f6ec229572f8030427fe48aaf60823b91296748a6efa069bca168f596b471
9190233,ICQeJRX|W,c8cfbda6fc8b98d16aafc1cb9a4efdcd18cbdf2d316386a2438c1ec868f620e3
9191818,ICQeJRsvO,94f9507344dc4c541ae2b43b95267c08bc63a2c114ee2ea08f736cd3f765554a
9193499,ICQeJalvO,d93ee41d48a893e9cd68f9524bb93a2a628a04cf20744ccf2728e5046ff6b2c6
9194695,ICQeJbLio,b3c32649ee25eda77fc1b42fdd5d60d1bb429f2e2914efac9306a5da580cf5a4
9195054,ICQeJbXjO,9aa60ff4aa1fa89e1e8dd808a02858f939b9c4741b988df30bce06506a03fa7c
9196028,ICQeJbkvO,eb5fdd6473d123d0721bbbd4e04e5fb5cab97bc2810e13a5782a202d8e5c37ba
9209576,ICQeLpw]_,f37faf22019a5509e5f56218661b6e560cdb497d347aa1d457cc43487189a273
9220967,ICQeMo{kW,61d9b0749fd25cdffe685f1b7ff42e8fd1d2bfea27601696dded33f45285311d
9221987,ICQeMpwN_,37a06060ffd39783b73a74e81a722c8abd00f460b79e7355a931cf79c4c375ae
9221989,ICQeMpwNo,8c9bf0da3c7a2ce718e02194dbd2961140bf835a8ca4d9252065b530d754d274
9222084,ICQeMpwkW,28e18d5aa49afd2f6b15245df161a62e1eabfd1fafde7a52544f45cb56f662c9
9224181,ICQeMrh|W,bc2499c5e8723cc6748e63ede2d0629f9208ded78074cbe505c00d166689c835
9239635,ICQeNX{\W,046a0fce59f108606e34962af64a9f1d011ad66badd6fc5908f1d251ebef8869
9240180,ICQeNY{\W,e6108fa1efc34d70b042ae2ae0efcd307f929f9d30ffb2ae4dd61ce1e3aac57d
9244088,ICQeNbLiw,dda9141a7ddd96bd49a2e404b6e3419a5a3e220b20157c53d941695ef0ec8379
9255374,ICQeQlwl_,80a60cc6cabc460e14d399b081750c2f54d5521a09e0f54e6f9976de9e4c62a2
9255382,ICQeQlwn?,827dc33bac10d017eb2b4917d9bf3485a785ceeacaa717f6845f87f940b9d69d
9255386,ICQeQlwn_,b999907147cf0ae003aef754b5bfde7215baf2eedcd60190494d7f37bf997df0
9263223,ICQeRHuv?,feadcdc19c6f18770853b37afe0f0ff837b224075ffece44928f9a5939bc7016
9267432,ICQeRL{do,e9ab7c055ff17c42865ebc2a29244db5f0398870ecad8b3606e1a0765ae823cb
9267620,ICQeRMVNw,4b1cfdf67d38193d9f65cd000bb750c6fe81df699a741ad94a585c9ae1cc14c5
9267635,ICQeRMV^w,9eed3d1e0f5f1e3e54e0b9b440a505e5b76eb9ffb19e075a8e5a4e391c982c12
9267642,ICQeRMVmw,da2e36994d260e21dd8d45e7efec7c6af53a58d6ca74e3e5919ad4f0d77063a0
9267691,ICQeRMV}w,8de1908f0d9831295e0877e9a8fe06a5038a94aa450c58f286d8d8fec6b91963
9269206,ICQeRN[\_,309dd5ae3e31484cc7484d5baff87a012dba61b387dd8741e9bede832b4b8612
9277034,ICQeRakTo,404eb070ad808121611898b1cefe969d5a1865b477229e942e923e03c04750cf
9282464,ICQeRhuv?,ae66f72307a97be2194af70dcf69897421bcbe947e4ac79c6039326906540488
9283457,ICQeRimfo,307dde39a22afa66b3ad26ef530709acdc2b282b88a02af45191b47f06fc1eb2
9286428,ICQeRlumo,99d9632e83d9ad07d6c6bd619ee552a34a6fa573c631eb434c44ba7ba28ee54e
9286995,ICQeRmuXw,369a666a1dcf08e9db1ceb126c16af4e61a5b28b09ee580f22a0c2b7ae1e61e8
9289012,ICQeRpsn?,e195b8e304812c1ee281c9d6b2bed22e3141e74aca10cccfffbcfabc6592da4b
9290748,ICQeRreto,c19a71ada0121214b074ddc3d08c23877210fb5069f1683f4ef5bbd43aabaa30
9296405,ICQeThw^?,f98151c45088ed2dc015831e41229e5ccab5f04e8f699d68ad0879d8d08ff68d
9297703,ICQeTjeVo,ddacc9ebd1b6c2ed6bd398789974c98ebd9a44013ec4ba11ba486de6fc0f5933
9308750,ICQeUneng,269e7072aac27757f4405994941b07d4cdb9634a9fccccda741e2222572e69a3
9308752,ICQeUnenw,3dd86d85478006cd30353bcebb48f9f2b7e514508c9377fcb210125ec175baae
9308786,ICQeUne}g,5fe526fd1c29eb73db40ac0c5ab07547ed6ed12640f5058831387490b7c9a5ee
9308788,ICQeUne}w,6fc847379910d4756142a97690ad6afea9b82bb1705431bde9b022b437a1580e
9322212,ICQeV_{^?,79faf7bb472f380b3a47f675b3123cc867307c27c40ea0b42a785954ba34f63b
9326864,ICQeVem{g,8a12e56fba5d7f39fc006cd8f78af40438f5234a0648149a37e2e8b229efdc6a
9335141,ICQe^Pkwo,4b584a98e3de39e93f4edfa860b26bf52acb1477f38d155f6daa45557342d0b9
9346520,ICQebO{y?,ae78d9adf07e344a5e2f1e336942535122a7d1b597fcbd035accf165e215c314
9346521,ICQebO{yG,4f6ad6efc12919e214c17183aff25d4b931de1aff6a198bd52d57c1f36fe3395
9346534,ICQebO{{?,c8d58bf6737418c12f6acd596ef5945c6c9daabda17023006061ce2c7317c5f4
9346535,ICQebO{{G,6d18994575b32f7d235c869ea349c30694b2257eaa9b4a5014d57502087227d9
9351707,ICQebRwxO,ba1262103ed1151cb002b8ba2c0f6acc39e173a7dc4aa5c8090f6fa80409bb77
9352430,ICQebXwn?,6ff0f04d2a3efe4b02a04cfa8864fdb34536f4dbc363c38ceac7711c7f90fc11
9364348,ICQebrwxO,8d0fdbe80ede5aef01d9f8429f31bb75fa7d0310170a8e0b3afb590bbabe6dce
9377930,ICQeeTwxO,90607390a80bd3cae2f77720b65f276c8661fba22003296a2957716086206262
9378282,ICQeeT{xO,5cde22d0147c4f8e518df2f801aa0ebd7807ddc1b89a5df041041326ee8d8956
9392472,ICQefC{^?,1fa623eb893896d02cbead70405b15fc9b5202e00e67fa276062063d50360a9c
9392609,ICQefC{~?,1eecb365eb2593a0ba430d7c297372e1cb8bb96aa3cf063f1717c008a6235899
9411026,ICQerZk{O,17d696aee55659c7731f21fd189bca9183ccc91d6535813aedab461a195cf863
9413756,ICQerjk{O,8fcd153b6c624d28729c58cb434e9d0695b235ff37ca11d13332a8f564f4a2ce
9414994,ICQern[|_,a73d13252db0ce01992f21dd1f98c39292b8f8d0d056a9df50f0d54a31bfe86f
9415004,ICQern[~?,71e4ac031fdd2651c137b6c7c8111989d17d8b71f4b1015e002dc959de3011e3
9417397,ICQeuXwTW,6981c783ddd8421ee7e852d93bbff3a8ecbfd1327eb39d4719ef3d137b6c9a33
9422670,ICQeuvsjg,9d4bb614ca2e9efb2b10e5ff80846e64911afa76ca4a310b14fba92a9d44c752
9425457,ICQevJZno,50ee31d0a03b9e082e2e239856b5fbc5f1a2a498c50b12de6581a471e3da8b55
9454846,ICQf@^SZG,58e7cd5903c06339830e03d28904317b41f0ce5c7e16a4b99008fc0bf0718148
9457926,ICQf@m[Rg,2ea8380f7f44bc94d0f79ccf8d7e0132281de6769e2fa3089645ffefe5af5e2a
9463481,ICQf@pLb_,a51f2e6c141326c8a1e504b59d31ad789cff2abe22a160d64a60c0dea1874bd2
9463498,ICQf@pLi_,616eb72716718a6d663a4a96e84e6eea73bd6cf40a36339ae3270cfa7562e1dd
9470440,ICQf@rRxO,d2ff2cbeb8e089612e0e644c32d5832a76fbe0b7d2956196d56dae4fbe9dbac8
9470444,ICQf@rRyO,ae86ad23bf0dee5bf2cf1211ad75e2b8ca367ec63914a46b6715c99ddde215e1
9483070,ICQfAZ[\_,0e252437c1eeff7c545cf222c833d01d6b3826fc3052f46d4ac488a7dff84f24
9484656,ICQfAlwf_,1f6791fec00e4b909bf648c2fe48e413484211f7cd3c57eee5cdd594326cb5c1
9488093,ICQfAxuv?,8c4723acfcf713caf59d0fa2546a0d1c49c4ca67bf8bd7b6204565aff3265381
9499419,ICQfBZM}_,6e608e00e09a468452b24edd929076821daa8002d57769466f69cd8751211546
9500462,ICQfBZkio,99ebfa5e55cf357a0ff584b6df7a0113b3ba901fdd07e9a7e8e7cc4139d54581
9500486,ICQfBZkr_,b9f2e1743275a1198e817f4817c7aac36b5cb29706edf846d3b4f7dbb2e4e66b
9508705,ICQfBp]n?,9af14f9c7db0004cda098273a2bff50d3184d39219efbf7889d17aeef2c2d7c7
9508706,ICQfBp]nG,64af348c7a6220bda33dbc7a86c9e83c15f5dfcd1548d0ddf7c948c51a51d3c6
9509285,ICQfBpsn?,1692057751520b831c8811c6bb6401b86b949ada4ddd31474df0fcb8eab8759d
9509826,ICQfBp{f_,5e93309cbd44a69e61374168d141da1435701806d7ecfcb1e7fd5e50876e82f4
9509827,ICQfBp{fg,0fcee58384468a9f1f32e418a80a0c330a3c3ac867658b05e8ef98fd289bbb75
9512990,ICQfBrwxO,d90dde082a75002e74a2a1b225337f86530f4d6504108c18a8383a11b6c981b0
9513199,ICQfBs}fo,709cf95c9af704e4b24977fd996994355ade4f0398928afb5eae8092984a5a7c
9519550,ICQfCxqV_,5e10db33a09f7f90c127c733dc806b1787332c097fc0c585c1260c2b4be9aa8c
9520271,ICQfCxwN_,d2756f6da5ffbde8393a99f78ecb364bcba3f993e53e07b19119c1a49b0d10c2
9524555,ICQfC~Yjg,240492b99a74b3eca8bf0dff232cbb673c29600ff2513f602b1931f903b536af
9526048,ICQfDTm~?,5f1cc72acded6ffe73bf92ff3c4c01d15275c5fa526b545be5c36fc09a5574ec
9548872,ICQfDu{vO,84c6b6f15a5581096e96afb870513335b47b41f0e81d925fbb64f1d266a36fac
9557721,ICQfEXkwo,8faf823b21eff2c3906e8054b29c88c3d9de1bedb72deda91dcab81324007ac5
9565976,ICQfEl{~?,1f4cd43008358db3d060ace90d1a00077ee8110f20179370d76e1dffcde2dabc
9577522,ICQfEz[mo,06ce3f3645e5a5e09c09e029af23dffd3bc8e800a618785b53e7c0826f8ca8af
9605509,ICQfJXw}?,378ed1f605c94421b7f3ee89a7c46f400fddf4f52fb3cf7d2facf21cea172550
9608415,ICQfJh]mg,e1f170e9efe8a739ce4e3360cb92af6f94a9b3ab04745da67c3da46e9d329dba
9610654,ICQfJj[uo,32868d6db7b9f9e20190db5c934250d7cc225dc17debca2a1614e722159c6024
9610685,ICQfJj[}O,76d8ecb42575e6f39b747da0e79b1c8657839f0b3829bbb4a4a7ca33afa39c42
9619993,ICQfMhwqo,f8dc921bdbc2f4dda1e39cd0aa5142981cadd6249667d6b829b788bed80deb13
9636131,ICQfRk~tw,290a6832a6689569d39dc2597a346ae45fd751684cfc75a6553400600004f6da
9636326,ICQfRm^^w,ee7a24e7d0b64357c77db0158c5d2f1a18c360ef04b4d7251aa7df30e5e20500
9636344,ICQfRm^}w,b310f7f4f2f26db06df345e7a9729165f424efc7d256b0698f45ad0bc395b261
9636400,ICQfRmzfw,41e9262353d31f445e238fc96934cd01d480f33e58eb413d729d643613f77581
9640222,ICQfUnwNo,7a268002a813c354d13491a3c17eef89e7d1fa5f83c14acb2537f454deb01a2b
9653364,ICQfbnk~?,7740a4d455492fae006e198bd6e4753d5c9e85f64614bb87da950dfb391a399e
9655769,ICQfdX[Nw,3764246836f9119a7be10f11eea58f272c49cd36101976bb93fa741090a530ba
9655770,ICQfdX[Pw,edfa3187c94a9fc2d3d5a74bf4c5dfaea4851f6bcf73c19691fdde0303636701
9655822,ICQfdX[^w,c4924db359da02d14ab5919859b7b16df3e450d532716d92e7eccc568d89dbb0
9655865,ICQfdX[mw,f3b1355c65f58d0c8788abf5426eeab84aa667c196ad14739061647290760ce8
9655873,ICQfdX[ow,096c2af2ccd04068492459ba99dfc63823f3462f9b3eff7e378944672796da4c
9655896,ICQfdX[uO,84ce0f9fffe6027ac7e2ca519d840dc76a0cea76a2dad1062cb6e0598824c7aa
9655945,ICQfdX[}?,481fa7f744454b8503b4b13989638a9dd97e0289de06ab245141bc5055d8b5a8
9655952,ICQfdX[}w,a524bef10d793b5d81ff0a50a7f92075d6e75faa1c6fabe3f924f63b6c828fae
9660225,ICQfd^wVo,50639fc9e8241aa4544353fe23f6e33d433211ba026e561d581fb414afeb1f2f
9661571,ICQfdp]jg,eb03385cd8c3287491bbdbfeffa6566b780de7b9e7e3100563a059ae1e4edd85
9668774,ICQfeZk\o,316bb673f04cb8b4e3f3f746e7d2f979d237b7c667e40040e9478ab06ca415a3
9668781,ICQfeZk^_,8fb477f9ff17cb3afc764d74f7d27be59cdec84f4e459751b56b6df27cc51b93
9674010,ICQfeqlnW,381007de3dc4a5a4eeeb6fbae956d5993660b392aa83f0d215891f96c57654d5
9674014,ICQfeqlnw,5747a4ea3a924b60b2e9742669c361ee0352892853c113144c3b473030e2bb04
9674021,ICQfeqlvW,bc9f0b19ebd3c90a1945c0fcd9160e800030bfc1bf4c08e2f9d3c715bd9c618f
9674025,ICQfeqlvw,d4aec2ca89e1e9e9f6e5be776ffd65ef687b2b87289b34b86fee22728d59a9c0
9681679,ICQffP[VO,edb30bccd482db5e2cc6f8675ffe2c43abab845d45bc173880c198f3c74fb787
9684597,ICQffZk\o,a488e5000733b10aec20f0acb1b88ad8c41f3b7d80147dbeadb07c949a00f657
9684603,ICQffZk^_,20ac1b7bed35be5d156eea5d23749ba9c426bb71c394e37c9d5b4c6f07be0917
9688357,ICQffjk^_,f10808e693de6630eb82a5454aaa5731bb543c810947f8ae25d5521e6f402a3b
9694165,ICQrRZq}?,54a388e961cd3b535b46725e25c023cdb7fd0b54576f3925e97a9f7f3e8d7cbf
9694341,ICQrRZw{o,a98aea2c9fdcf3981a41e82559d4b4c645083a81aa89b09fa257014e426c5589
9698602,ICQrUZoKw,605d00128de8ff47a6ffdd11a1e66f986e252f53dfd42143cfd25da319e4d2c0
9698607,ICQrUZoMg,2aac908dd51b5cb2549f8dd8c6170bacddd9ff0aa940bc1dddb5869c49071cf9
9698608,ICQrUZoMo,c42c765b63265b2fef3cc1da20e84c392ad0c970bf179c9bf5bcb6da96f48976
9698609,ICQrUZoMw,526c8ff17e8ce89d3caa089517051d228e46fdce79048169f546f278be807260
9698700,ICQrUZomo,4ba3a7868a6c94c6ca51de21b7ef94c7c46cc95f7754175d416718457b517e88
9707328,ICQrVJWKw,7fe8a8aa43790fe3e862c930d60005ef283d132be7ab93527cf5ce55787b51a6
9707334,ICQrVJWMo,9bf51c95bd8d12c9891bd0c2ca8aabda69d44af283f69519177c4fefa046f77b
9707405,ICQrVJWeo,1a8a5251e06374de940b4b409faaf58ab894f4f1a63f0ae7dd77cfcbbdb1a333
9707435,ICQrVJWmo,77838d66e8317f70266febbaaf86dc5ad6046ba4cba8e0030ff96e486cadd92c
9708434,ICQrVJwmo,c25572e8dd4ea1878e4eea7a4c707f912d92e3935fd289244a709e33a520af54
9710949,ICQrV`lmg,b4a36f97cb7578cc4b3e60a8fe923bddcd0456359e989bd8920291a25ca50ea6
9711717,ICQrVaj^G,9b88ffba7e1ce0b2e74239868bd79c65d0c99bfb090dbf4b6716ef1c13091094
9712118,ICQrVarrW,5d0a161b88681880e70f354c2f757e37e364154ef26f8e02fed84e1acef1cc6e
9713915,ICQrVbdew,ed8d85b8864c5d2fe2e7e21edcbfc61dd5b9bcee756ec3c7e96424077554d382
9714913,ICQrVbwx_,62e4f4caf3882e1db646b110b7f38fde5a15f7c9807553cd95e0f0f1f9790341
9715484,ICQrVjMJw,46b6d7268a33420daefb6dc1249ecf7802af3c7b6cbe04ecd9aaa01dc6a976d6
9727159,ICQteXi[o,3ff997fda94bf5583d9c7ebedc03ef6fa69c64ea0a947fccc73704286ef489d6
9727169,ICQteXi]_,f956487e17e33d7d944149ffd62cc28b37bb107955d7170fb95fd494fa2bde22
9727218,ICQteXiso,6bc817b7596ec2f29d22503e4e621c57e52f2a72be3a81e93446f82cd6192e11
9727262,ICQteXi{o,92bcb3b7dd34962c01e463d0dffe5025db6f7e8e33444313f7785e12c0cc7901
9727271,ICQteXi}?,a8b1fe364051c0931a91e2fcf340f09edab9897d0520cfd79e2096c30f919039
9727562,ICQteXw]_,2bd730a41e13d7b04cb8b78873d8b6df4de6ad8222b33b3e3a00d7d058d2575f
9727570,ICQteXw^_,b5463549a06f7869ed2f618e9d0c0d25530c55667314830c530ddc6c61e43baf
9730024,ICQtepkXo,440df849221e1d116a9e80b328e8e1b32602585f4c726e284744808812b18c21
9730032,ICQtepkZ_,e9ec17dd68d8b3c039f709bd995d8f8270497bfe9316159b9a0f104b7f0f446e
9730065,ICQtepkr_,cea595eab71179b17d9fd6fedbb48bb407e24ba20c0a49ee81bc4d651d3aad25
9730102,ICQtepky_,784f7181307e175009479e486815793687670f3ed6eb185ebbc9ae083d78c731
9730110,ICQtepkz_,bf18def220e5b571d44d13b697eb8a4dd9d42f4972c75da5d81e2b41fccc0173
9754704,ICQuRhwio,a35734d233f30ce042a5439c9bb493db37cdeddb710b80e55538dd9afcf63306
9754720,ICQuRhwmo,e8badaf910adf359f2e1f8b302d110b9e21d7cfa86c7593fdf7a3b368942e33a
9755783,ICQuRiw^_,705ebc7136c05079263d555da6038f0b24a02d3ff9b9979aa1f9caf10a5eeb60
9759903,ICQuRpuMo,788e7081a6073410f92d5f5865e888913bee894fa14be19a59d579406f20cf2d
9762843,ICQuRvqNg,ea9eb78c2599eada09c1ba8fb60cbe1a55252b20c31f59a13ecb2a4e8b72e9c0
9773724,ICQuUpuMo,bc979385d14975fad97ced8598c78c6c8e088ee937cdd5ae34f78ccb28dfac48
9778945,ICQuVMymo,2141d229230a706d71159ff0fc34b65c740ef109aa672555821ae9921f25874b
9784650,ICQuVd{t_,07f579c7e7ffdb68a331e415cb9c26a5a57290fb1c7ae0568469eb29ac55afad
9784678,ICQuVd{|_,b879de64495ccdb3d99629276ca16e89328de80098ab9d50e988fd56279048c0
9792381,ICQuZzq|_,8af501cf56407048c1e125fe961ed429de471e31cc69b048c35be2401bbd58e2
9803622,ICQubQZxg,f2199735952f55cfad3a2cae71848cb79de99d2988521d142759ddac67e47f61
9804221,ICQubQj^?,a780be71e3f701eecb26de19cb2541691da07f685c6f5ee0da0aade556b56e2d
9804222,ICQubQj^G,d97de15138db32d2240242ce895940ef30b70dfe1deb28ddc374fa3eb86f1894
9804881,ICQubQrrg,7858fab388637aacf0c815a4234001b2226757e429d552a1a87fe7ee247256eb
9805377,ICQubQxZ_,eb51f237fd4425f9be74cd4333cc09329e24dd69cf5ca4169dec985c6664d405
9805378,ICQubQxZg,617b86a22e90227de93c2837b2e61905f9e054d2661e083f9fbac78fbf6960c4
9807050,ICQubRero,dd9240e6f7b2030a022cb47bb19f589610f3b8c48a524d57d39c5ea59ea1201a
9808054,ICQubRwxO,0f439675d1825f7f5a2a2bba7548b279db4b0bb0261051f253fd3e8aa6ed3b58
9815722,ICQudpiJo,224546021db7002b5b90f5de0b1e1912f0d957eb82310c407c6548ad98977c9a
9815739,ICQudpiZo,cda5bba629c3bcc7fc96baf2b6989439909d9dd21e1296f0580e2e5fff31f008
9815845,ICQudpiz?,fea590d94f18fb0c82b483f3c2c6303e5c7bf882f5484a2fff774a13a95cf708
9815849,ICQudpiz_,de1b6625f669a9b8c7f61edafc01992ee7148b6f6fb5c03801e5d9698a7900a4
9815901,ICQudpkZ_,4af53cee723f5426571266498988b6a8e84299cda9326529ad7e1d42fb87f3fc
9816005,ICQudpky_,dc41a4c75bc276969b38876a7f2cf6d4072811ab310e9f813d822486d488a817
9816013,ICQudpkz_,9503c14494cade15c582131998ac26e4e1c4791dfe36d785f51b7185158508d0
9848266,ICQv@rJxO,58734036b7da7e40ea67f7af7dff71ee3ccea3fd1c92b143f6c14c847c5b9d91
9859182,ICQvAxyJo,52d670c351ea163c30a0d7b218a479d2c42a57acdcab22a35cd2c4771702d1a0
9859704,ICQvAyyJo,7cbc437c729a8830cebcd633476dc5269d54f52308e584239ab4b314690e95d8
9861140,ICQvAzq^?,0930df70a5be7b9a8aa790ae49a49830e17528756bf758d3944911beb217bae2
9862724,ICQvA~k}_,5cd79ad0a4749515c3093d95a259a354c628fddad86bfdb46adcf9ebf7451bab
9863405,ICQvBP{iw,595bf4f19188ad5fa6be934679bca3dd2ff4bae9d9175c359de42953e4825568
9863410,ICQvBP{kw,a461e4dfbee1b0a3763bb4bfdf4fa14479c528dfadb9d245f09d5937477bf28b
9875805,ICQvBrw\_,1f32549621b0f48f322f93604c22b00cfe84a11e164c6fa87ba31420c43a62dc
9876038,ICQvBtyfo,ddb7d714c8f0e26bc86e1c1316730249d48b891e929de4e0dc2292ec6a85cbf9
9882454,ICQvCxw^_,efe4a6caab039e2ea365966ef72539b37d74b6d4396f39d340019b3070acdbce
9895221,ICQvD^Yuo,42619924194a4b60778f04976e5a900c49cd3da4a044de40c2c7ae37f7383e16
9904098,ICQvES{\O,85e46e03f9342321019fb1f7875eb97e6e6165389be0a0ab2f033456f5049120
9904109,ICQvES{^?,7b989f512d87a543d87b4ca8c09b5f1c7f8c88a0968ca4f82315293e408b8c17
9904236,ICQvES{|O,3ddf177d15b6eecd8964030d6e46b8f25a30403f7b9bb3fa506b3faba7055bf9
9904242,ICQvES{}?,448d68a3fbad9d50e093cd9400d1cd611f57b938d23673a39fcb0e260489cd2c
9904550,ICQvET\xg,858bfa4d39f8bf4e427c2e7de228109afcf2022b2c12843f4394c4fa2739575c
9904797,ICQvETmtW,077a7e69a1425ae1c533452b05d347c804216c7ce81cb699a2d37ed107a77840
9905341,ICQvETw^_,945277a803ad6c74c8bd263f9850ed28f7dca91966e4c91d7eecd099bf6a5229
9911354,ICQvE]ymo,5ad030916dbe4fe513bc841c57b417f93fd8e7aa11a041cadb978519c584e44e
9926009,ICQvFJwVo,afcf91225e017ff679ebeea8b08b430c3dffbf47978a9527ec3ba2b1cc6e9545
9930482,ICQvFVYjg,1193f03f57ffdd044306657ad1a0e00dfba70bc15e84e814013e0ca18aae45a8
9934468,ICQvFpu}?,6bb5523fcc26944e162f4eb64a4c6ad0d3c9e8d6a975f99c56636f66f135fdac
9934962,ICQvFqm}G,0ff5d9a1481eb24a5db75c6cb7f4059be9e0dae0583c8e09e442d762ccbf2e36
9937833,ICQvRrk{O,23ecb00359c12c281cbb6262577b5fbb644bfa07395c8d4135c8b71ba6ebb80d
9938190,ICQvRrw\_,e468eeefc9c9e10c5f03aeb1d8e6b8275d10605cc948874209f984a5e2197a4d
9952999,ICQvepmz?,c268dcd670c5b84af7dd92e7a022f027f743ec289b565c110ba9bd2013ab8e84
9955873,ICQvfP]z?,03fb2b0e178979c51b98965138b8ac659535a783132d1a461995a0ec8b16b93d
9958971,ICQvfZk^_,42989c480bfc2a0b2fa91ce399ff7cfecebf82cd2050ffc5300e09b39024980d
9959258,ICQvfZw^_,e63dde17efdd3ed42b275953aab6d706d567022ade7f13255e176001baa15c59
10049124,ICRVP|{jW,40aae7395cbc373c5c6e16b1e50c5ff5017d80a721256ce7b57797b3875290a0
10050368,ICRVRm{jg,57e8fb990270504c5b2ccc29de22c971226e427de9f71e42765fc48e77aa43fc
10050701,ICRVRnkzO,0a0807182809aafa37c62ac390ab39b1b00a7bb657dcd5784cd4358a0153ba5f
10054735,ICRVT\{\g,9dbb10f6149b74248f247d32b1bdf53aa13bd23b254d3227d7d42896b978ae35
10056032,ICRVTnkNg,ce84884b101d2dcb97c85f1ff4ad754ac32addcea36d099b14983ba333a90a8e
10074585,ICRVfZmz_,d317d163c65fb3947c7fba817b074d6d9a167fa3315523ccead345ac43b399c8
10078778,ICR`py]}O,ee42b4c49cac30e130d3ab790913866f7c766aee7549901610b0425b2a9e197b
10089202,ICR`thi}?,79e2c41cac5f70d8feb0d8e989d40ca06b484c80a708bc5a79ef44b3bc7cf5d0
10089598,ICR`thy}?,58e52dcd15c2f547efeb7ca4bb0df4b79bf4fe95519b5dacfcd8f43e869bb684
10091017,ICR`tjWIw,68121222ce1e0c404b2c450b12b76e42ffee5c4fe7e07ba08210239c1d8f857b
10091046,ICR`tjWUo,ab7052d1d25069509142b7b2de989e5393f35c00a8c9b540d48f03d86b00243d
10091060,ICR`tjWY_,4b963c2860179c8ed2acfd8cdab1de64878a855ff8315634f8f9836f6dffb906
10091061,ICR`tjWYo,8451b33d65acaa42e6d05636a7548f9ce9ee87255d626e1af1ca187ad67a9ac2
10091080,ICR`tjW]_,f045dd44b4eabd70a6425a96a6bd703c9ce35472987c7a9e1bf946b3f9a30753
10091082,ICR`tjW]o,e59a1fe2f96739984ca1e12a56e689a335f3f79b920e03bf86dd93e18415b403
10091620,ICR`tjgMw,cb5bc247871cc4e349ed6006e80d466a7fd7d29b0d8c4b5a959ee950f2d4c7ea
10091638,ICR`tjgUo,d5b6cc6da8b7e87e2d3d5d5b9cd535ebc1b6177b4cdc3069e7347765eca29af0
10091664,ICR`tjg]o,4ab5ecca2dea39f0304e9dd08d7e3c820eade1892a92037a1e6db6abb1dd6948
10092343,ICR`tjw]o,d045f8ed5900ed04c5c5850fdffe9e31177677bb18cc1d981fecab44bbc5013c
10096163,ICR`ui^zg,afc2b26938ffb6293b23d9365b9572f779fe80009d63794f00574134e98e81fb
10096267,ICR`uiwIw,c27ae46405c0ef8d97a77c5504e036f4f5fce6c7af48e4acb85edae218bad526
10096311,ICR`uiwY_,88a1b3922506cf779c39af0657ec1793d5017f06304faac8e3648b7d60e18824
10096312,ICR`uiwYw,e16e691ada954683cfbd999cd5988bde5128ee429d56df11837294ffbfdc7914
10096331,ICR`uiw]_,cc375cab9f962d07a591a54ecc16bb269bd349179c5bdd23940c0e7fd7360360
10096333,ICR`uiw]o,b971b0558d2a0c8c3a742a90ca2aa88bdfab3f3324d0249011c2813cb72656a0
10096690,ICR`ui}rw,2d61fb046da8c3029d8aba21d1959c4e809f552b17fdff804e1bbb5f2bf17b4a
10097449,ICR`ujgIw,1fddcdcaa470869ce5c91a846c473fa7d8d7343d41b36b02495e3cb7f85c4f0d
10097460,ICR`ujgMo,f02dab75ce7448c66558e10949abfa16b4dc7e51f113fd6e84d3925e581f18ea
10097461,ICR`ujgMw,b91885478e3da1d8a38c365e1d153e679924bdb42c002758dbfc57b49f7595f3
10097465,ICR`ujgN_,d9864c24e3566e6f0d29568ff2b127935daa3595442dcddcf36dbdeb1208f8cd
10097499,ICR`ujg]o,2028280835dd08f82e60adb84466bd276846e8c04d6472f53dadd33f31e3b23c
10097543,ICR`ujgn_,f604c3d680a7b48b0a7c8cfd27fd9cb0172dd01f9d1d1f948176b072f21baafc
10102301,ICR`vGyu?,fbeb12f61b334db9a94a99b7919138d78cc14fb778844f33562c0db5e5656bc7
10102313,ICR`vGy}?,c9029af59293f09ffe1b5300ff2f571b6c9c758eda5bce032f440102594aea29
10103105,ICR`vIwZg,9dc8e35d929550f6563d5993d63ae50ea5579aa85824c56da1e440e5695b7e0b
10103118,ICR`vIw^_,6f505841358c5fbcfccdd2630007ec099fccba55d1d7ba6f54401749b1d213ec
10103580,ICR`vJWLg,f201289acf33dfa23dd82274a4bdf394962a96b5f376001d9dbd0df492575630
10103585,ICR`vJWN_,5206ac5e05f6472a40f0464ba36aad526fb39fdcc603fcb9749544243633c9a5
10103601,ICR`vJWf_,9f5def3a8929d43619805924cd8d14eaefedd0a8b320edaa574b7e024880f3d1
10103616,ICR`vJWn_,9196d6b7cdb7df938bfcf14315c97f61356c9d3dfc1705f7189ac0420989998b
10104065,ICR`vJwn_,0863a25ca3a8a577815b24ed42dac751f6d1745c8efdf8ae1b2b3f9ccf07f9d4
10105560,ICR`v_zzG,5d86d5607812d130bff9aad0f9dc7729a54fd977cef0003c36bedd737df43c41
10106255,ICR`v`]NO,54bc0abb696bc9eb5530a76d5282f00490c9f18994dcf66b4c0b06d093283419
10106672,ICR`v`lmg,a356a6789289dc0f95a8c3246281a8bc6cc0edf4e1d66f300b4f6f89736bee0c
10108682,ICR`varrW,fe8501aedd8e93b60fb7ce06b77b0f01b78ebee743e7fa321d3c8c0def271616
10109728,ICR`vbMwo,b826a9f1619f7477a001c93a3f5fe93dba1dc435e0eff5c934b75c7418d1a602
10110720,ICR`vbdew,7797bd326a7c17173abe38676a8d383878dc70fbd79b24135eb486f1ce4ba91a
10112703,ICR`vi^zg,54ed6cbcdd7e8a67d88cf7eb118ff8dc6c00e5e20507685c17f648fff24d6e23
10112985,ICR`vjNng,2afc664f1cec8e2fa5be5ca2184bf6ddce16fdecce4d53418f76a62c82812384
10117628,ICR`}rs]_,fd3585151029eb5c50f1b2581166f4d9c4b5942d84c4859090e4d5d617d45489
10132258,ICRbcrw\O,2e8d9108463624b4e4002fca9a6a0b14a0daa33a88fc5fd05ad2eb7a02513ae5
10133279,ICRbcx{[o,5a942b744b7e392c56411511c47880302ee5d239617d10bdd10ed5748ccbf5f1
10134464,ICRbcz[[o,aaad9ebe837bd4d78854739680f60d704a8be3c8c2ee2f07dfb9919ab904f981
10135957,ICRbc~[}_,49d8875f43b460d126da1c4e1a922d45f8bf4c88d9262da43bd4e69e151819e6
10136229,ICRbc~s}_,aad240cce3fb55ee2573f5f11f7cb36ea92b94e4220f2b612564acb170866627
10136581,ICRbdPyjW,07fbce43d676ae23240ee6b8114c4105d237caea00849b1ac7c3253d590b848f
10136586,ICRbdPylW,7eb48aedd369bc15c379e4d31325c9f64c0a28528198618f9c77c06e890e4241
10137400,ICRbdRYbo,b458203efd23976d203058fe10a491e6d119a291ad0e3f840c060762d1498e47
10137415,ICRbdRYj_,de6469bcf8ccf64b52452e3224f3d61f8d0d37e8ff5e9700d8d6f359bffde8e2
10139733,ICRbd^Y~?,121d9e99086ba4020fdadb105a58288b6f4845810feeda0647aee7a4515f0f06
10145896,ICRbdrw\O,0e64e5270ce3f851ec4dbf691bac2f4c428e176faa30367e3f83e5dbba1e9dc5
10152900,ICRbezk\o,5b4c84f8bed680e640f5b1d94fac384d157538e61d49cf77628835e88fe7a4ae
10154626,ICRbfI]uo,0f79049af3be1ee3f3d8b81e819f112f3c7ebfe28ee824dd636e9a4877b15158
10154654,ICRbfI]}_,d4f269cc4d2e175b760a331cacc73af8f7019d7a00acacf45f6caba912ab1cbc
10164970,ICRbjyyfo,920763e58433b7614deb84ee3bac734f1873bc410ee105d1b2f7500714df65e9
10165161,ICRbjzYv_,05c70c210912462cf082682624a58d397712bf6020d5c259aed804e097002364
10165742,ICRbk||nw,70819da9ca19fdf0bd38a909ca031b9bcb78fd852119c304e9620f10e3215b63
10165748,ICRbk||zw,9b68f5267b187de7438651799ca0d671051bf52b3bc22906783fb9b7b7476f21
10165781,ICRbk}|^W,7bf569bf6068e6ad3d72a78277b71bb388d2572af2ba17136d5912f207bcbca9
10165866,ICRbk~l^W,6547df65e1d224dbd8331715bf5efb48e7053828d4521847b003fecd18fabde1
10172419,ICRbnQx{_,c149465a4e79924935a07330166146e12f84f6b0aba152a73a741fce31b6ad12
10173786,ICRbnZYv_,a981284645c3e6cd351c18e8f7553aa0568daa06aa976dcf9b99358b389ae969
10187263,ICRcq~sMw,db42fb7a403852e350b2d3d7df8c7c4fb2caad70391394602406156ef0ac0ce0
10187904,ICRcrOxt?,5a84336ba084a24a09f4387e85bea678cf3462b8a9ec834f1639b080ab7d2994
10187905,ICRcrOxtO,0d1bf54757ba3b4c0497de32e63028b934f49bc80b5618a24ea5cdadc01085ce
10187933,ICRcrOx|?,597130d565b0d15f98400d352218778dca3eb7d0940c18276f95455642c11e0b
10187934,ICRcrOx|O,258bf25711c13209817eebea20cfe4c691dc4ee5e28bd5a8503c91260499e750
10189093,ICRcrPft_,9e26ceb5a4f8916abab229f5b6b77034a0e472a45636b75611e57e646094a582
10189538,ICRcrPrx_,9d4d38aeabb9922f75968c90856cdac997a3d196ad259d32964df9fc63aaa9d1
10193516,ICRcrRUxo,4e811b4f04f1e983891224989a1127047e5f4bd91ff436604d6cd89fa375a428
10195316,ICRcrRwjO,60a092e65467715204fb9fcb952c200c5c941be453ca7287164d27a6ce934e83
10201691,ICRcrpuno,6cb5c0aa12251704befcfebb583bc787024c90cc0daf79a02c4bd9dbfcff967d
10201692,ICRcrpunw,3fc8f4cced87cd71c22a98083c2963293e1fb6d5422ea8f221fbe38d6d3c1623
10201727,ICRcrpuzo,1ca93501dfd1313befa12fb515f9157c40a0d73b47dd75a8c7535de025105d92
10201728,ICRcrpuzw,275ebb7707e01abe7e2af0bc9105050363952dd3acce61be7ebfbcac1b5900d9
10203584,ICRcrre[o,5244b18c013a1d96c04d0e9bf8b6210ec4bd7bf48b46472248b0fa1d7f84dac6
10203893,ICRcrrkmO,166cdc06faafdd53c88861e524a994c30ee1b32efb94f57dbbd9f9be5e6c77c2
10206607,ICRcrzUMw,5f5843cc66fd2aa57ee9c75b9ec2faa088ccc230da04b75aa92e4aeca0f1eaf1
10211570,ICRctT\z_,16e78911cfb17397c7f4e960fdae9866b1333349cab480b1587b4d7795a946d3
10211588,ICRctT\~?,da4bec314e3763445a303f756ec811ce7d1919d5fd3278aacd9a4c0d8dc90c94
10216817,ICRct^svO,f474da5c1964efd340f4bdf0ac4a83000a2a0256f145fcc6a4bbf6b8e97a3345
10234377,ICRcuoypg,307c08897c40dd7c7b6a3c98ecaa8c4e4f851a9de953911a1b2a87fd5f3e52dd
10235287,ICRcupy|?,99d76169fe28794e6515fb451a6267868f0127152a5637c3e848598d34f558f3
10248866,ICRcvZ[jg,8412477d3594b8fd368e937268768619de9b5c2af079e2d26e917aa5231be27f
10251998,ICRcvhy|_,c916fdd608decd4af4df0987782a3b99f2bc001853b7bd3e4f7fb67efcf3996c
10257128,ICRczri\g,53de36dedaf399a7a162760fbbd00e3f7b7f3e43ea57d9b3f8c8035c0fcc0f77
10257447,ICRczrs]_,11f2018b8c6f410faa3094cf84443f5a6d39d9a9e647f4ec1bb0e14cc75aa762
10267314,ICRc~`wfO,4b15500f1c38b14949e1d5b501acf5ba5b1e4db51b6ed38a20309d49c53dedde
10269971,ICRc~hy|_,0e80f55734b559c40adc54714b2f978748b670b1f2484500c9caca17ac9a22a0
10274429,ICRdjri{O,bd2024a6d78514f2feccee9ab0d1fdbae8d76b6be4a734ce22a32c1e87d4cddc
10280022,ICRdlrsww,9cf7a45709a19daabbbab56cfc7ef2ad7c4edb5bc34cb9ba1d7c0bae381ae931
10281800,ICRdlziVW,f2eeda2e9534863eedd370387c866449a124e13225fda90936ec8cc6e301d741
10291437,ICRdn`{}?,6c98f96571d0d3dcde2f0d498acc522d7b40d1278d6ebc5281e733e644dd1690
10292294,ICRdnbsww,1b47ad565066cbaca0ae34f85d39de1041b632c528f64b22bd3e4e63cff736b7
10293865,ICRdnjwww,5f64333fd525c25b9879ec50d27f5360935ede3a5e93d7298fe9667b406a6288
10296758,ICRdrrs]_,3834ef3209e004265b6d64a0c88fbcaad3ce615a4e54377a8905bd5048e8a095
10296952,ICRdrrw\_,4fe912347bc1b984fd2d3573244506535c8b4a0edb065744c84c39b66de6ea68
10300960,ICRdtrkZo,4261e689d5b852f7e20bbfb909015dfc49c718968be87282b6b59a5362195358
10300968,ICRdtrk^_,488d394105be7c6f123c9f0da5f717c5a89112652a723bee3a873f77a79ebdcd
10303550,ICRdu^www,ee0d84633cc422468abf861ddb9a9480ff09ab0ce241f1850150651f31a1f478
10307055,ICRdvPtfW,308d23ca3024eef46b4b2cc06d26780822b1ce2eb2af49e48b7a8ca8e125829f
10310507,ICRdvY{^_,38ca68321377b76e5822af34dca1e6a72b9069fb92d9902f175db81787123f56
10313201,ICRdvrk^_,ca27b411d59b1d7beaa0f1b29e877e8e1aca8479445196e4a8b5e8c713a4f0ef
10329854,ICRetrk^O,3341e8b76f74fad4b077afc27dd45623cb1cb5b0cb38d261eefafc09c7f93c1a
10335923,ICRe}zw\g,01d61f4e565de6be509befe93a051496a175ebe0918a04753cce1fe7e196fff9
10338766,ICRfMzY\W,35383898cdcf505d56f4b6c5f46f74bedb309a0dd646c1bd1c0adce4e85b8a3a
10338891,ICRfMzw\W,ee99c05bd39ceee8ce05e0b0c3443867c928850a75b81c797cd84d7eb00ac292
10344111,ICRfdrhZo,b9ff735148a90544dbc4eb19fc0549d9b2035a46f493e7a559b9c65059cd2916
10344114,ICRfdrh\o,0b5deb04f15e15e8a5e59b254701f49d7f18e33d493abb055ed43ccb5f68c27c
10346948,ICRfezk\o,3a974c6b72732e792189de2766c5e26539f10c320ead7f2cd5878e039038aa8d
10346963,ICRfezkjo,c1aa82937dac8323125a7de44e859db0ab917993c1e0a8289b70ee49e2c07663
10347060,ICRfezmv_,41930cc7fa444931778d410c0db3ad9003db639ef7848ccc0af34afc50c2085f
10356728,ICRtvRwNO,8890e930a96b909a4922d447aee64d7375f02ab81b69c43dae42d791fe902fe3
10363427,ICRvUrfzO,a3d6904da20153f079e0a693eb1835720f89d9dcaf2f1945dd34e8092246e1c5
10373214,ICXe`^Wn?,dcf7503c3dad7da559905a9bdb1174640c44aefb72388daf005e9dcbd6e0b48a
10373271,ICXe`^Wz_,b3f6c8149acc69332fcd7c68c6ecbe9677b05597d99ebd8d718afd386c35de96
10373296,ICXe`^W~?,f5ceaff3294319d4b892b9c386a1458c6195007ab32a9649bf0fd594e5bed18e
10377142,ICXec^[j_,0fb95e3fc87dd3126672485b6186413a7e843af02cdb01f65280c73cd99e9ede
10378328,ICXecusZ_,645c1fb10a62fbdb85ec35923dcc982239bd60242f0592a0fb2dd87dd740da06
10378386,ICXecusz_,9df7a7fd3a3f2f053e36e4339890d51d54b4fd610ddd14209b7b766091329a68
10380188,ICXecymv?,6f9cc9ea1b83c4577eda6dd371526254aebf63915a9555049f55b419a6daf858
10383379,ICXedT[n?,fa453c023730b4d7326a00da7b1e5f3f5a3ec20d717ad3f850d87110a500126e
10383398,ICXedT[r_,4b4f3483e91119a0f55f40d2357b434caee99afc6ece16e04ab95bf952cc51ca
10383441,ICXedT[z_,81d0d27258acccd525c5c2b4920dbaf8049bcabe41ae7e190363159c327a3a94
10383465,ICXedT[~?,d9bf43793b6b20e6fdc5b3c3e501708c8e7af49f2e1c28a10dad012abf7678fe
10384026,ICXedTt^_,0c9cd234e05d718772a1921f74f0039b4e4351c874d4dfd89f8ad9292cff0aa5
10384080,ICXedTtz_,4e414b07caafd376c0252025b23a180ba254007f3cb9b25ff69d6594c91ff6bd
10385316,ICXedU{r_,30c70012f983a3baf39bfdfb04d75c7db0b7b2a984df3414fa2ce18a1a7a9d90
10387314,ICXedVwx_,46c096bc792f1aaf56b51850da217691bb2f4b94fa7e56f552f2a5fe032bf382
10390502,ICXedZMn?,d893555e252c8dcda36cc2000513d1318dee882b39cc7326a05b799059d8bd53
10391828,ICXedZwx_,e335a78cee949bcfe3ebdad23267c4b6fe6a08d200374043bc91a10dc4eff157
10392706,ICXed^[r_,bf3b2c154ee787ecd51d3cca1eed6c995182a2a2b649a3e9a398e8b9411c05e6
10392720,ICXed^[y_,5fd20783905eb27a28a6b74df276d4beb5b278b1ad645252a255f55864cd4c6d
10392724,ICXed^[z_,d064c44524348904915007a2f44f27ae4cc46e6de4c1d5c9edc769532759f3ee
10392735,ICXed^[~?,60404512679cc4d9a6f678cc944bdaf9b92a04c542816a91304dff5eee0b1df5
10394843,ICXedpmf_,d2691abb32183e6d1b34622e13591277cc61c50fdfb598544420ede0acfb0515
10394854,ICXedpmlg,f07c55be73c4423f5e7cafbe88ce9e2e7ed86a395e0ecafaa189348cec7f01f0
10394865,ICXedpmn_,42c9bd438fe3df04e274e916a697d8dc7861a400fb7d84b0861c0c2e8521386b
10394866,ICXedpmng,23f2e2bbf84bb4ea9414d3262205b33779d0dffedbe30c7d2b2ff785bd6ed43c
10395397,ICXedq]zG,c3748f37e295552e07c54c2be298321eb281d0bbd7284f922e94857fd9455e8d
10395400,ICXedq]z_,6b708def2285e2957df905776a9fdf322164cb7918f6ede1c14be021b2ffba48
10395705,ICXedqm\g,a3f4127a2bc3ad026728491439ec19eea9c8250a9d3ab3897d190f719da32691
10395762,ICXedqmvG,29278f9f2db684376a3c928edc6970d8c4f325a6b4d8c0600fc90112777cf03f
10396061,ICXedquz_,5d3929277052e45e7f4a59f7cb018b3d5029f06992965bf339eeccabeff80c4d
10396062,ICXedquzg,b51d6b59f71bdb6b050546c946ca987e9f89610341d928f57920bbe72b8490f7
10396746,ICXedrMN_,d4b85a4c4f2d9af89983da87b3baa61fd806dd03e2b3732be6301d8e09f4840e
10396785,ICXedrMn?,b1c139989b79a49332370a621d456c306b5399fc26c9a073eec29d13702e151f
10396786,ICXedrMnG,a972c7959b620123ca49e92dc354104679d5e911f4f3e9d089e6262c1d132f25
10398122,ICXedrkn_,51bf9d2517b3ff2cfa6b8814d3afd3cff3981db620152ab1fcfd42323fa69394
10398236,ICXedrmn_,3df844acecad693370edf2a473fc4733ec40c2c3ca608eedb9da43605c38568f
10398237,ICXedrmng,0160b1ca837da3d9689d523373c86f0fc7b75dfb75aab6b96d87000e3a8b956a
10398515,ICXedrsy_,d4990a027be7606ac7cdd0b530d2983bdc5b35b711d6be74eb0e9463bbd5058d
10400521,ICXedymv?,b324f2875a1bf6ec35241b0791080eb66b515a350c8d197c00c18f40deb99605
10400874,ICXedzMj_,44ceed63111e980df05ea8451c9a2e2e9ec86cd870ea05b01b5bb293e6b593d4
10400879,ICXedzMn?,ed9fd013d83b4ae98ae661039e07741270fd6346d29e3268b9db8036e0aa70ef
10400896,ICXedzMv?,35874c1e0883dd408866a602ef9c473bda5a6a6e64118ef59a453f17c7ebe0ef
10400918,ICXedzM~?,b13ce9abd06efb392d12fe6b3868ad8d7376f62b0ce01d11102c733032f3af5b
10412860,ICXefT]\o,84e622c276612ce2636081af06500e532409b06e4d371aa7eb25d72627febff2
10413045,ICXefTy\o,2065b560d96d8c874133e44af623526b44690b4fa15205cd32b586628cd7a08c
10419911,ICXerYxfW,38914454a82c3f63d5b157149f5cb3be8ad7f906e078d8b2f4a0bb30b74defec
10420286,ICXerZpvW,4b2c3a0485e8f7b0083be5fd32886f88eff3be8875f388367fd4c243be87b15f
10421605,ICXetjwx_,f3117fa481f609eca3bfe9d8df09021120302449c1b48048289ab8d9bac4e8aa
10422145,ICXetq]zg,731f05038ce1025f7027c02e5ed3e7a042c946e763a4539ae6e1336cfa29783a
10422456,ICXetrSZO,fc2cb564295b5c78f4d386497ca0f769c8225e04f280f8648571e1d0ac88c09c
10422510,ICXetrSxO,a78bc7257b5cd945a54e0ac48111d40144b8412a8829e9e1099878e46bdb8809
10422521,ICXetrSzO,6290f9eade2509cd028309c0f075cdaadd87c6e40f42c8781fded28171283aa9
10422709,ICXetrcfG,6364ed7381b70a4f95521aad213634945cee9be05ec613ee3877235163790e50
10424904,ICXevM{~?,97226cae53bcb04eeab9ccd0e9fd450756295dfca4d13f41115147c1ca128fde
10425449,ICXevNw~?,da69ddaaba62c0e792691a551c906b4f8da77c6cbce8b0507a822decc2072413
10428770,ICXevZwfW,fb6405890c1d419673d84b0faac23292732c49c0ee6ff6dc8f46251b270a24f7
10433462,ICXfRnksw,557b6272d30da447a2bda6b4bbde3e5f4eca6d0add7ecc99b3ca4c4c98efd3e7
10436662,ICXfUh]{g,d915011993202872e7a859cc095e4f1f4fd4b19abda28af4ff733346592f0dc0
10437062,ICXfUi[Lg,470e78b36b130726c9eec92af613f4d83a39e9baa9843b48ab48140eb984f4a2
10437111,ICXfUi[\g,9cce2e84eeae10a8dce93e19c3c397a524ac25210f77fcab4111780ba9ecdd07
10437169,ICXfUi[l_,55bcfc91c48b1317f38e20b33c0e4c2d13378f3d6b33867e7ebea3ea81fd9cc9
10437258,ICXfUi[{_,aa01c6e6930610f2bd314ec9ff32c681c14fcfdbd0f9a09eab472ffec8fb8a1c
10437266,ICXfUi[|_,f573650af284c5d7d914dd11038234591d65d9842772e898c7221a528ef3f3cc
10439122,ICXfUjwjO,2073526914be308fb36cfae1d1667dc9db9adab7cb76c94a5d28989e7018e1f9
10439699,ICXfUzkww,849f878a342b2f0f48439f58940f301cdc4adc98527a0883daaca6ff1aa86221
10444664,ICXfVjwrg,9e5ac4ef97fad7b7720a328f99607b71b0e8a1885069005e42735c4d07dbbac6
10449192,ICXfe]{~?,b43cd28d8a3ffb823ff64682f900ff5709e0249c4ef044eceadb20b62184ceb2
10449748,ICXfeq[Xg,c9594c679be623ef134a9461378d02b4f4cdce566043f85e388632205129370c
10449806,ICXfeq[xg,ee60425d9b2e432ffb394c4f86cfb9a8db39a5ff553115f93d685123335aa849
10450342,ICXfeq{r_,34cd40be25604dd86284aadd75cfc3858015a148fe84157142f6aead6b87584c
10450906,ICXferkfg,d85751f5d8ef5548daf1cc2257e08b57fa29bf3cc10b04cf3713f0fed5cded83
10451040,ICXfermvg,346aecae59fe26fb521597f0c5c15833bd135ad2dceb3cd5fa5450bafdc46eab
10452445,ICXfey{r_,2e28d0a13267dc2e71462d59f2a533b4103c44bccc5deff1a2b89453a6ba71f9
10459478,ICXk~Vs|_,926462477c3c559d6bc712af8172cfa8447a0c1faccd45584a3653cfc4cfb22c
10459491,ICXk~Vs~_,21d7056f431f4ee9f23d040be7b4b54546884647c45e3c9ad152e615b25a04a9
10460358,ICXk~bwwo,b35c1afc81b71d2b598ff5b5047389a2a96aa64f80727e22a43620b0eae40eca
10470115,ICXmczoWw,13beac6accbbf4cfe50db8a6b4bf0bfa950655f2d8548d1fd200ea22a35a98f1
10473219,ICXmd^w|_,6b322e97a41b2c2f7608eb65ecc52f892763f54c9832a673af409add33b69024
10473410,ICXmdaypw,49de0298c46d01898236d88972e659395e8f3338b93975f56c23115f0f2d98c7
10473586,ICXmdb[Yw,dc19a618a4409a9f717f5f4cb26c99a850c1c7c99a0a156816dc233fe65a8728
10473705,ICXmdbbv?,a974ecfd2cd1f83df069e2e86987c158361bcb05de1d62822bea0c6f101b4edc
10473706,ICXmdbbvG,6051926f9b5bc5a87d729c835070536fb79b1378f162fbcd8bff0f12162f1870
10473796,ICXmdbitO,43b24783e12166d74bef9cee3f77e4f0280f53418e0258694220a8849bed7086
10473797,ICXmdbitW,deda9f7f69d3d681c46d1355eb7ad0aa2a756c553b6cd9a8afe0ae3034c699af
10475440,ICXmdfwx_,3e3166c933d497f7cd98d090659282a8b2f1e5204a2b36ca0d28ff12c2dbba0d
10477038,ICXmdrTyw,f89cf64ad2501faeb0581039b04d22d89654acb3eb250e0d9b24a24c20159a4b
10477387,ICXmdr[yo,a807775d845315a2c629befc5cb01212da509232f1b995651ab877d627f65510
10477388,ICXmdr[yw,6d606722764731acfdd5b726dcc892d2cc255a6df656f6cc81a7b3b6edfcb3ff
10477527,ICXmdrbvG,1442164c74cdddbe0aeac92fde3e3200150168a964dcab815d05523ddf5e0bcb
10477529,ICXmdrbvW,9fe86dacb1cd53247a19e95644f7abecdb38795e4b174e03bd188888b5ce58fb
10477940,ICXmdritW,5c42cce575cf35655dd156f4704237c94c0bc3729e3e2a355d203e0fbf56de61
10477946,ICXmdrivW,081b808df2818737a674bbeee1db1ddecc597d71d7738012ae35ddc1e70a479c
10482382,ICXmeqe[W,af690e7dd19823be3932a4a6579cb3afdee53e0240a213fefd21b58f3552c56a
10482531,ICXmeqe{W,4fa720a16fd4500a9b7b7d9e3eb7d531f7e9e5af93fba96ab9a440cb22b5fe66
10482535,ICXmeqe|?,db96532ea0bf7f77d0c4c2336980504ec951929867c23bc9624989073a1f9677
10482536,ICXmeqe|G,eaea4af8eac086d4fa65a919b597453e0c6ee1c7e02fb0c6ea1cf4ba4e9e0f8b
10482711,ICXmeqsWw,0874b6aea914ff3dc42395ab630e18a650b73e7aa05892eefa9a451726bc2d08
10482714,ICXmeqsXw,5effd571295fe260cf167dfc7c0f2e828e0f1e16ad7b12aa7123eedd1c315ccf
10482746,ICXmeqsho,808eee9ff1512eba86ae44ee924d08a23a5bedb1725105f6ad47b2151a278ad1
10482747,ICXmeqshw,2b1757f20a4a19b758b2643190284864cb587363d0032a6cb11f41c8ab21175d
10486696,ICXmfRsfo,db8b2767e6ab9fb54f199d7bf06e3faa21bfddd0983ca67efeac2416e2e8a5e7
10486708,ICXmfRslo,d2d5b2f3398d9e9641898acf8de2f5a461d58a8e141506182582fb73139f8070
10487584,ICXmfV[}G,9c21713a3531f98cfa7478f4229fc333bb254f760f047b22a3fb44c6eb643bc7
10488024,ICXmfVwvW,b568a938650d43ee1ff40f94f167f244f54d95aa6b32389d531ecbbb693e4a60
10490297,ICXmfb[ww,ef69872999180be26221fdec257b0788386458d46f3a16515dc3697267ef0c96
10490378,ICXmfbbfW,263743400761b5539818a39623a16e1e73e19b2b7e8df350af34e48d1a88c7a7
10490505,ICXmfbiVW,213f8d7986b0ffc6f3792a0e5dee14c523bf4e72c940e1e8b58c17bd73a2dd94
10490545,ICXmfbitW,f39c9f442bc8bd83d88bb917266decba44f844ff82972e10d16a9f3a124c2775
10492541,ICXmfr[yw,dccd46556ee5eec6d174b14d156aa3deb90b9fbc5166bab098c1e687ab61131b
10499012,ICXmvauyO,2acd012509bbbdc3d8f3e3aa101b6997d3233bb79041b5abd8f26f9e31f1e623
10499185,ICXmva{wo,beed8ee7ea03fbc794181247f4d44d1344afd82ce10ceed7e815d14d9a6643a1
10499803,ICXmvbsho,01c92b201554c0e4d1ffd189cfa74a8a1dda766f430414e05e7419cf8b31e2c7
10505136,ICXnC~w|_,0daeba583e15862596c9be51b85c745df8a018efda463eadbdf6c0f6309724d7
10506594,ICXnEu{|_,5a5372332df0f58647998b14a01b8c74dac9a07b3cd7ccb34357763e8c1efddb
10518033,ICXnVrsvo,ad57ee2e4d6bcd1a99e06ec648f2dd83be97e6056c641fe6d1bf79bef4b61b0e
10537974,ICY^Brq^?,7e2819b5e1bd4942a475803881a5fa7ceef7e802da778f9b80e8f92fbda9c54e
10539964,ICY^Bzq}?,aef8b57f8c8d2c8f5cebd6ec5749d7014808120f1d5173d25f0c95c59798f809
10539970,ICY^Bzq~?,50b4553fad40d8a4d188a643a831cef2ba0b45b30ac9350586e0e11f784bd038
10547015,ICY^F`fz?,c6e9d19d298c3dd383ee88386745af12c60e7fde49932cf03827b4d44d058089
10547156,ICY^F`lx_,1ec80588b6cf423e723808cf7093332469cac6d90193546fef3eb3d6376b9dfc
10547495,ICY^F`u}?,6fbc2e87b3c9e9e2d294f9bfb84494327244df8cb082387fe26cb1f89b1df1cb
10548838,ICY^FbkVo,cdd710bc386e80f0f74d8681024ccae20a855c9faf729a33cc61cf294dfa5a9a
10548844,ICY^Fbk\o,ecb646fc7241653beea9f22820d403c996931580b44ddc69ae352859e9b11936
10550083,ICY^Fp]|_,7045cfd10e056243343dac4c99fc9121a8f98fc9c89d2469e41264fedfc86bd6
10550168,ICY^Fpu^?,89005d7a1daf3644622408f4d8a79ece725269988ee95d5c40f08d6c14c4f103
10550186,ICY^Fpuu_,6386b88522c5229780870516d09d36113ec6f0b35fec79d505723d8363a9da9d
10550213,ICY^Fpu}_,296649eff8901988df7825157d6fcba789f780710ace77fbf30fd04dec75f603
10550819,ICY^Fre^_,9edc77d5e5cf1072dc3bf89c3346e90113cfa39b735c644ab69845f98a41b3f3
10551927,ICY^Jnw}_,24815990bcf812529301eb5339c676625ee48c285053b7fd735869828178d929
10552363,ICY^Jzq|_,070153b419363e71f642f715080fb68564b76931a96f15d132a9b639581e8841
10552371,ICY^Jzq~?,3766e4aa1724f436b6d4b47ca6467b464788e79db35dfab6c11f70d6211b763c
10552487,ICY^Jzw{o,90f0f301dd84dc971b937c499c508950bfb0ad57684fe891f0e76520c4f67cd0
10554329,ICY^Mzw^_,515776e9a07dafa7d87ced7605533cbf3a304a5ef2536a78c7b3aa7a529bdcd0
10554331,ICY^Mzw^o,1e116fc28311933be31578292dffe3cb8b93ea5b3dcbdf1565e22bec21bf620e
10555706,ICY^N`y\O,10093cefb2e557cb6af44269ecc430a4d6527aee9bbd9f4b970a847340c07b87
10555836,ICY^N`{[o,b8534218431f04b578a1bbd16486081ab0acdb60b2e02a45519fc6b18a2d6aaa
10556383,ICY^NbiZO,33304a6fb05724228776dff40462150e3ffa10cbb395d874f37230aa4e3c51e6
10556638,ICY^NbwRo,f6e4bc85c193b8659ab36135e279f29bd297f64854d9046ae09da4ae05127aa4
10556648,ICY^NbwVo,9e82fd105828d78e18a58f5ddb0bd6b5528a204fbd1468fbeea371ed637b1538
10556661,ICY^Nbw\o,fc6b59475e7655110d9f27964886c4b537f70800dbaba0307c83cc23ac9a5a32
10557589,ICY^Njw]o,a61c14ecfcc13beaaff07fbeec437d284bf017b9ec402d2dcb7d83b055304272
10557858,ICY^Np}~G,a1812a0795abd95ee7649f2c65511db6291f73dcd4659456a6d7e88944e38e80
10557993,ICY^Nrw\_,caa617961a83601683272618734777d50624a4fedc983da5697a0950dc6a44cd
10563657,ICY^V`tz?,b829a16a4d15247dd2a24b02adcc214bad74662135a11b322cf56da9e3559fe5
10568506,ICY^fbkXo,d03be404f1b8e0f4d6c4814f263d4dfd71e7ea9833f5e36e6fb57fb3de63556a
10572850,ICZH~Zq|_,aa0ca0e8f318cdb1b3805cb244c75600cf48c72e5ad8d8484884f4a226228696
10572863,ICZH~Zq~_,18cadd924b3f9abc43593e4b902300b575d5d83e6739428f513f5881e8a47f1e
10574524,ICZH~junW,02eba5ca9e87dfcbb8b96b75ce36329f68d4a6325a775993ece4bb47306979f3
10580416,ICZJ`~s}_,e7180cf3c1a3a05b72b4d7d17ee78001518c1c0215751e22a41c866ba2eb10d0
10587099,ICZJbv[}G,d47c205c6d22c23f1cea9daf681047ed32800596df3271666a985b5aaa11fa31
10587385,ICZJbvsN_,fdd701171e234f20b56a029e778a0bde6da36ec85fa0153ae5dfb930a6cae1d9
10596500,ICZJdfk{_,1e2a52ea770b13e1a696cfb58150a909db5d946d75ff1a6d0637099225d10ecb
10596776,ICZJdfs]O,7a02c5254a895a74a07b1fcbabf9a4969bec0748d5b38195accc0e2529281252
10597362,ICZJdgzV_,ff235fb7b6373be574f2f89fa76e907b2c12223b95160dd945b63e9c32dcf8d8
10597408,ICZJdgzsw,91f69481b46d1c54ae70ef846eaf3eab5a35da18de5e133f4148a4e46da5498f
10597483,ICZJdg|jo,950f5df2d92e4088b5685668140369fe17e9b8f8b6bd4cb0705caf25928b18ff
10597627,ICZJdhZN_,02fbb5c2c146c8aff67728972b4f45def8963758bb4915773108b9812b79f4f1
10598407,ICZJdhuwo,92d30ab269e9d7c76f3e96b148df764d93f8628e3955c825d4d29446840c9720
10598410,ICZJdhuyo,b02a717d070b92c42e148f243c8405516c70452e7d155464ad54c026341f7f33
10598474,ICZJdhx\_,b8c93001a94c355bb18aae67bb7d163f3508d7809b08613df434b652dbaf30d2
10602004,ICZJdjqyO,84fe11a6692a021badb60f8c25fbeb49a1a908e13d7ba1157321258d4ae3e968
10602362,ICZJdjwwo,8c4edb9561ef1cff941cb54ac2611a813eb3eb7ad4fd7bffccba26f30e425af4
10604676,ICZJdpyrg,7893f0bbaf4c8a1e14d2cd7c2d8ad15272ea95f8e0e450dbd988eb0d5e000a83
10604689,ICZJdpyvW,28aa0caa5cfd4580cbaf86f6d65c06d5836281bf2399f5115aac94623b88d8df
10605904,ICZJdr[]o,6f4806c7826d8951d2460573076b5358feb060ef5585d15dfd6943493b4449fc
10605905,ICZJdr[]w,8744caa62e498b7645e8909d939319676715b82d46eaae89c52c5d8db693f2b4
10608204,ICZJdv[|_,5b5cffec6b0ad3ddd6eb1920d92229d8e1366dfe3f6e024c0ad4efa59fa5c6e4
10608633,ICZJdvqdw,d6e7f762de5203d17d5c34e1378ef2c4ab8b95d65df6388e8ec7ddf2a9edf890
10611953,ICZJeg|Uw,d59f4bbaed35444b09fab6fedfc9e53c0297e76593f910f69a0bfbb928510ae8
10612767,ICZJehz}W,74906417196cacca32f7f3b37085f310e3be84b4ce11f9cc2c94d4b5a2fc4b7c
10613780,ICZJejYio,13be627952d08a8892ae49ccbba1a3cc487258bdb8a6d74f2fc42363dd3135b6
10616463,ICZJeqm]g,ad6a706d351f9383db77c43615c3ca231497d9bce32adec2df0cfb1ef2d8596e
10617553,ICZJerqho,d0b990ea3eca70a9b7a3348ab7a9a1d3c19d094a31e691c034d7a696e1800c09
10620847,ICZJfIZ|_,2acee70ba481818de1affae32912ac45d34e2b642b440232fff32bb51a84cbed
10620853,ICZJfIZ}_,280a874ce20348261e16d965644fab7ab267070f425df3f7cc04b26a33688f21
10621871,ICZJfJUww,e479b570366c8eacc661183a4aa57857b350121c291cb71826b67edc45c6d225
10622350,ICZJfJieo,2e3ceb374417894051e8da8680312e98390d187d763fc59d2aa77e8b3c1fb677
10623568,ICZJfNUyg,cd6b5e2b3e3345c01f6393922040de69aa881bc3cc9c0bd5cb981420f9a70fbb
10625180,ICZJfRdyg,63a803b2a518f5f1eb408744130896d9741026af6928af7728dabc3d0d9e3f13
10625471,ICZJfRqdo,58fe39f3fa43dd141bbd77daaa3eeb3192ac1fe5d2161ee414ef68b0bf81f0b0
10625473,ICZJfRqeo,abc30f63c5eba616691ddb6cb97c315e95f54ebeaf3bb45f34595fec55e4206e
10625485,ICZJfRqlo,a97abc8750faaedf3f124bacf8b6c30e18352c72349bd1d52c08b94a2915cd8a
10628892,ICZJf`rfW,fec9593abcc4eb2fd46996215382a62bbe6ec33ef1503634b1a2ff657d474973
10629227,ICZJf`yrW,5165a1f4f025efb90eda7c4e100771ff8d4aca321c94e1d823f775ab5cfce04b
10629231,ICZJf`ytW,2b45106e28191aab7778dc653d7078fc7755ac0083cd08e06323c519944bc625
10630344,ICZJfb[[w,81c6adc167bdd3787c2564347ee0afc32f4134398f0ebeb3c263283564f3e9f4
10632291,ICZJffUyg,2c56613dbe8dfba395af1c369d57d19d075bd407406b7d7e9c3ef89fd18a74b1
10632390,ICZJffYxg,b8444ae4f1c25f81688f3bfc350ef8960fd896579d9ba592807bc4f180dcfbd2
10633168,ICZJfg~uw,099fbdb451ab3a901d1a61ed57b6ed3966b191adc3f45ff17c97ba9aa9d0c203
10634501,ICZJfpvfw,ff453096fccbede0ff35ab890e66dcba48be5bb49b38eaf8faa8241f75336671
10634563,ICZJfpytW,971c41b2eb985c5ba1c1564c316587c889b2dd558806a82297a6515b71735d74
10634567,ICZJfpyvW,a6aed3a5fa365cfde04e939ab31eedde1d06f42f43c67b97c2b566c6b4951b80
10634773,ICZJfq]|_,e9219e26827a87e505b94079cf939d76e85ad0bcf5dbaa2c074aca893ac80d57
10635468,ICZJfr[]w,fec953b4c8f3112788d3b39948cb5632a1decd5cc5807d06ca6a4e4c4aed3e04
10637650,ICZJjzwfo,b59089a624cc5f3b225ca5bb167872385d8d5cae90a12bb228e15d1ac15823fd
10643030,ICZJmo~lo,b7f26717817541ceaa4b206747e83b38e80f4b40cb7b1cc108e1b3a762cdc2c1
10647961,ICZJnayxO,498b5902052ec23d07d10a313939252618d3dd3185f065b12f648c23d334f6e0
10656210,ICZJtjs]O,56ad04aae5858b3470115043f2d9f6a378759ce36735a011c6f5749c4159c6fb
10656427,ICZJtjw\O,37f203275f6828a75f9d0608d8cedcbdeeae7afee8321b79902d57d710325d5f
10656457,ICZJtjwl_,0befaae6b8798757c2356a20b531a641333cf0232f3b54cfb963c4ff2c9965cb
10657254,ICZJtns|O,e401a5da2072e180365c40e0d216e229c920eee2331addb9219b2322c5050a82
10660935,ICZJuzsNo,470b086da0d2e85d77d24677fec4022bdbd977275a8eb61d9e265b376baa537f
10664555,ICZJvat\_,6d337275ab6e061fa84f089f89f9db953f7465f225893199052f7ab9a49fd497
10665466,ICZJvbsLo,cce0cb300fe12a7863416e01c5c2a7b8dc8373381d2a1388131050dc2ee52c82
10670290,ICZKznr}o,9a0690175906615f2d32fc919acdfd08b5f0a9bb66ef56f29a154508c05eb00b
10682721,ICZLbaxpo,a1ee71ec010a230dcf4c27a323480887d7aa0918d5828146c94c49ef09c6f813
10682722,ICZLbaxpw,ce4eff486abe409702ae72552c42b96df34ce78c2709e665a5e095cff68c5582
10682907,ICZLba{Xo,0985e4b837e271047c99286ff2b5ab835b814d91082cc4be8f51915d1eb3093e
10682908,ICZLba{Xw,704653410e3051190f5e485e77f50b1549e76d009ba9767a1642752582c78614
10685175,ICZLbvsv?,b7941bf4ce11181fdc59ebad572275d4f0005f76f50c731ee3f0617562064fe4
10685202,ICZLbvs}?,5e5b4842ee32b23d52727236e777d00040df1980e57ffbdfa0d1d6295854d1d5
10685210,ICZLbvs~?,58331a4c6b3a68726a575954df3dd91ea6018c6beea3f2231a2327e792a19226
10691232,ICZLevkmg,feb64717409e81e135fad2f4ff0ec4f0a5f063e7e4862a577abc709b769ce0c3
10695161,ICZLf_|xg,e5853949aa1fc7f6e3f7094ba9bb34e9e4c5ceb357369d774e2ef9851f103736
10695228,ICZLf_}\O,e426d49fbe225dbe17f937405767d25b6851a2de0c908db79c36a6f5a325d306
10696523,ICZLf`uNO,725db9b834f495d17a7cd6da19e967503a516fd3c5bfae6e0628ddd690408608
10697752,ICZLfa{Xw,c8a12e4da4a2cfe771d32e0e0fb4b76df71f89be0f39d479424c482b41dd3479
10698796,ICZLfbiUo,4ab895db169d1536a50eec27e3270958cab532611ef82e05d97c16b7b216bb6f
10698799,ICZLfbiXo,44a7e5d8388558439b7869e759d55d8cb8f8aa996b862921acda7de3a1fbb9cd
10698805,ICZLfbi\o,a8ee3189f125244fa36da9abbd176cdfa8dd5cb8d554025c9e265412efa93161
10698889,ICZLfbkNo,842901a6522c3c8fa3dba5cbdacd3630c464b07fd96591131794e55633f6fd0c
10698900,ICZLfbk\o,7d048cf5e48da5df12d77b7a30af57b24ab77b3ab12a244474af4e9ea7496f9d
10700772,ICZLfpu|?,b5fd7abfd1216d55de60bd363c0f5514bd143c35600e07c3df8ded6f8297cba9
10701083,ICZLfqu^_,e69d1497bb25b770823eaef5b96d25089bd3b8ec99fd5ff1da0a345bc20775a3
10707510,ICZLn`y\O,51cf484da193c02b4f8fc8bee663b75fd0224c20854f2b87457a68183c8960dc
10708098,ICZLna{xW,a99778e022d0352e661ea69d1b2380e0320babda2217b8bd5e2e063e2f1e2217
10708539,ICZLnbk^O,23016d34c8cc3eb59e4bb92ed138863c7d918753f2c52d5a0578686084583a8e
10710135,ICZLnjw]o,9113689f79a8d4474a699e2e1e80d80d0d73842dafd473e973716e829ac76229
10710678,ICZLnrw\o,4db08c22a8fc7633754d0d06e037f43b2de4fa78ecd7d9dddc7471e2fb9c7d23
10718419,ICZL~rsxo,705f01321219e5eabe79faf25f03b378c1b48529412414c0f956bc8f747ee975
10738795,ICZNLzyn_,0e9cb792b21371797d39bd904ec76ff2d573431b5fe4c33ce1a2a27ba736687f
10753507,ICZTb^k}_,291930f695ddf211b13848751847f804a3f38bd3f14d9a6b176e5dc0d785dd6f
10756104,ICZTdXZr_,eb25687064ef0bfda1bda6591229a725e1ea725538d1fb79246958295af6702a
10756325,ICZTdXqZO,f97795bfefd99e44336344ebd9354004262e2fe0717c749d4458be1f782e07a1
10756338,ICZTdXq^?,a0071744b8f38dd48250a8c74dbadc5e2d00a63def8781006804fe873652c14a
10756340,ICZTdXq^O,60871103f51e53aedb25509704ff0a1c7f790bc1b7c66500bbb9eced5f06c9b2
10756619,ICZTdXwSw,c962aa00ec1bf4432cd83d19a59d68ef64088f56c524a65d56467cd09b91a6b6
10764631,ICZTepfy_,b454571bcccbf63eb92dff633e0d633082209e0b4c733bd1e31b647834081b34
10764632,ICZTepfyg,96749f9fcd7c1c10c3737973fa45f2eb110a1ad8543293d5395564d20b9132f8
10765699,ICZTerfyw,0de1b28189477807d8cd5bba10dc43211de16ed701b8246271c886dc98faa978
10768701,ICZTfQ{pw,1a49ccd0b286f3c064007e2134121d39dbccbabd355db79be611779a6927340c
10768721,ICZTfQ{ww,f714d6b46a93b1664648d4106108aa4e6a5b12fdf5bc18c671588cf514c994b8
10768935,ICZTfRXXw,ad66d797996e674cc596a6ecc9f695a03dbb4d2b5770628ca7161e713f11447b
10769264,ICZTfReuW,da09727380402fc4294ae4f80fa0e4c5f267377e099bc8625861a2457c14f24a
10770570,ICZTfY{xw,2fb2508cfe7a761ac8c8c928a69fa1b1057269a7063b54d9ba7a99c5032d33ab
10770896,ICZTfZemW,7615c4e991101a3552f4b517ae8585a2331a7f41cb54287dca9bafc16a307d7c
10770898,ICZTfZenW,1f146019d08af249ee2486041395276951ddeb08848a3c44b4d8524e562fc543
10777172,ICZTnRw\O,7597bce8410c8288742b1b50f1b5050c287c91b48b75a56b6135457f84d61730
10783003,ICZTvbeqw,cdb8c2c1a2d290512d269b82ce64b10be2936b3a94dce803ef9c9ce2aa3cd76b
10783084,ICZTvbiZo,1cc8d4b2d4b019d12ae7d1dd0e1757ab2033b76428913b4c2a21d7920bd9b500
10790716,ICZUnZw\W,2e617f59c1821183d51a05049661a6412db5c0052b99049a6ea822d17cddda08
10798360,ICZVBx{xo,11a4073cc0ccf61c84ce21953865865d0236b93faf42dba19388a8341665459b
10799142,ICZVBzk\g,27d3965b246966c636c9c41498df5809f9e5706e9b23709626e26ca20c8b811b
10799745,ICZVDX{[o,a095b0de7181cc511245371763863ed8408b20d3961d79bde7dfc8b8260b2a27
10799828,ICZVDX{}_,f86b760a33b51ff0d3f6101767d2fdf038ed5fcbfd3699e94dd91ffea15e0df2
10799835,ICZVDX{~_,87656061dc4dd486d4716a8e03b5903b5e3ba0c7c15a6e2ddd52fc2df82f2760
10800707,ICZVDZqvG,786811ad93504748df49f5f66f81d16f6d1c4bb7822c9a1a75c77a33a35a225c
10805645,ICZVEyy^_,fb862f2f61fbdd12063ce1c033d6bfd55ffe97afe6c4782aad6c0e3afe4fba92
10811295,ICZVFpmn_,9a42231113115862fca67ea0daece15740a30af0d885676ac9a6dff4f561f028
10811296,ICZVFpmng,724509c93d1274cc9d9e9d632b84631f11cd5f08510202fca1bd8e433d6fc13b
10811531,ICZVFpyn_,c1317a83bf40da9344ad0c2f085b4bfb8d2697a3c1592cd87001a20f96b6aa0f
10811813,ICZVFq]^_,10d551264de50abc2914e46d91083c51b7ff3b5bed328cd32833ed9fd4d99631
10811946,ICZVFqm^_,ee1a17d586390aeff9335cff6c6b99a2b8a018a90eaa63c7cbde1205ba12dad8
10812067,ICZVFqu^_,aecc141c590d8dfafcaa07f55ee8909dae08b4b14d18c9a85726630588d0d45d
10812068,ICZVFqu^g,75fb6fce202f418f4ea55eaeb16db67b4a8c34dc0c8767c952d4135021d8f62f
10813972,ICZVRqu{O,c3b76a9f15c6fa0f7da382d870da3e67eb69f253473362e75194f60129b8a87d
10814612,ICZVRrqlo,51974a52bcebe7b7c0dd8e7a1c8a5332f8b367709f08eadaebd5a4685e2ed691
10815916,ICZVRzf~_,712ac67d70b319b4d6a4118945eb2679961b195b851e1d45629e056eafc1610d
10820638,ICZVVd{n_,42526f196ba7aacb390a69033bbd2c7879174101fbb9cd33bc1aa5d41a9193b4
10820679,ICZVVd{~_,41c5d62586a932fae5eab96c1abd323c352b4f96a1199e428bb20af117969f37
10823978,ICZV]zw\g,c8add0075a73d86ccb93ac6beb4d57d753700cca863ebbce8d100b05b0b4d78f
10824635,ICZV^jw\g,a0f0fd708bdd795f4e656243a70e04a7a628b8a916563713d5b3c6dfb7ad0321
10825467,ICZVdzk^o,7dfd57b4862c2f6385bc47e5217f975bd2b38d850d728038f4fcdfdab9fd669a
10827766,ICZVfX{\o,d2ef2c2c3f18910040ae3b65ae48667d10fc73a45f767bcea6789c96b2f19b2d
10828000,ICZVfY}~_,06cf6c5f7f5d2bc7af6565ba84f43ecd6698005bdaee4a8b43a33376f625a35a
10828346,ICZVfZwNg,e86d6409584c636a06d860841928c83977e488330b9f92ab2f72940cb1212da7
10828356,ICZVfZwZg,ccb4b59cf1ceefe572038b161d13e1628afed8f81f07d595f1463dc276bf7922
10828540,ICZVfZ{^g,9521d41a427cd46478e8b2f41dbc9a5d504de1d98e0f0253fb5afe5904a5877d
10835407,ICZ^frmxo,d36e78b2026f84b96997e3fa545f107c258c14a926e3d0a1ef7581b53e35d9b1
10836082,ICZbawz|?,2a3de967d9e00a175eedd4cf424ccb770d87339e5e72f876a67f3fae6d65ea7a
10837232,ICZbayrn_,765f7663135036b7c60464c6247d9aa73602ec203eebadd7c096aa14fe55775f
10837266,ICZbayr|_,5aca5ea17e9810336ccc4a918c66bfade30f663d748c524bc7c377f8ed3fca64
10837552,ICZbay{[o,dbb69424b555918662fda6a793a9711b8b6c4d340e493e13d061e378406f3b5b
10839336,ICZbbzeto,2a37685be4cd6e8daa6d067ffb08bf190163e39b3136a18b1f74aa218e77c5b1
10840021,ICZbc~[}_,514ae441039fe7fcebb499450287018c3124b89da841dc136dfabdc0e0829c75
10840366,ICZbc~s}_,f0c2fca866c210a7a2257a2f577b1e264eb4aa4c9446aedae4fe51ada907a8e4
10840997,ICZbe]y~?,66044f8e1c826f364208676910c80a4cf0a4ee250be7cdde8f721a77234581c5
10842937,ICZbeiYy_,5a9b33d495317f11e524b337b9ecabe925553821b84d465a5ca99aa3fb906e87
10845147,ICZbeo|\_,2a9607d123f7c1e69e9078d01a183cbe501438a98d8aa37cb9780599b88d9955
10845260,ICZbep{Lo,8aa6b3bf44da799fa1802ecf87d0211df66e6c41a94bfcf5d8872f05964e7cc8
10845811,ICZbeqfv_,dd34c999c581ba04d51eb66f4a2bad5a1b7eba44415793f8247a5110acf1ff20
10845834,ICZbeqf}_,b8ed3651851f0173e05313275746701bf4cf603b95a098608754279b5188b9c2
10846061,ICZbeqmu_,2e2cb1234fe13808bd9a4ef1730c1fdf64a2c979cfcfc6722a29a0b4ab4a8161
10846453,ICZbeq{V_,7f0070160dc5fe23c1272a4abe32f00caaf2074158837306a64514e8f364bf93
10846752,ICZberFzO,bb79d664a031d06f1e050a4ca10d0f371fcf2374d5133b9d14195bb3e50a8a6a
10852714,ICZbjxytW,ad258c490d9dde12626a432818fbedf00703ec537b4b0824fda191c79232306e
10852959,ICZbjzitW,c4e69a467ccef217195cc29ba68d68f4711178de038b297e7f416a1d4892bc53
10854565,ICZbmrwf_,f7ec2b58fac404c5dabdb5703865fa6fb3ae07c0a5e805148a9a477538b59074
10855464,ICZbmzwvo,50117859ee3276f70ab8ae5e5c706a741a86972a0d615c224d11ace2405c3ca7
10855465,ICZbmzwvw,f8ca5fb9808b53725df8a40863065f71cf0f1ac31e26b09555a79fb417c8df61
10855473,ICZbmzwzo,edfafb500a0818f2cb5e4c5851ad3b6691973544c00b8e0d8db4c1601d9ebd54
10855474,ICZbmzwzw,8d8b393c805e7d5bc6ffa54e7877297c9da1ba09f7fa140e8e1683648395dde6
10859901,ICZbuptVw,55e128b1c4cf53a3dd2ab036b500f42ecf1b4e05176bbcb1663391660f6a44ed
10859910,ICZbupt^W,7e82a4c3e6d87e62d774b8053cd9713b6aeab314e385a850efd13b68d6572038
10859931,ICZbuptvw,d300cbfd0fb171098ccea797add04f0b3651bafdeba4e8b892a4ca11687788f9
10859953,ICZbupt~W,87a8d76263b3efc18cea1f818e6506a6b843930a3c39475d11039cab2d197469
10860391,ICZbuq{\O,55a1d31e0c1ec632c73c85f3ea071d3a8557ac05173f7a24a4f504d7cf7c3bf8
10860967,ICZburd[w,f59df99cb408855e80c2ea7249a71e77bd89400231fe446827d43a93ea12c74e
10862574,ICZbvL{tg,32fb4ded92dc9d535d95e346af57c05e8c66d678112bf39a9acf5702a5319c88
10865091,ICZbvj[\g,950ddbc332087dd1bf5180e8c4f0fbb0b8e149a0787ed7398e1bb6be388bee57
10865107,ICZbvj[mg,774417265c0a61257b09a795e7a1ceabe1bbe79d4d8165ac018c5d6cf103b754
10865112,ICZbvj[n_,d41c21c58f6d416798af433c95f225fe56212eff2c67bfa64eeaa7645d3b87cd
10865113,ICZbvj[ng,025a646a6a4993da9fdc6f569b2f2f375971e0385d80195ed292af6cf448d735
10865187,ICZbvj]~G,0069d6cace2757512004fe02b69f541f85d197d658cb3618c260abe706ccb147
10865372,ICZbvjwVg,1196fe0d5c300b879cc49b3444d7d968466f57427ea3477ccae024318e5902c6
10869273,ICZejrsnO,8375a7f701cc2c5f991efb623d121a373538e75a839e777ef6914ad9c5f671ff
10869388,ICZejrwN_,b2bc7f0f72aeefa9b791ee78e2496461e827dea3394f6207cc4353dd45a02130
10872455,ICZelpx|?,6bc3748f605cc5cde49b07642d502255efad0ee36d978e56340f7d767bbcb8e3
10873689,ICZelrwN_,4d870c73296543aaef6759f273c27148fd830c3a0e1cf7e3aea12f2a731acc6e
10873706,ICZelrwZ_,5213939bb54584e3e8cae30e63d115d3c195c6d6eacce107c212d7e79e1ad621
10873711,ICZelrw\O,09fd9fe7af8f18c1fe2f51dea60e8cee868ae34e88365464916983bc31763d9e
10873721,ICZelrw^O,9bd308d646726500105a89f403d21eb2fd94b6680119bffc0e76f05176969bd2
10873723,ICZelrw^_,4c3799e5849a355f8b75664d9ae96a06d926d43852a6dc2df53d02150ef4608c
10875227,ICZelzirW,5d5c24cbdf864268f14a21b913f9ca2da4dea18fce3a3a2754353c6e6aec7651
10878313,ICZemzi[w,9157e21b1a59f481313f51d1ea4de0abde7bfed7571fbc97f6274e88e44c75f3
10882077,ICZenblvW,49004b9b18738c521b5417a97688a4bcba8787f27139df1e5ae751575d7e7e5c
10882645,ICZenfw^O,1bb03b16055e42ab6e73bfa16a88022add7c38d8535df405f68b01d7c5ba8a64
10882648,ICZenfw^o,74cca80ca3c6242ab1a7d802f63e4f83eb01f52031d095016d81163460d86a7e
10882991,ICZenji[w,f200c088b995bcbb9de0e940f3897f6212b77d88bca5376baf0c927a8db8eb0c
10884399,ICZer^wfo,6d9644aaf2971b4a4a77ee121f18376c5066b66633f9e725ebeff940730d430a
10885283,ICZervs~_,4b451dbb484310fdd71211bfa20c872df925b695d1992073ae7885befaa8ea2d
10885863,ICZerzV~_,9ebd2e58627b6b43da92954487430461a3e84ade542f958670f5213dc6c91c05
10889279,ICZevN[\g,d4833d9e61415768a12be73ab2fb4a81f987f12297346aeca7cecd0ecdf23683
10889690,ICZevNw[w,968247f4c281ce2dea854f1eca5fe2d6076eee810361121cce632e5329902b5f
10892563,ICZevi{vg,055cd15c2e2d131fb7545ae176b726f7498dcd9ea8b508475a60953dd2b6587d
10892565,ICZevi{vw,a6ed46f39522a0a9276c04140972ac607954b240dad2970cf8cc46d4d77883ec
10892571,ICZevi{zg,af1d58deedccdd06a2c0fa9dc8619e44574209a20681bcfa83c668882b0e7ef3
10892573,ICZevi{zw,772cfb0d0759a104d1328f96793142e4285258dd22b87f5d5c3e7880d3b5d0a3
10894504,ICZe}zw\g,8e5864825da2ad357e08b4b0ae7f2657b9054b416dbdff3446a42242ff161972
10894866,ICZe~jw\g,1bc59268779f9d51eb516ee7dbbc58ff922d0a33ea8645cf12f9b7175ac982cd
10900293,ICZfUy}jo,c3e0ffb21d30660944851917969c57ec051851c7afb9c9f0e3ebe7e3a25db773
10902519,ICZf]zw{W,8768dd27fa563e8e5e4477bd1eb7c3221e4c76721f9a18818ce45788f89c1685
10903619,ICZfbr[Lo,9ef94b23607effeb7591d1d318295a849ad9a8d5eb77f3931936f846df97ecfc
10903623,ICZfbr[N_,e75d162d1daa11954a4c9bdcb3a34e30c86eedcd5247b7d5bed22abee0940dc1
10905081,ICZfey{jo,2ab16f5a71f7205f5750653c412367e0a59876d3817edefa1d9863651c8edf52
10908715,ICZfvp{fg,092af8428c331bf5fe7e2ee070467eafc8f3e80112acb126f97b6bf4730da975
10914170,ICZmvbuxo,b3f186eb84e2c3b97b30b504a33a8f26c46bff22a76c76d0ddd32b9f7dc8a8ac
10917471,ICZnezw[w,4643cac0cb8932757ab2e6f0ef973765fecb5f50b7a84703e4e2515178fb0cf1
10917477,ICZnezw]w,451b7b6efd280b7a8d4616da6952f0b549193d9a151b1ad33554ad466ed5f87a
10918955,ICZnfru\o,d7682ce149fa67897e422c01ca11880ec621d76ed1c6c4d175ac1652c2a5080e
10919867,ICZverlxo,107fa313b57a19654f9ddd220339bcac2ff95d1e44a865bb3cc65ce75ae4883b
10927750,ICdbFHYN?,ff77afb12713341e43ac31af9aab4bf547a408e1d53388bb3a34ca956f755ea2
10927754,ICdbFHYN_,3c087b6118b97ca2c99bf6cf0b152efda80c5cdf2deb5aaeed9eb8deb3d6423c
10927787,ICdbFHY^?,ab1123795647045058f471d7c03a62152d46c292fba42390777715556e6b3195
10927791,ICdbFHY^_,15a3dd99f388e2e55196cb6d9fce27e02c66fef5b3136c3fd0f19e699a6167a8
10927827,ICdbFHYl_,adc2e5e0cbf440e9b9fbe074c344fdad3464caf853631d70b15b75ecfe89a7fa
10927880,ICdbFHY{_,dc90a5b50084d73f5a76c4afa0c2a6a88cc6adab1d236edaf729aac6f4f61141
10927888,ICdbFHY|_,c0ddf81822b2d3cc090249180fc1ac315a49fe3038543feb7e7c206efa07777b
10932526,ICdbFbsy_,db0a0b1e3736f1df0cf2855ea210e0a67faf28bac9a29754c287119b8d5bc044
10932954,ICdbFji|_,f086d1e105ada0267edc1c3d737315914f8f9ac7280dda3924706882eb2adb6f
10944744,ICdbNHY}_,13422efbcd5608df6cd4ce33d3ae1e9e6796b894e6202c4e728f4a26fbbf0eb8
10944748,ICdbNHY~?,7f4a045560279f3b34c5ed0d504e2dd0c9275fec228dc7e2a9d39e79cc90d5ce
10949755,ICdbNji~?,87d5f753a191fed48f111eeadbf9608f2177849bf73c8e622c0ef29eac202352
10960472,ICdebQsYo,4dd08d1d1e7613566788525e9a142f45266d7a487343952dbe98bff77e49a382
10960497,ICdebQsrO,a780f23c77078f88d347218c18425f7569bd9f0db27b12b9d6b6dcf3d1299207
10960527,ICdebQsyo,c4e9d4d3e7cf2ecbccfa49940d1ef01aa3317936ba52a8870560471d0b14da3f
10961933,ICdebRk{O,4b39352ea49dcd90bc5ef57caaa44f9e49191f3ba23fcfee25307cdd36509dd8
10962797,ICdebXm~?,3b14dc34cc00568fc97c7eebe8030db2fc974d1b81a2be210cb8f8c33e1fd2af
10963475,ICdebY{z_,adf026ab1c9d71f54dea9c824e076bb8f32dc4661c06cdc2a6bbb80e3f5d35c5
10963476,ICdebY{zg,4f699f19fa336abe684c762846da21005c82d5a0582a40a25aca1da5bd836555
10964242,ICdebZe}?,8d9a9eec4636f1cb69e5da2e2c8f2f74f5dd9344e52ac9470ab3e7952a67a47b
10964250,ICdebZe~?,86e5aa68acef2b81650affd938861b52783c75d497ad3c288ffd6cf135f5258f
10964251,ICdebZe~G,f93311c5470a2292a7a7c013e3a4a615e8dd956134b1f18d798be46ca0df9601
10964382,ICdebZi|?,18502a0e41be7ccc089b7b9c5569cf3146832bba0aeb50006d562d0744c69d69
10964988,ICdebZwz_,5568f1c401b0e0edaa006d3607c9533e6ddf6ae76f871a66be13c1c358ff09ac
10970951,ICdedhiz_,8204023e41fb8d661aca53d3aad115f6ae1ac051015129d36c0582866bffd944
10971083,ICdedhkY_,89308e1324d83b831aa26851fe9cab4d08f655e665bccaec162b7df9ca78f982
10971084,ICdedhkYo,ada9aa833b8c36ade968530c949a24fc93d7033702bf3288a2556b11f0c7758d
10971119,ICdedhkj_,acfa54e9d708000adc525b8149c32138af11dc8dc2c2ba801f9ce8602d847ce3
10971121,ICdedhkjo,8a72d241c41aaa34bce5784fa25564bfdc789297fd271ca367be130553f8452c
10971199,ICdedhky_,b680e9506cf5fd0f6a4649d33ad93ab750f38a4d27715f4dc906d71fd6886974
10975521,ICdedpkZo,7c77fc785cbc521cd59b9cf2adc8b8aded9ffbf9dd7d8cdfc464027620fe10a2
10975620,ICdedpkx_,06ac14191eaf4a44c126b607655022f8c43e51c9fd0f09f576a39246a4144e02
10975635,ICdedpkz_,ad83a751e6686255344e439602ecca7d809df5c870265231ec22de0da8274c23
11006095,ICdenP{{O,d494e084823efd454aa8369d9c557f0de9828bd45aadefb18341f9e9a27e568c
11023153,ICdfJrsyO,1557eb23d081420978753d354537707c56f88a010694e6c624a7a68b3cac8d1f
11023944,ICdfJvs~?,b16b348aa2a04561ac797645aa7a3b3e11b1d617fd8aa6b8cc15004e1e5e9700
11032573,ICdfNd{~?,b8d9910af6eb4afcc69d93ec5b62b316ccf6ea83db7d7ba3c6ad33a10bf19d9a
11032577,ICdfNd{~_,d2c13c4f088903de5477e09e1a4de3d35641149f3d2071ba63169b5fcfe1ea4c
11035456,ICdfe\{|O,c08b55aba79e4fab993a5e2f739b52582a824898f35840f93122fc0bccac9630
11038121,ICdfezk\o,ba61ebbe16d48a9a6bbfe295da3a4a424bf1d5492e8db30ab89a581eae5fbe93
11038128,ICdfezk^_,69caa0a0df4368778f817ce54b14ec3bb3e6fd87af055026653fd9b6d3391658
11038130,ICdfezk^o,887272e398c4462d537fa7f81b41a62c596cb69e5d07cc97eead72571f789a69
11039977,ICdffT{^_,b383fbd5724f9456d95c871d5e554f673aefe922560df09fa56412e219774703
11040530,ICdffX{y_,5cbbbd38b44b3322d70f91b31e6d5c6890be2b1dd56f6d0fa7b1d4f6820723f9
11040617,ICdffX}~?,9c38fca5db586becb1ddd9cb72d6286f9c63e96d1cf38f649a1ae8bbf149e3df
11040618,ICdffX}~G,381cc69fa16611f2c89dd077702dee1ace142af0d6dc77d40d3f5da6fe559122
11040816,ICdffZk]_,7d2658760c4dc0561da881b50d09d9961ff41347916584be0a02700c03d65d5f
11041066,ICdffZwZg,4fb81f3aae9c2ad5925d0a8d2d73689b6d5e4a3b15aebda0e51d27946ccedb24
11041075,ICdffZw^_,9e523c1680c65265719392866eca5d7ddb10595b479adde46402676296b02350
11048410,ICfvRzw{g,1cd0332027f346d4640e483ce5756e00569179f3d06703fc7d09fdda92d7ec5f
11060005,ICpVTjs[o,04a5bb815b3a741b8baa5e18bd9a10c7d8a3658e114ea590b39b5e2b418d0569
11071989,ICpVbYlx_,d420048a92ae2a16cc30efa292077e2e8440a29de14992c0c3a4d7fb486830d3
11076430,ICpVdZeVo,3fa9856477c470334c455e0f287fb14b20a0b48d51b0af3bbbd72f6ddf2e2401
11076433,ICpVdZeZo,d0dd7394b2be2dd1fe745cc170eacf97188ecb13e3bbcd10de5013c91ed82293
11083364,ICpVfU{v_,5a3f40f7214f945228b380a73357dfe7f33ad4aa03432c12c0078d9136d7f27d
11092561,ICp`eqeV_,324eef07f54b70cebc864e0b76a3e2c7871df1781fdc075f15c01150c0cebbba
11092595,ICp`eqe]_,bbece3478c777d9fa764120de7ec1a12fdc990bf4c59fa387c908f04f0c1ae94
11092673,ICp`eqet_,24a18eafc142a070b09c9df62245cb6ba4f10146553ae9c04642e56a19e69e4f
11092686,ICp`eqev_,e15f4cc47b3fd8ff4a439e85733c08e14acc7031e63f0997b1e5c68d0b67f08e
11092699,ICp`eqey_,b4d2e57b4c25ae5ffdbd78ba78b63395f1df1bac5ee339a082b57b5f1e04002f
11092729,ICp`eqe}_,24fd49412d6ce9a930587bade2c5f1875e619fa5b6c785cfc16da1dfbd9bc147
11104591,ICp`f_{fO,4b079bb17608fd44eec823421872a2a9eb98bab912b409862b0a8881a1a01c92
11107627,ICp`fbk{_,6c2e3cffc78d923822eb01f16d4799c96bb791f6c3294d8b41b45d08f1514fe2
11108765,ICp`fjk{_,97c5705bbabdbd08fa07f9ba40e65a328c51d34b38382f6246601ef9cb948b1e
11109188,ICp`fpu|_,d44a4fccb2a3456ab0f3ef93f36a2a4cb83f87e6b904ce09f92c1ffcdda6d057
11115105,ICpbQys\_,540fb3ecb550310d49b77accbda259ac6090b4a24c0aeb482ded1bc232e2eacd
11115138,ICpbQysf_,cbf9c7bc1b40280582306a642f72f5fa84f9f3096e1d3239a11d156d0a5309c6
11115165,ICpbQyslo,7e7ee8e07146d8cb93b894b5b2a73585a488627179c181d47ec59d35a1fb20b0
11115169,ICpbQysm_,3c01a5fe11eea212e6cea313b95190652798248cf8ab9d0e3033bbeb220c9933
11115177,ICpbQysn_,c04d012abd7c85b4ec39a0409717cf548a0100410d14628fedc1c520d30edd39
11115252,ICpbQys|_,0b62658ce23525aa732427dd94e8eb2d410de98fadad907f1b602cfd94abd111
11115259,ICpbQys}_,976039ead0d10c355f9bff3c248c560532c012a6c86af59c0429bf2ef7e44511
11119262,ICpbRd{mO,5cc89d7b71e67cb8efb2e808999e65433528f4e2f72ac454a76747a145b9a629
11127666,ICpbTh{f_,8bbf3e320665ae63db2d084e25c45b10a1005c970bdd4dee5a5fcce9446da67d
11127683,ICpbTh{n_,11a20cd6cc1c47ba5c86f03ca9cd25d3573478fa89d6807a3ea9af12671a93fe
11128090,ICpbTj[N_,7ffd57be8abf1b4537626024780f861c5922feb44a84661f67994b4933bf5578
11128920,ICpbTjsn_,67008a3b7e9a5b909ad5fd5a90488c525381101318b3a368d2491719c494478e
11132488,ICpbUouho,42d3a4f1c0789af1ea0d7813fb73a4d3305e9bdf52574c20f3e3c0502b5d7e77
11132503,ICpbUoul_,6215276181aa60cd879b8e0c07273c83944dffc7b837b0429a45624c3ece725b
11132538,ICpbUout_,4feef2a98627ef6112ce256f47cdb8c8c1cbdcefc408e228c4dcf3fd0cb32237
11132587,ICpbUou|_,20096db791308ce96249f4bf4fec19024defe912accf682e443587224b8f34af
11134504,ICpbUqsN_,fe79940aa68571e82e95182b64e2f792aaa56a175a13a59ff8cadf7dc7b204f0
11135042,ICpbUrUho,77c567d945b5af8e2c816534147c59a3850e2f8c1b7537f3c44a31d137c3439c
11148551,ICpb`x{m_,4fc419480835512717a4caa59571d14fdaf27e7347c59750b18e19cf262f875e
11150071,ICpb`zkv_,d68055c11d91e81207811b93435c086a77efa034b58065db5e3a35587a150771
11150094,ICpb`zk|_,65a079110f26a5cb2c29856bf988136aba6383d53ed25306223d81f8a65a760b
11151498,ICpbaykm_,186ab484e0da51fe3142598bc30b07006450214faaf5f9627f4514697101a34e
11151602,ICpbayq]_,b1fcbac31d6848675afcac18f80d909bbd8818311460080baf5d9e2a7d3336a3
11151617,ICpbayqn_,bdd2fc1cae02b0b1201e1e0f5b6bae731a2155110e6eaed6e19bef1d09c973e6
11151677,ICpbayq}_,d03b95359464a3233e260e7997945bf7cebc15df7596a1b085d5a3498d397c42
11152626,ICpbazpJw,09d41a0b5ec08d482438faf160576d10d40a7f75c540b3422210f67722aaf563
11156022,ICpbbiYn_,43569d37d83dc31fec4c5570754612a817b065b2727a8334ff15f8b333df806c
11156102,ICpbbiY}_,6fcd58a9c883c9f70df02042338335e27527c9a2cf069c7f0e636ed4b3e507e5
11156345,ICpbbikeo,8e187f1823a0f3fd4c0d7808242e48df3f9a042caa73d71f1a583056848e1127
11156366,ICpbbikko,4067083eb3c207aea904a027de74b5d83315faeee5fb68fb9630fde7a569206f
11156377,ICpbbikmo,0ccbeab4c69a30212bcaa2fc5f0c45bbd8a7abfa9f6160598135dae4e59641dc
11162012,ICpbbqy^?,ecb8b9dbbf73614fe900610068cb0490f124a6a1df22be063f39baff9b8ac5ec
11167809,ICpbdg}vG,35e134e7661d48dba7674817a3d80d28865eaa289ca7718d7e4454f098fd6e64
11168315,ICpbdh]n?,aba08a501a4669c7a4cbd8325ec5b360eda3959b720b2f8556ee5b1f7f1e1201
11168316,ICpbdh]nG,0feca1c4fc4572c66ba2061ddc8a492698d0ba1fbd39f45a10c0472cdfd0d433
11170739,ICpbdiur_,0656b80e262563924f6ccaa1ea06836a82bd27daa5c9361ab46315a5bfc1abbb
11173132,ICpbdjk{_,aadbcd83e21a3d4c7e89a79bea95edf44af8b407c56665809cd60ddefb9b8d0e
11175391,ICpbdpmf_,a2459c0cdeb599d8050e8f507997424d152df2d0026baa8f596533ab5ccd6b83
11176875,ICpbdq]zG,40957899f1eae54f4d2eae98e1de26745c54a2cd4e1e3b64ef1df51182b6d8ef
11176878,ICpbdq]z_,69eea47158799c02dc67db0f0cc4084dfb8910af87f4e642307b8f7b6347189d
11177732,ICpbdqur_,be8993cd2cf0f8c7f049327020ebd61257f84451b249f2edf015d4863fef8ed3
11178118,ICpbdq{z_,15ce99749315bf23e1c53d2a753836f5a5d117fc57356f924fc5af38dc09ce09
11178514,ICpbdrMN_,54e21a6d6913245994e36751e6da02c7f05fe18524df8dd6286ac0f95c2c1c5c
11178550,ICpbdrMnG,bb5aecaeadaabea3671540228d26407dfabfe56311ecc8ba610555cf58179161
11178553,ICpbdrMn_,8e451277767bf9400949471f864143496afff60900f8e2fccf7ca35c97d6d61b
11180041,ICpbdrkn_,283648d7fdf284e94e66a5b12c27ec4ebda18e08523aad5fd9d442a36fb41cda
11180511,ICpbdrswo,fc4f14f54ede95375446e211b30df13c438832ae03c41d6488fa556f5853f379
11181014,ICpbdxyn_,91249968666c40bc55d3c316bc0eab0cdce017d629fc89b56f1ce048e1062ab0
11181054,ICpbdxy~?,49432baa3342de147534a1bd3b70d3ed98113e8227d3514860eff9e31dcd287b
11181111,ICpbdx{]_,c656fa37d6f9943db2b2f0272ea35ce183a583bedc2402afb00c9aed5c21e875
11185048,ICpbeiur_,7d2e67362778da75cbf09954065276cb68f323b214e8795697251ffbca012775
11188737,ICpbeqVZW,f410e9fee8d9524652119b73691de10f13cfdb76d7d0e25e6a02df5f0cada9e5
11189286,ICpbeqfv_,ebba73bc9771be0c68112b5374b791adb11f194d5188859765620750ec3a79db
11189315,ICpbeqf}_,c30a15a68027e3e75038d14f6eec2340b3e3691909757b8eeb6b07cbeb2853cb
11189581,ICpbeqrJw,82dba070d7994974796ad88edd06f7d4d83b70419eefeba88ce1978915f61498
11190946,ICpberiho,60a7b223473600cc263066ab8df80534f9389ba0d46b6229f5ada8c40852c3ed
11192331,ICpbew}V_,eb7011008695d6c3e073a9427142111c318c3d4af8a035326227bb2dcd4515b8
11192386,ICpbew}v_,37d62ff1d61e996034fa43370c19ad1306ea986a363fca1b125887ebfc53939d
11192415,ICpbew}~?,c526e612f3034c1cb7fee452ca0a79703ab0fa0aed3fa733cc05f23b303f929d
11193130,ICpbeymt_,351c8da0ef276ec3dbb485eaa4ffb22537095976bb9b550b15f41e280c9a84ff
11194999,ICpbfG]n?,3b888d8e6814a9a0d056e0327fab4b64df35fa28652abd842bfc220601007761
11195073,ICpbfG]}?,d4fdfa0feae7b294442400ccdbc7f883d857dfcb7ecde93fc6ee147bbc4efff1
11195081,ICpbfG]~?,d211d21de27590131b838fb8be1a25b861347075cec6214eef4513c3e06a4ce0
11195867,ICpbfGyjG,674378d98410c20d3bb56a0922875861fcf01ded954777ac0d1a78e60e761370
11200709,ICpbfLyuo,760c3d6ed6960dee745db2cc0952d823bf3c6c5e54ba5e068c2834a8686c0dc4
11200987,ICpbfO^\W,898672683d8b4635d9e3c9770ce80573e90dd1540ada5611b4e4dbdd58695e9e
11204239,ICpbfRUho,9d12e3b4587ba00ba3e571ed01d613608c713102445a5b3eafb971bb7dabb522
11216198,ICpbfji|_,d77e122c23500c1518659a5cf1987719880a80ed11efdc3356a1a44f016bb1f8
11216204,ICpbfji}_,15b5ff63e6cd7d1d2283e34a3f73dc2df66dc62872e7158b156a1cf5352c8c90
11221382,ICpbtp{Lo,31cc4e8e9723c07569552cc5b455bf551b5ab6f5f1d656901fa49725b976997a
11221401,ICpbtp{\o,d4fdaa6db77c9aa67042918289e1a9d367e162713038b97bd29ca1a04edef2e5
11221450,ICpbtp{xo,8b9b3b48c886aab75c8e4afe108b749f8b0156da89b9e46c11800580c0d29668
11221909,ICpbtqsx_,cd576b45ac6d33cad2262db33c6a8a7906e84033054980c792853e5f11e567e5
11230652,ICpbvQuz?,077c7b9ef5f55f78649d6d5b76715d4aca563fef4b89a116183d92a55b92e256
11233295,ICpbvh{lg,1af99381af323fbd5f82d9212eaf247c5bfadc68b07890b9b2096e0e65cdd9d9
11233301,ICpbvh{n_,9b4d54703ea17b766d5da554b3e5590f4423aec007b9ff823abfc469eb27d9c6
11234014,ICpbvjsn_,bbb6ac47d4b0d9f5b56c52227715cb49f08e329c93bedff40f3c9c14b872cd63
11235434,ICpdPx]do,77578ae6507c54bd560dd5bd08d5054a405c9c3bff6f4244e468dfdb20616054
11237415,ICpdQhuso,b998f6e52b3e26e84ac7bb38c6e9c3f38288f17e654007e06586f31919ba35a1
11239112,ICpdQjsUw,54afc5dd13f20abff379c041cc48ea37e20ba3375bad39fe45db18573ac76156
11239118,ICpdQjsYw,f718d78ce437f04c80f5321082406ae7fe5c1e38454f1af5274e0806c4d68830
11244392,ICpdRh]do,d0108b1a794b1c2c88a9a74ea31b3491a33e7d22e5c08400f1743aa109fb6fa9
11254451,ICpdUi{Jo,f084b57cb10fb987648439cc758a98e4063aee39882c2824580d6d65724fc3f9
11265793,ICpdbXsv_,07bbade1d20a9598d2c73ff158878b996e713d1fb8a6e0539f3674b541bc6cfa
11269764,ICpdbg}r_,01307d0505e238c6e7e4f723f3b902cbb5e391ceaa60b4dad314a4f6907b8f34
11269773,ICpdbg}vG,efe70a0f11a71b048ca1fbdb486f1a3ac5f827d76ab884917a83e21792a89f1f
11270131,ICpdbhZnG,0019122331d4e87b8c9e0842aaf0d873e54c605173ee5db763443633c166dc17
11270321,ICpdbh]nG,2141562056fc74ce127d5dbfa66e8c903c74a3f1e8222b4efe26bf20583cb58d
11270836,ICpdbhmug,52e878341d7668dbddf56ba64fd144a455eebf4b8e0981571f42094e816fdeca
11270842,ICpdbhmv_,5da2113ab87d17cfc63a152e39afa3c09a61f372d85e180818398c30bec19416
11270843,ICpdbhmvg,3d953458e2e6a755480df27fdea2aeaec302561d1927ea8d836c4ba672ee0988
11270969,ICpdbhrjW,bd43154dd9b629264b3253defaa65f5bfbacf562ea0bc590358bbe18922be982
11271619,ICpdbh{v_,412f6de71af7a616d3963daeff81841d69250ebf68edfac840c38e912203541b
11271714,ICpdbh}v_,3d308821e4551f4f9c2bbfa5f62ed3978c47c954bc12689d480741aca8a68976
11271715,ICpdbh}vg,5a5f3adaf0f3b5234a143bad23a53662c20e60cff46c5d453f6f96d0c739fef0
11272045,ICpdbi\]g,48766f531f0cc8e94137d1807e0bbb06bb2610fdc272ac3b3395a7dd1afc2a4f
11272161,ICpdbi]^G,d571d4f111b0e8b5a8bd04680f497ebfd4d55a773fc2c8e86a2f96ad549d5a5c
11272164,ICpdbi]^_,3139ba1f4c25fccf51d9712543c06eebcc2c7241c2b3c5c38e44d262d7383532
11272822,ICpdbitYw,740f533f3bd1c45e80175df43fb4c88ef52835082c90bb806bbc80ef003962fc
11273283,ICpdbi{V_,ebc9c3bcb729404051da793dff25006c73fbeb4b1ed9921abfb6099ddb00ce31
11273762,ICpdbjM]g,ae9f03a845bd1765a3f3f5525f9aadb9f6a65cf4caf3da52f0f7212a94e19ee3
11274374,ICpdbjY^_,306e0796bfe9e1ff03d3e864808739221f2b28b3f76cbb6394f4b8a7a77882ac
11274375,ICpdbjY^g,9c67be105a1798af6114f7239eec02cabe599a5b15c6a229d1764c2f28505034
11274521,ICpdbj[N_,01f27dff3b0d3caaa040b690b89158917782f61b8ee1d4c337acee7389c1c64b
11275867,ICpdbjw\_,f9b0666bd19de0f82a54af1d32052b990fafa32990ad402287218062eb5934ff
11282868,ICpdbyy~?,86e14ee571b17da5ee432b6265c6e13dce157992b01d5c0e2415bcd123328745
11283974,ICpdbzs]_,0acf915ff1b93564b165ea55e0b3e5a680415ffea32abd7d889d3e39c9832baf
11285264,ICpdcxiTW,41b8f3d92304e3ac5e2bed36b3a5227501e9102758fec3e158b517010cbd8361
11285273,ICpdcxiVW,8f74b0a9904d624ba650b780d59ffe6e31c548d483f6144a8c7538a2a44b9932
11285305,ICpdcxi^?,f04df7dd47608855f8bcad880b13cdda6bd88889d3ece3d0ace1dcfc25ceb5b9
11285435,ICpdcxi|?,88cf68456af5fdf39564515b2b1534111b88859a0c3d78899156c39a5e5dbc67
11285437,ICpdcxi|O,20b41f307b7d7839eb35d18345abe3207a9034fb13b12dfe6261447c4873686f
11285450,ICpdcxi~?,bb3882bf7ee12a130cb9a2eefc26f77307e349422901a0a24f8f4917a3cfab83
11286404,ICpdcx{]o,fbd80e272a9090f37fa59b0a1419efa2dec0f981a5576074fb77e7408f0cae09
11291676,ICpddXYN_,7d9d46cc4af6c173d63c32f346cb58c1c405073be28ad45b5ad7d3fe0aa6ccb3
11291686,ICpddXYTW,1ce680e58c48c84bff65b8af3e99875dc0210947a678efbb95ca742c2bc293d2
11291694,ICpddXYVW,d993c7f532e59d2cc5cf7a91b7e56857f4f94a7c745271fad3ecbc3cc51be6bb
11291717,ICpddXY\_,35fa2c25e0625cb0a2bfbf806585f4fb4adde688b9d58959dbf22d3c094250da
11291726,ICpddXY^?,b2c17d012935ecd1440150328ebd0d4c9333ce92db9c57aa031210d3c8d77840
11291730,ICpddXY^_,f0391a133c4e1d00141c2f966c7c00af053e57295e94a067326d7bfd08cc0a61
11291736,ICpddXYbW,1b1d4f98f506fc035061d7371822e6ec04e67a447466b93a0b534e591c9fe54a
11291738,ICpddXYbo,96cf39d1af453fc68f036fc26d5834451fdbdeaed92bec6d10341a1f90b1717d
11291856,ICpddXY}W,dacd1b08cf81f2b1bc49561e411ced4996f918f0d2a7ae39b6f2f44be1c290f7
11291859,ICpddXY}o,c03e1418a673b36170fa4e9bd62af3d22aad360dbdb780017cd05a494d3ffd78
11291861,ICpddXY~?,283cf7037405e108168b3a5654bac87a7886ccb403ce99a704057387a37756bd
11291864,ICpddXY~W,1d71545e2248dd63a9d7f08d7fa93ec98d318aa7e5bc9d2eb42c456a0f6c0581
11291867,ICpddXY~o,02d4534ed0b31aa88e5e5e2c0b968b025f0a953af81394872ce9f339d2ce7247
11291980,ICpddX]}o,0c28251ee81afeab63a172aab054ada721e45e7410f55e9b1f54a28489f6c263
11291981,ICpddX]}w,31abc1de6ab78be18223cca1af84323b7f4c0d6ecdb9c5ab0ef09fdd711c45de
11291984,ICpddX]~O,08988d3e4d548c861c51231ace89fdaf83a0ae4ce14c6a95323e42d355f3c795
11291985,ICpddX]~W,3f8e4654396e15e12c7c56858c1949c151c2711f2ab6549ab2c679d91e9cdb6d
11294954,ICpddg}v?,a6afdf0524285547e3442b1db3e4190f24629829c8bc61a2168d9895ffbf4769
11296309,ICpddh{]o,eccb1dd466af52834c69138a9f4a00372bd4ebb828365e8b0f54d26bc343f95a
11298612,ICpddpU~?,f6b8b57c7588ff357bf2f759356f78926bc879915e04a439ab2422974de051cc
11298660,ICpddp[Xo,08ff59840c1d9e71f3b95009d237a104a91199cfdc829169684e79fdac61f840
11304533,ICpdeS{^?,5ca5836ab9a85abac74e1997cd25e583fc1acc1f045ce0db87f86704fdcfbf9b
11304656,ICpdeS{|?,c3cbaf5448a46c3fbb636e0a55835068b0337630aafd5912e0b7268e2635bbc1
11304671,ICpdeS{~?,c922cf543203f8c5870218c6d17ffbc254bbfd346f4d824adb318c9c5abda555
11305248,ICpdeTsNO,cdfb1a29b7787041b79742f062ac1fdd43704d466212ccde09281ec92c5eff58
11305280,ICpdeTsYo,b9b730d8bf3b147d0fe81d07480805aa5277a5a896376caa9d3afdbd36395b94
11305300,ICpdeTs]_,bbd3e2a2b62bcc40446e01a5a44bf7621e86a5cd5cf6fc99a14c38bdbdedfe00
11305302,ICpdeTs]o,62f5f5fd8c5c218bb7402290e56bb352e8d26d15d36fa15d99309deca1f744b2
11307997,ICpdeWyV_,2a44f396acc12f3ed356592af9a7a955eb8a530e3c3e76bc0913f74bc090eecd
11308028,ICpdeWy^?,b5fb7039f87b68cbf1224fa0c8c5732bacc728feec5723be76fea4f979e2bc0b
11308083,ICpdeWyn?,c6265fde8183cd7b13d024a131beb274989d814efdcf96278830708886e28ed4
11308167,ICpdeWy~?,dc84c9f40933142a7f523cffab5bdee54d06cfcc83542f37ffa79ff29455f638
11309374,ICpdeXw^_,27e77b962439e566120c01d6e9be813e212604c7a35a32ae7fe64da136216668
11312374,ICpdegnr_,d3a9ac1a6dbb524e798129922a212ac89c5d479d30e66a2271208fd7f8f5edc5
11313432,ICpdehjx_,c063643474158ff0275a8de3302944cc2363eb236ab5d855a509514443f43997
11321800,ICpdew}V_,3d05d21ff3dfda40ea9163177fbc0ba3e9fac65daaa18cd0c321368580a13e97
11321812,ICpdew}^?,7766ade02f3287946ea34f6d0721b0fc0f7c21045a0b3bfbbab08c88f0999cec
11321881,ICpdew}~?,65a49b289f6357857c75b6c429197bf2295fe71b265e216bab8167340d07e8f8
11324926,ICpdfD[NO,72aac8d8520e633dc138acb52b7c5587f56a75d4e3937c0eaa5ba6542e487021
11338847,ICpdf_{fO,1c3f529f0d720ae409f1bed50aece9e49ca77efa34b8856bc84d988b77d12027
11339348,ICpdf`Nx_,030b74e3eb5614f5a1e8e81e7793669005745a68201f653b7cb0ca40962d96d2
11343900,ICpdffYJw,0d3220d20a9a2375fcc3c48cc5e9b135e99c642da0dd014a19fa8feef400ff47
11345259,ICpdfhy^_,2418ac41e76b9b41edc72961967d43138fc9ed5fc586eea48f4bbc863b90f694
11345322,ICpdfhy}?,0f139288e977f8689626bcfe35e64d029fe2d293a42ad15823b6aa095bc1714c
11345329,ICpdfhy~?,661bc79b269f44b1fb1d5f61eaca21f6924992ea8516e7da9bae863e15d41937
11349105,ICpdfrsrW,1216cea8d353a1860a06a783b071fa4baf801e2858bb181d490c5dfc64e67626
11351275,ICpdjrk{O,0a938b770507956e87ff27fa14edcdf1be311aead26fe42432c5b7d69968ccdf
11352442,ICpdjvk~?,e8ab23682afcb84de3dcf70610329421c655024386579405c430a81084ad2a08
11352593,ICpdjvs~?,b4a9a04d4c6ab4752709d1d123b5bce3a2cbbc8aa1c4ab391e30b502b5402d3a
11353065,ICpdlnkVg,6430c976b0881523fa931f0f94148b51e98808b6315f50d5687f788e0bb49019
11354404,ICpdlpyz?,a76bf6e2ac303839a22a164479995c0fc5d5960bd985ce1f006efd82bfb59c93
11355138,ICpdlq{Ro,86299bf4f310e8a67074fc569975e487af9e93489814cbcdfc77b07e470674aa
11356139,ICpdlre}g,c934a1dc14c11dfc6cffeec54f0ddcb2fc2f73d0f22acc53096aab7c91a00a26
11356476,ICpdlrk}_,399c7508570c8621415ee4cf21923527ce9d592fe381dd0d9a852c592e8fdfca
11357198,ICpdlt{z_,0b0ff501f8a09fd0666d02eed4f1efc42cb751e0683bdce446c6fa2ac801c589
11357215,ICpdlt{~?,977eb9628ead7601c74ac8a806f16b95935923ce88c75c171799fad0e50b5399
11357219,ICpdlt{~_,07749a49627c8346202d88cfaf9f59654b8425c0c5fbb5e77d73a61f95c71dc7
11361000,ICpdmhyv?,619253468e11a7869f1a2e14aedd3928e41b2f1e65af3519c6e404a165bd1c96
11365103,ICpdmrj|o,dd504b344f1015f9e1ae81c46ba6d6097f3defd84537ecfef922e1fb67a2cf60
11370338,ICpdnQvvo,37286f08ffec6eb549a1fe875b8014fa8de05d9f24e4fba9fa87bd12c2b5af19
11370609,ICpdnR[Jo,d9f2da5dba242b8ea96d9760426eee3ed8632f8ab9678a0c0c7e7b29f7653dd3
11371043,ICpdnRkFo,2640e687f22bbe1f47191a441cdb37a22c6f4a7dbd475868f2b1c1f8015bc5b5
11371311,ICpdnRs[o,c3a7a40fb32701da2e4ab4279123d8b20807151f74439520a2576ef50771438e
11371314,ICpdnRs\o,fd50fd2f4870d7bc52106088c2b39fb3ee71dd3fd98bf7e00ef150ddf4334f48
11372695,ICpdnX{VW,8abdd04cd027892f270c6513aaae3d2c78808d4879191b88d5c4618266cb7bd2
11381281,ICpdrjw\_,3a0697822c2bdb3efa09adc1dedd80d5704ca8a70ebb31bcb5a42a60d140f5de
11382040,ICpdrnw^?,3764f388e4bc130235ed50926292a6832f519f6ccedab49d9dee1dcaee3fdce2
11383572,ICpdrx{|_,7ca0619ed5374c8e85bb9bf73c4c803e9fa3c5786c5546bba4ffd268f889aad7
11383792,ICpdry{xg,dde3b545c3793177fbe8d2e702155915e6775e5617544b29624bba6e0b535eb1
11384250,ICpdrzk|_,c0e2c12a1e8beb2a7c17c951e7c48d098067f09edfd5feb65d4408c9e4b6e1ae
11384251,ICpdrzk|g,ee04af74bb2bffaf9acbb3548bcabf053ba18fae4bdc0ba60d4e57109f8d5de5
11384385,ICpdrzs]_,503d7301992fd3d6f7def048541a5c2466a537363067956e34eedcf3066ab140
11384588,ICpdrzu~?,fc68262e301e2d1e9a4891c1bfee099c6fea1da1bf8b8c7739ce3a67dc3844c3
11384589,ICpdrzu~G,677e67621ca1036449ff555152293ea66019d9d2e7f759a62c871678cd3cf3c6
11384626,ICpdrzw\g,c2a9dfe804b3a9818a1065c7c7a6707fd2a2ffb3aa953040cbb5c54a9e64f047
11392149,ICpduo|zW,bf07815fbc0cd33ed8111b79f6f9a5a201ce67fe4e95ae8efec07dd8af742c95
11393460,ICpdurdnW,3f2165807f11c20c7f310e77c45611f54a5e5bed3cfb5caf015132d9efb214a6
11396043,ICpdvNk\g,6c813caee34349f26698cb02270f8c89d79fb26825d815a319537e9ef69f37d7
11396987,ICpdvPu^?,6315edc7ea5982b2eea3624aeab458be3cb216eaceb3d5a90915c4765419c8d1
11401349,ICpdvrkNW,886289a91b0e6bc7441911d669a4bcdcdc9886556bfd3f458481b42cb01518d8
11402337,ICpe\pyNg,92288a7a88976a828a461962d7f05892397f42d3e276381e7cade8bfcfe29424
11414061,ICpejrsNo,cf32df79121601aace637b79d19b15e0e92f0aa5f2fb0624dce09ba5a64faac8
11414085,ICpejrsfO,9566e03a57c50e69a2478444b03a2c2423c8b147524183f1f009537273b28739
11414104,ICpejrsnO,1462b60bc7e61e32fa129b90c9a1320655c1dc1de7c21e319a1a7fb0ee46e0b5
11423123,ICpenV[hw,eb725289acd71da159206d6b38b1cc12107674e56ed90506f0ce55b931a102e1
11423590,ICpenVwhw,8c397a7b1051d62231154862430e314f0febb73da5af345070d1492d5dcda6db
11428602,ICperg{{G,adea14105ea97e6cd6afea5b87ac47b7cebb2122b10d5f315538f6be9d02c4e7
11428967,ICperhm{g,2d6bd4fc51a63087f6880888064083a5b18b5193ad7f69ce2ae8136f971a42ec
11430932,ICperjq^g,4f9f9e4c953adaeaf882058ab7515a52bea3350e0a9f3b7a045a9306ecab98ed
11449867,ICpfJjlmw,29c3e11df10dd3fb81c31840d781b631289cff704eb13fd45e47ce16749ebe78
11450032,ICpfJjxjw,4b76aaff25ea146eac36d17eb19ec0264826609ec566885d96a63b3203cefbb5
11450170,ICpfJo|f_,ce22b3ad8ae762049f0d47ee542abbdcb493768d89fabe0b59413ad5f6ad6851
11451586,ICpfJq{bo,68bacd164b7e0883a2afed1440c1af48e478547d7785385a3edf21da9efdfe3b
11455597,ICpfL^w\W,f16b46323dceffb20bbf972f03ab6d6cfe142ba7629283adce01581fce9f10c9
11461263,ICpfMvw[w,cc53ae8bc24dbd2c0c207f7679e1695a1d4c0493a3cd37b52cdb11d9b1093c5b
11468538,ICpfRY{do,caaf1a7590f728e98b92c50e4320a2aa3c9a8311584e19060fd1ae998d95cd4c
11470251,ICpfRg}fO,9d4e65031ac63e1143a8411ed8d80f5626ef6e85c0216cd338f6b833878d8038
11471484,ICpfRi{]O,a9bd275ecde7775dd96c8109dfc2a1d3612c83eb28386e1ab33241f50f79dbf0
11473056,ICpfRz[xg,8022b4984fc8eaf88e7398dbecc856f47491e02029093b70f133bcc585d15db7
11478067,ICpfVI{Fo,5bcddb06fe3c929826979345dbaf20203504be8207f3afa1ccf0676be5d2f9e3
11484114,ICpf`zkbo,4c5845b64508c4981019e43f2bcb11a356e756d275c4a29668e268340b8acd10
11485197,ICpf`~k~?,4ffa3c7ea3bb42172212f1120654bd6d77574d8bf32a572f0efa59187a655069
11493267,ICpfbg{uG,5e3a229c65d15ebf5480ebb6f3ddcff0652840a29eea15d154aa4b1c9288fa47
11493272,ICpfbg{vG,77be0180046e4bc276bb86fcf37dc0609b6fb72e41142b7a7fad0aa99b34c2e0
11493280,ICpfbg{xG,1219634d23e795533e16bbb18c31981e94130f6feea3b8526b743bca5e49acf2
11493369,ICpfbg}v?,6befa5cdc3f54ea50cbcc5c4727b24b77ab800d40ca43eea6b727d6002565524
11493844,ICpfbh{v_,09eb4fc17d850aba7140321c76d6e7329313751ce94e744f255f8c2c01b2d7b6
11493932,ICpfbh}vg,7b01965696ff7e239c89412da608da899342d68b6ea0a4230f62697e36b49cd6
11494373,ICpfbi{V_,531ab964c7053b1e6f496395910b64978d225b60696d85e9f6790f5c9a08db50
11499537,ICpfbu{n_,2013efc7d9d450228b09fa87cb3d20f73d132eef7d7cf050bfd404c0ca9c129e
11499588,ICpfbu{~?,1e4c02a25a7d23824d6d360a564efa40f5418e248d4777290914bec94e6afee2
11500050,ICpfbvk~?,470994d06366d1f5d584a35b85071737fe124f80534aec5bfd6d796892c69502
11503217,ICpfczd]o,71ebaa83afe9e89d8e20190eba4029a7185970e2f98eaf99abf2f60391d7f6f4
11507154,ICpfdZd\o,8f7ca8dff34223f0049405b0c7270e1ba10a4c8b84b5c3acdc1098a4c2ff3d40
11510499,ICpfdjdZo,7af63802a6512e2b8d5bd408cd3f43bace728b42ce2d2a4e3f1778aa3f37b5ab
11510645,ICpfdjkZo,36f8abd17f162cb3b73d16ec45a907cf6f2b1592fec069e948a4c9a1c7b525f9
11513070,ICpfdrdVo,1c8fdff5dcca04a7b21d638b7b328f7025b8d7909aa45ae20816db620fe7d425
11514233,ICpfdt{^_,8d49ae2289f62fe61180de89b5864fad5dbf8a78be0e013fae7e159f62dea03d
11514311,ICpfdt{~?,d7cd99abd030ce8ce1b2b4aa07958c52a9ac74101be9932e50a2c2c81afad152
11515434,ICpfdx{V_,721fb18346f713911dcad5eaa6a37b1239f8843ff2f95e8b2979d3ef2c3fa8e4
11525305,ICpffZsZg,99fc31060416838ad2a03be82f48d1c84d9388b6bece7ae3b8d7395af1be0eb0
11529139,ICpflzk{o,47119429f1f083361d389dcbe426b3433f74f5814e0b3efcc2b8fd57af3ac046
11529552,ICpfmzkNg,877e7d44548d1128ae8d58cbfa02a93658ba6cb583efcdb11502a4e72a6048f6
11537858,ICprn`|vW,dc00186dfdb33a79641a54dc79ccb0f7d8064687014fcef695cee220f7efdcb8
11538968,ICprnjisw,d14722ae3026b24640001db399113c94370e847332cd7fa3732bbed42f756519
11541482,ICpujv[xW,e975230b6b30dc5361ed89830944797e9e91c531e3eeb1e420fe5e6ad51d2f20
11552204,ICpvRq{xO,f085a3ab37453f3bfd66bc263ebc7f2c206bc9f50d25639188a870814af7fb97
11553180,ICpvRrqlo,c5830aefa912a711273451528d7c888b86c8c6c5dd3abe1fd2d3706e524654e5
11555254,ICpvTrsN_,b5c1450d65b5f1bb73ad8c59bee6ee4e8472bca8c5e626db4133ff30ee191966
11555275,ICpvTrs[o,d674456b951a58804e417630c9770bfacd72a1dad17d744e7fb92952bb66baa2
11555283,ICpvTrs]o,79cfd739ad503c65788d584e8dee612b47f70fea43af47ab420a1a21684cb60f
11555289,ICpvTrs^_,f742dab63a1b8a2c578181ad9bd022fa3cea10e4b044d2a470e9b7261b14d3da
11559938,ICpvV`{Mo,df86c99a5a15c39bf1d8d248ebeac1dd24538d555c3e8e658ee7fa78c9329080
11560742,ICpvVa{ZO,5ffb9f4ecc8046c219660f34ca6b194da0eacd3847953deb4fd5dfc86b9e1d4b
11564555,ICpv^rwNo,aecf306d51bc9ca546e771a38b14f90ef0882ecbaad5ee08850472ddf5af4a57
11565983,ICpvby{Vg,991e79d7dc955f53db2d2f9b04f159d7349b60ca1219990b0e0235eaa1719a9a
11567326,ICpvc~wxo,c152cfebc9b916ad2c34df02737bd6cbfb9fc3b03363456eabb6c8b888eb07bb
11567420,ICpvdt{^_,5c13631194e4702dbf482cc83f4c640fffe3c0d95464dc13edcd62f091131833
11572630,ICpvfZuto,d75cbf9641aa56ef171b88a7b3c2e627e2daa329f6315ab0ad03e33eb6767379
11572657,ICpvfZwN_,87ba54f156694ef247716106e543d91ce75c21c0ffb253fceb7d72951ed9a11c
11574258,ICpvfq{Z_,7130ebb33bcb43125d2c0e12c8b4f47f0e20cd1ff447239ee829c6d700f24e11
11602623,ICrJbxy}O,de25a59a523f3d6f8e127eb2919c0feaf7fed499f076f364c1e97484d5e1023a
11631161,ICrRRc{iW,7f6a8227383543380348e5b2176c6059bf8ab5ad8427c85840f11779c42715ae
11631178,ICrRRc{mO,44c35f24ec76722cedd8c01c7ccaa4ddf2918e9cc07ce8da97f774aed8758e85
11631240,ICrRRc{yW,b98cf19b9b47be8cc6352b6cae5ddf91c717677a6e39dc7f84f6270f5c94bb7a
11631252,ICrRRc{{O,8b6f816c1b0230d5c97cce3cb46ea7203be135d7c97df08c04733f1c6b29b9fe
11631267,ICrRRc{}O,1a448b36be6b17a6a26486de96eb3170131d760de0fcc990047dfc9eb5ae8fb0
11631366,ICrRRc|}O,850f2f061423a937deae3d9ab32c587a6a47aa72910bed720089bfe1666dd5f1
11632017,ICrRRelr_,9bfb457db82e9f703be4548b9145306494e35e718bbd0a545f13e9916118ddb4
11632032,ICrRRelx_,d038b1b4d405dd986eafdc1d6a0ed5b03a9e14464de6931057c9d34dec37e18c
11632040,ICrRRelz_,52c7538fb82585a56b74fd161cf4890e0d8aa8eb087f27fb3c9cadf7966782b3
11634725,ICrRRrqNo,c126f7cf573bc120ec22738459fa5d31d2e1d20aaa83bf74b533e63ffc595f48
11634761,ICrRRrqmO,78f7975a0ea45718d884deb358473a3452a5c9788d11836e7175ac903ffe28b4
11634763,ICrRRrqmo,0f8f4b430bbb2a9c265dab7dbcf58403e17cb814fb0db337e9b3625669920a1d
11636133,ICrRRvw^O,d98da7c6643ad3e38d876390c234fbf8c2b1570b67c9cacb2568c19c189f6c26
11644940,ICrRVjk{g,aa0cd021cb6457649b37517329b262c7dc2817ac79c82c51a1fcf5eb04992c70
11656439,ICrVLxyNW,d6ea88f003097fb4f59a248a834d0d8235f762056327ad5a62d08b0ff109553b
11662630,ICrbP~Uyg,3c30da9c746e49b09d5c4a8e5baece5539a53342624c6ec3cb7979e7e3c87571
11663323,ICrbP~w|_,58501559b728b53a035b69e1414cec512060794136b512300ef6aa03138625aa
11663549,ICrbQ}{nO,01163b877d04c8ca85aa9e4e483fa869272dbbf64063fad0c7d9d01d772722ba
11663621,ICrbQ}}nO,ff828a3245f0f146c3785e94411d479aee455c505142d32fe297e5d6c9620cb6
11668611,ICrbRyu}_,8e3f9f8e710fd26aae2fb44f215667358f10b92b8f9f1112b3a0b75e0038e2bf
11668718,ICrbRyy|_,74c384c0ff7f95b5363a78c1579605c78c8a029011d265df479c26cd1427d6e9
11671368,ICrbT^uto,cc8333487342726f57525bc94abbb5959bb2e881aae7bf35eb761e018586f601
11672790,ICrbTs}|_,602be764216460881bf55951ef977835e3446942d4bcc220150f91730307ed19
11675897,ICrbUm}jo,d97771406c40ba7c04d537f6854ea50db658f3ca1b182fdb54b5d26a7d97ba55
11676204,ICrbUns^W,1fb1fee2bcec9f15a2ab1593b07d3758910875d85226d1e1026ba55adbf2492a
11676207,ICrbUns^w,4e84aa88086c180457b34b67ed4ead79e818f8aaab27926a37742a43ffeb3757
11676211,ICrbUnsjo,b5854d080e83c6fffad355ff515a0a1db0fe228c622acdc8ffe969dcbe077c90
11676257,ICrbUns~O,04a57fc21eab026451c99e3c9d465709133c2b419100131100c573c182b763f1
11676261,ICrbUns~o,13075708029be1202859f79c94f70ef3269ed2833c96a45b53a933d66061df29
11676263,ICrbUnu^o,084b8d6a154db6af9305eb7f168df5b2c7bbd6416d348be1f06eb2db95fb38f2
11676264,ICrbUnu^w,51757adbfcc2e4e50418d0321f99292aa30f933b184b97e466c10bf087d613c2
11676279,ICrbUnu~O,54107471d614a51b2e44a2e4a9c5f2fc1c5a5282c77f15153634c593c82da6bb
11676280,ICrbUnu~W,6a25c61cb9454372af348d115b1291096862c5b7714e4aece4ec8509d0595dfc
11680614,ICrbVd|fw,ec45fc07fe732353ac108cd05547ecf4301ea499e1fc1dd66d8d515af0ac1f4e
11683107,ICrbVo~tw,16ad5ffe9ff349c41fd25229f3c198dd0ef7785ef88c170de7e25bc86d90ccf2
11686419,ICrbbqy^?,8324e49de5bd118e40a0a61851382b574b014ac0b0a4485d2426313992c62483
11688700,ICrbbzqn_,7b21077ede67849b64f37f5808de9d75cbd3683c2932ec2cd7374f74e9d4cacc
11689434,ICrbcx{{_,d379418d702b476a1742a942196d9daefb3c8b5e098bd9ebc457b2848314656e
11689440,ICrbcx{|_,ee54a80171dc03b798f1116020b2800acdb05011ecfcd8e47d84af98e57965b4
11690942,ICrbdX\mg,8ee41970bc003254d9b30c2e4e7d01db860ea39d5e1d4f0b47ce9c3e4f81507a
11690948,ICrbdX\n_,89919f246a7f7acfad8fe48f432ae55ab9953196a6e16199b6ee357235ce9498
11692372,ICrbdZq\o,9959a444b95ba5191693c35c49ddded13ff986fa4aadd0a62d7bd39273f0383f
11693368,ICrbdhj}_,31124ad3e563fac31ca4b7360163c4e949c4df51a35f4acc4cae396ba619e1eb
11693370,ICrbdhj}o,4a02d056c57d99a39986fde8aef09afc38777d19229a1c5f313eb5c164127d3b
11693562,ICrbdhu}?,0b8fa422e63d0e43ef3b98c892987c82503716b16fad240cf382e7118f54df36
11697764,ICrbdt{n?,883d429d3e3ee8366f1a7fb67483c4c09fe16b93deaccec33a7e9ed244c018d0
11697792,ICrbdt{y_,6a603af7f8a7369b1fd7bbb74e4d99889a0dd0a1bcf6c56a3e16d6693bae8a20
11697817,ICrbdt{}_,2b204633666daa2fbac385ed6f769b9832b3ec2be6b21e3b32f2b4630743114d
11698993,ICrbdxy^?,8b047dbd03f8a65fad9c3d2b91a4779862f7d5e868d8d199f53529528b22be5c
11699995,ICrbenkjo,3d50ae0a479c21848f90ff104b8462866292e2db98221b9ac39aeba8982bced3
11703690,ICrbfTvno,c8a7bd538da88b9448907233ae104a91cdca78c2c46d196a36a56856f9a657bf
11704265,ICrbfV\no,e80e20ecb6dacafa457b5560f07451865f421bc53a078b6e374a73f4eed71d62
11706127,ICrbfem\g,a0ae3cbfdfac7396de805db0f4e5fcb57850744982c1a21814518a3c3009e7cd
11707490,ICrbfi]}_,fd9f11058c9732f8e04b37785c9f7972a83bd36f14d76fa75abebd2d0d18b895
11708724,ICrbfpun_,e972938b1cd0c30973b26059a05f4a3d88aa929072589b90051a0ca234405700
11714546,ICrbvh{n_,90ca21db1b90c976715db95259e61445d8efe6df37843365a8b3583d7ebadc58
11717791,ICrdrjw\_,0396836aa40cbd0f617c9457b02512cb501589683e2d3536f7702a4d36fe9c0c
11719033,ICrdrptn?,5f51f817afdef9d509c19289b93b9ae49ed19daa46f0bf26c0a538ed41dfec99
11719323,ICrdrp{\o,e99f50ec37ff555db57ed7c9f3e7754b07d463250521dd01cb88c32d1e043391
11719343,ICrdrp{ho,1f985d54ce460b0f471d176016b04f694b67a434543526663e5735ea272fd35f
11719394,ICrdrp{xo,b553280174c89d4d8f85e3430ae07853aa0ef91e1a399427291b57b082fb8b9e
11719890,ICrdrq{|O,a3973f7aa7eaea84525e5775b2a2b037eb8fd2dd1ea38e21de358a795875bd17
11721865,ICrdrzu~G,04d90004429a3c5feff9baf37c2d7c2aacf7a350dcb9221ada56e1b51b4ad301
11724950,ICrdvX{|o,30e1ed1f2bb73f6912a115d0759d59381b409315e966c74bcdf59471a8e2eb0e
11725363,ICrdvh]Mw,890d12789655a2d1fdd2293cb354325fdf78f1323c8a34b0b579280d5ab45efd
11725739,ICrdvh{]o,1bfe64a8f57db34ff5656d690470b1e24109c703a30a4950d1ffa3cb9732cecf
11726644,ICrdvp{\o,da868fbb1e5638d7168848596551ffcd9b4d9eb1d93a74815052ab9bf2782c0e
11746411,ICrfZzwmo,5c9dbf632156e01be81a0fa632fb282a82892dcc2d8e8b5dbd11b3c0e8816ecf
11749845,ICrfdt{~?,064d517e05a66e8624fbde76af9a3cc0ebf64d848ca39cf4f074e58c0642a1a2
11758991,ICrmruvzW,16b66bd94b20dab225ae278ad33847500d6b347e0e6e68a3fe38d141739601c6
11769552,ICrvRvw^O,47a65554e8cd4261310f50026bf2823e2b76667b0609af278b4dd4d35572e534
11782331,ICvbrzqno,406d0118daa8eced3dce223abf161daa3dd172ad8bbd5138ec744a3c991d15a6
11782350,ICvbrzqyW,32f74f34b16090590faac4a40989772ba3b5b04233b3715c1a13af4a4c0857a0
11787115,ICvdjzNno,06528a510faec769d1fe79870eae0d9476170966284c801078113dd303671efd
11798710,ICvfJzj~_,6e5f1693457b4a0c14bde4f50a01aa3474b5cef717f707adfe178be131dc89a6
11802624,ICvfRjuto,b3bddcdd8ae2b2067b349439170f18a3ed8586c6b9d8eebf1d7dcebabd2f37a4
11802990,ICvfRn\~_,90aa452d814eb1c9468fbd6bac460f69bba11b95074cc28fdfc1a5172c5853cf
11803441,ICvfRvs|_,e14f52456d2ded4917f5702350da059b9562d33620ecbe02265806a28c602c59
11803455,ICvfRvs~_,351d0b400b4ebea3043f1fcab4dc82e03f6137b5f257544d74e40277656cf187
11808598,ICxvBt{ug,342c7092e33ccb351c965b72c04ae82e83b026c2edf41d23757c606a5517b92f
11811320,ICxvFh]n_,f8ddbf4a0c59f22927b35baee3522fe2aa28a4b0939e1641134e1821cce12f3e
11811610,ICxvFjYN_,9d79861acf642e0759038ef78c78aa8d6108c92c45847f1aa41c20e83437bcdd
11814937,ICxvb^wvo,b6d60a9ec4b0094ed6c9592af268a0455826124b05ec66a873748b530d3ecce5
11816314,ICxvet{^O,aae76f0380cd4a22b213072e17ea32a67c5a6d0a7e014c6007741d3c52fe0749
11817442,ICxvfT{ug,c898e264a1edc2cfeb413256cfb1fd825774d79a9406487393c44506d5c35b5d
11818026,ICxvfZuz_,8eeaa2ff4d3ab0baf923ec8ff08489514d6f079abefb63b500fce4f4a25835d5
11823668,ICzbvj]~G,6fbf9866e2974a7a56cde6bddf13b54e8f7b416d141737fb0910ed3d922d95a4
11825373,ICzfRxuto,0db8f5419e83746963956ef01c8be4b094a4e66cd1e569bc6ceaa529cca7583c
11839273,IEhetjhpw,52a0001410b4a4bab0e2e91c8190e3c171c8e8ecc5f1d63faad0b0af0958c0bd
11841695,IEhevN[Yw,ef0c270b370c886b7f0ab28c545a24bae91cab9743725d52f1948d05b2ccbd0b
11846310,IEhfcxmrO,15b6fccb65012004e54212f8d7d09df64cda2243489808fcdccdfb40a523c67c
11848960,IEhfdZ[Lo,d7c45a3314f986789f83915bbb22aeb75ffd77750fabb9d9673ffe6f2945b029
11850787,IEhfeYmrw,fdae10c6a6df00a7f072570a2126790b96c7174df2ba98e02ade58b22c95432d
11850794,IEhfeYmvw,7fe9bedb7be4793e8046273e042f2c78eb9a6aa917d9b0fff9cf01fcf2156c56
11850796,IEhfeYmxw,7811a49ffdcc1a2e4f6b88408eb30010349f5a846c905cff783abd04011358f6
11850808,IEhfeYm|w,b3930b4298cacb4ae91a2168df677a8427fbf7efc9108a51b5f09a1a82f3cba3
11850974,IEhfeY{Lo,290d98952abbd05454780a374035c1b658abe97add93c00402de0a77243e7bcd
11851878,IEhfe^[Yw,2954c7e6c133815850633d5f529ced6ba85721a6822ad2d6aa246fcc0d5485c2
11852155,IEhfe^whw,1c00a5795a35c71b7949f94245629cb182c2b1c1b7fbb2702d6c944065e3d017
11855170,IEhffZ]~_,5876baca4e93c8b42bacff50c42982927a3772b68d1ee84eadbfdadc33511e9d
11856413,IEhfuzkNg,8155f866d48036d9181d97d4d9f2f6b1f888554dca708154445b5ec835234577
11857004,IEhfvp{xg,56b61cb47274bf1e4647307fbaba600f5a6733ea84ab76a78b8ea60db984a23d
11859686,IEhrt^k}_,47677c8c0f9fc2635cf61afb27ac780e9d4f9142c80cf6e085c9f0de3b418195
11868731,IEhttzmxo,2ca9f322bc7d4c23b314d4919cdbbd574fd9af3fc02c7ba4c1d7f6a59de1d9ec
11869185,IEhtu|}|w,82b836eb903e52496e116987e9ba2d4bdc4440ac2bef5bf6b86de42d488da995
11869186,IEhtu|}}w,6a93d07c744fb42238fac0e557cd5ba7612dc42227f22e604c3b9ecd5a38f533
11869841,IEhtvn]^o,89ed6041e61a73fd273144085bb4336f6b02a04bc42ec9ffcac1f7c0c1481125
11869971,IEhtvv]^o,24bd4099e0453e0f35046e52e3209717e78d86b20ba198100c20b9705c85db33
11873702,IEhuVfwlg,36be656a00458fbae7514ae1d719809e022e0204bb8c4ff28ef6f24bc0873efe
11873707,IEhuVfwnO,f2efcaef2abf642fdc3ab0c6cc1efa00e9c1e91f53f48a339674fd307e25ed1e
11877043,IEhuryz|w,802a05ff202b3dda0ed897f47367fd76632bd8c58f63e36026184785c5d2e404
11877047,IEhuryz~W,f630a9cd952991646a1e80c0215ec659c8bb71afee10335e18e6f4b2f65fc588
11877776,IEhutvk^O,f8d552a215aaa98afcd116e17b3f656771adcaf73cdc8476cf0ff13198f56a01
11879502,IEhuvp|mw,729e2c61a4d72876ead259ca519ed0998134ad417422a0691b5165acb8701b02
11879642,IEhuvrejo,aa518dc8cac6265c59a2b901dbf58e25109d43f7d881659b9022cd60234eb91d
11879756,IEhuvrklW,565c829766bc08cb982214434593588f38c331b0331565ce9e2e21ce172dd968
11880720,IEhu}zmnW,1ad50584eebaf0f4a9dcad0df14ea373c8d09886a01651eafb52b3439585206a
11882450,IEhvBu]|O,a54fc51b215928b06d348e95aa3f4d9d3ebcda2a8bbece09c86cdbf07055c476
11883404,IEhvC|{}g,51457e048de47556f55925754c0a735ea7f8d12ba51e15f557088d184e6e1d5b
11883655,IEhvC~i~?,88670b7966b53cb00617ec0f0d6436663059aa77420e4a37e8f998eeda9ba0a2
11883656,IEhvC~i~G,f160bdef8ffb3a2a6e1846ff12976730e3a6067444de9ba1f2cb34ebb6ab930f
11883665,IEhvC~kVo,6e03f9a7237f790176cf70c4654393071242c070ba961a550d58389fee1caf4b
11887240,IEhvEtyZo,eebeba8f437fa5645ee37751b6bfcc0eb3bfc4b730b9660ced3d9e8e85a75746
11888356,IEhvExmjW,1c8ffdc5ae6a8300e1f9a8b4603d8a67d1d72b6ff5c6f89b3787bf8964c4bbe8
11888443,IEhvExujW,453cbe90d7f65f9458f29daf9a282de96d63e9893eae867212d5b6fb404962c2
11891220,IEhvFp]mg,16691d55ae5bb0a81d4b3655098c7c2cf4c749eef35a49c33f38afa8b56e0a4e
11892341,IEhvFrylo,665ccc325c8fa0322a6a272f00b4560512604b2f6a14ce51469cf683aa79f226
11898038,IEhvVe|~_,e16b6f5adf6575be0ff788d7cf75a962d4d8cb6f9f0bbd97edd650b756b505d9
11899044,IEhvVrulo,59324a010dbed2cbdcd54a3ce400762e624ba72d73c310256050fc38748f9a79
11899111,IEhvVrylo,ea17191764df02663ac4f95493edc58015557fb5bebbb9f4450bb224611c3a62
11899893,IEhvr~{ng,f20efac754f6fc5c309a9ad7206b413fa336109ca12b3c42b6a2c79ae836f6cf
11910415,IEivry}^o,0634762799731fca333f877e48a437727dc261bba5f3c1beeb3690b217d01aa8
11912955,IEjbuvkzO,9599a82b3c4bea09f8da9bd2b3738588066ce6d3de21f56da2d9d08fd2b8b927
11913005,IEjbuvl~_,944c1fd994b59f2e48b2f7023a7a5c0f71626a2e5e8314f4d0304cfd9260d851
11913554,IEjbvd{zo,c450111a281d2053e800336b0eda0960b4eed2ded36835d040c899c9bb580da7
11913917,IEjbvf[^_,3458e6858f6896729f8d477b9c7d259ec15a075abf66c42ab49ea2fd1b703fe5
11915876,IEjdlnj|g,7aaa1e5b14337b2e43264ab069bc379bd0b176fefedf0dc0ce5ec003f3be6a2e
11916214,IEjdnVf|W,7df8dc1489a5c337702b0405fcd7c6c58802986e041ab3832594e23e2090b94a
11916266,IEjdnVtnw,a1e5517b444b1be115041cb4f0f26845e58c83b6cfb398aa3bf484b8d318c53b
11916274,IEjdnVtzw,7f11f7b669910136812ee92c917a553d08ee8e41a345b17ad9b61f56949b246a
11918022,IEjejqz^o,d873aad4eb76479fd6e046714fb1acb367bc6d6d8e47e0086bf9f03aecb18623
11918740,IEjenT{^o,6e3bc1c2074efa35bcc72da66f1546432f2fd31ba58cba4aba51a4687f34c9a2
11921842,IEjerXz|o,8ca4b5d1433c977a79de3ba861a3875003748130e2e5cb00243f346c78de7a2c
11925206,IEjett{]g,601077994d54bb6bdd028116b05dcbcec1cd1998f73ba1b7d9dcc9f9e723b2d6
11925376,IEjetvujw,c47573240de162e0c5a59f8e4bf2e2df80c820567439269540992793625ffd8f
11927864,IEjevX}z_,37c479d5c306f75690f7337fadec67a463efc5e1c651d147a0718b9eaa67a7fa
11930995,IEjfazmro,626491d3d3c3bba21814986fb1c6fa1c5c26ad0141948f348dc6e1cc56a12ce5
11931637,IEjfbx}zg,c753fc4fefe7606bde677a5abc4486c958ad073982964d1da6b1908369075b13
11936533,IEjuvx}jw,335fb12a54937abf470be61e8407198141a2d8863a93aba46874e2ac22d17180
11941011,IEnfbZ{z_,239097213b8c2409d2ebb8cde22f28344ae8f820cc10a8bb63c2a2f33694272c
11941873,IEnffVV|W,2d3c6038e6a64d77b2d23883ba0886b7467138b4ec00b69529b6cf3dbbce06e5
11941898,IEnffVmzw,7b6a2753a200f46423eea3edff14f41d1bf6371a966d14feac79ae10539c9879
11941901,IEnffVm}w,47d999379166ff8ec990c674d34803f7d1335f58a66a5c6d66945a87ba8730ef
11942166,IEnffXz~_,9973c0357fa5ae9548991bf27acc334cd6f047bca1764cac42fb967bbcfe2989
11947289,IEzTmvtNw,064a7b36a5c07f27594aabf3ebe4f7133d88a4739fbc9745afb87acd20f43cf0
11958878,IQhVe^wdw,ed4b7dbd76647631be8c52e89351df9d061206935bbf53e3916179af5b089054
11971765,IQjRvd{Zg,8c5da2179fe4b4bb667d703675990e758aad572069496c52326423bb15df3400
11987287,IQjdvh]uo,50b5972e67d25008f2de16d8412f0a386470860a24b2d6f7583ff478d4afced7
11990576,IQjfmz\}o,2777233a1831e1e2e9c306da9648baca147e8dabeecc03c99cfdfa5bad1e4ad0
11996393,IQyus~y|W,ce1e4dbf731f0731a759800d9f895d36c9bd3e3f0d3d91ddc4d5c03f7166a671
11998875,IQyvexn~_,418f206deb900c83723b6c139e51d679260c8c900088e1247ebbb98c83ebf80f
