class_id,canonical_table,orbit_size,representative_index,col_multisets,n_lsd_triples,left_fixed,right_fixed,diagonal,cube_map_sorted,n_left_square_absorption
0,000/000/000,3,0,"[[0,0,0],[0,0,0],[0,0,0]]",27,"[1,1,1]","[1,1,1]","[0,0,0]","[0,0,0]",9
1,000/000/001,6,162,"[[0,0,0],[0,0,0],[0,0,1]]",27,"[1,1,1]","[1,1,1]","[0,0,1]","[0,0,0]",7
2,000/000/002,6,81,"[[0,0,0],[0,0,0],[0,0,2]]",27,"[1,1,2]","[1,1,2]","[0,0,2]","[0,0,2]",7
3,000/000/010,6,486,"[[0,0,0],[0,0,0],[0,0,1]]",26,"[1,1,2]","[1,1,1]","[0,0,0]","[0,0,0]",8
4,000/000/011,6,648,"[[0,0,0],[0,0,1],[0,0,1]]",25,"[1,1,2]","[1,1,1]","[0,0,1]","[0,0,0]",8
5,000/000/012,6,567,"[[0,0,0],[0,0,1],[0,0,2]]",27,"[1,1,3]","[1,1,2]","[0,0,2]","[0,0,2]",7
6,000/000/020,6,243,"[[0,0,0],[0,0,0],[0,0,2]]",27,"[1,1,1]","[1,1,2]","[0,0,0]","[0,0,0]",8
7,000/000/021,6,405,"[[0,0,0],[0,0,1],[0,0,2]]",23,"[1,1,1]","[1,1,2]","[0,0,1]","[0,0,0]",7
8,000/000/022,6,324,"[[0,0,0],[0,0,2],[0,0,2]]",25,"[1,1,2]","[1,2,2]","[0,0,2]","[0,0,2]",8
9,000/000/100,6,54,"[[0,0,0],[0,0,0],[0,0,1]]",19,"[0,1,1]","[1,1,1]","[0,0,0]","[0,0,0]",8
10,000/000/101,6,216,"[[0,0,0],[0,0,1],[0,0,1]]",20,"[0,1,1]","[1,1,1]","[0,0,1]","[0,0,0]",8
11,000/000/102,6,135,"[[0,0,0],[0,0,1],[0,0,2]]",21,"[1,1,1]","[1,1,2]","[0,0,2]","[0,0,2]",7
12,000/000/110,6,540,"[[0,0,0],[0,0,1],[0,0,1]]",18,"[1,1,1]","[1,1,1]","[0,0,0]","[0,0,0]",7
13,000/000/111,6,364,"[[0,0,1],[0,0,1],[0,0,1]]",18,"[1,1,1]","[1,1,1]","[0,0,1]","[0,0,0]",9
14,000/000/112,6,621,"[[0,0,1],[0,0,1],[0,0,2]]",21,"[1,1,2]","[1,1,2]","[0,0,2]","[0,0,2]",7
15,000/000/120,6,297,"[[0,0,0],[0,0,1],[0,0,2]]",20,"[0,1,1]","[1,1,2]","[0,0,0]","[0,0,0]",7
16,000/000/121,6,459,"[[0,0,1],[0,0,1],[0,0,2]]",19,"[0,1,1]","[1,1,2]","[0,0,1]","[0,0,0]",8
17,000/000/122,6,378,"[[0,0,1],[0,0,2],[0,0,2]]",21,"[1,1,1]","[1,2,2]","[0,0,2]","[0,0,2]",8
18,000/000/200,6,27,"[[0,0,0],[0,0,0],[0,0,2]]",21,"[0,1,1]","[1,1,2]","[0,0,0]","[0,0,0]",8
19,000/000/201,6,189,"[[0,0,0],[0,0,1],[0,0,2]]",20,"[0,1,1]","[1,1,2]","[0,0,1]","[0,0,0]",7
20,000/000/202,6,108,"[[0,0,0],[0,0,2],[0,0,2]]",24,"[1,1,1]","[1,2,2]","[0,0,2]","[0,0,2]",8
21,000/000/210,6,513,"[[0,0,0],[0,0,1],[0,0,2]]",20,"[1,1,1]","[1,1,2]","[0,0,0]","[0,0,0]",7
22,000/000/211,6,675,"[[0,0,1],[0,0,1],[0,0,2]]",18,"[1,1,1]","[1,1,2]","[0,0,1]","[0,0,0]",8
23,000/000/212,6,594,"[[0,0,1],[0,0,2],[0,0,2]]",23,"[1,1,2]","[1,2,2]","[0,0,2]","[0,0,2]",8
24,000/000/220,6,270,"[[0,0,0],[0,0,2],[0,0,2]]",22,"[0,1,1]","[1,2,2]","[0,0,0]","[0,0,0]",7
25,000/000/221,6,432,"[[0,0,1],[0,0,2],[0,0,2]]",20,"[0,1,1]","[1,2,2]","[0,0,1]","[0,0,0]",7
26,000/000/222,6,351,"[[0,0,2],[0,0,2],[0,0,2]]",27,"[1,1,1]","[2,2,2]","[0,0,2]","[0,0,2]",9
27,000/001/001,6,3271,"[[0,0,0],[0,0,0],[0,1,1]]",27,"[1,1,1]","[1,1,2]","[0,0,1]","[0,0,1]",6
28,000/001/002,6,4455,"[[0,0,0],[0,0,0],[0,1,2]]",26,"[1,1,2]","[1,1,3]","[0,0,2]","[0,0,2]",6
29,000/001/010,6,2430,"[[0,0,0],[0,0,1],[0,0,1]]",25,"[1,1,2]","[1,1,2]","[0,0,0]","[0,0,0]",7
30,000/001/011,6,2542,"[[0,0,0],[0,0,1],[0,1,1]]",24,"[1,1,2]","[1,1,2]","[0,0,1]","[0,0,1]",7
31,000/001/012,6,4941,"[[0,0,0],[0,0,1],[0,1,2]]",26,"[1,1,3]","[1,1,3]","[0,0,2]","[0,0,2]",6
32,000/001/020,3,4617,"[[0,0,0],[0,0,1],[0,0,2]]",25,"[1,1,1]","[1,2,2]","[0,0,0]","[0,0,0]",7
33,000/001/021,6,4000,"[[0,0,0],[0,0,2],[0,1,1]]",24,"[1,1,1]","[1,2,2]","[0,0,1]","[0,0,1]",6
34,000/001/022,6,4698,"[[0,0,0],[0,0,2],[0,1,2]]",24,"[1,1,2]","[1,2,3]","[0,0,2]","[0,0,2]",7
35,000/001/100,6,972,"[[0,0,0],[0,0,1],[0,0,1]]",20,"[0,1,1]","[1,1,2]","[0,0,0]","[0,0,0]",7
36,000/001/101,6,1084,"[[0,0,0],[0,0,1],[0,1,1]]",21,"[0,1,1]","[1,1,2]","[0,0,1]","[0,0,1]",7
37,000/001/102,6,4509,"[[0,0,0],[0,0,1],[0,1,2]]",22,"[1,1,1]","[1,1,3]","[0,0,2]","[0,0,2]",6
38,000/001/110,6,3159,"[[0,0,1],[0,0,1],[0,0,1]]",18,"[1,1,1]","[1,1,2]","[0,0,0]","[0,0,0]",6
39,000/001/111,6,355,"[[0,0,1],[0,0,1],[0,1,1]]",18,"[1,1,1]","[1,1,2]","[0,0,1]","[0,0,1]",8
40,000/001/112,6,4995,"[[0,0,1],[0,0,1],[0,1,2]]",22,"[1,1,2]","[1,1,3]","[0,0,2]","[0,0,2]",6
41,000/001/120,6,4671,"[[0,0,1],[0,0,1],[0,0,2]]",19,"[0,1,1]","[1,2,2]","[0,0,0]","[0,0,0]",6
42,000/001/121,6,1813,"[[0,0,1],[0,0,2],[0,1,1]]",21,"[0,1,1]","[1,2,2]","[0,0,1]","[0,0,1]",7
43,000/001/122,6,4752,"[[0,0,1],[0,0,2],[0,1,2]]",22,"[1,1,1]","[1,2,3]","[0,0,2]","[0,0,2]",7
44,000/001/200,6,1701,"[[0,0,0],[0,0,1],[0,0,2]]",21,"[0,1,1]","[1,2,2]","[0,0,0]","[0,0,0]",7
45,000/001/201,6,4563,"[[0,0,0],[0,0,2],[0,1,1]]",21,"[0,1,1]","[1,2,2]","[0,0,1]","[0,0,1]",6
46,000/001/202,6,4482,"[[0,0,0],[0,0,2],[0,1,2]]",23,"[1,1,1]","[1,2,3]","[0,0,2]","[0,0,2]",7
47,000/001/210,6,3888,"[[0,0,1],[0,0,1],[0,0,2]]",19,"[1,1,1]","[1,2,2]","[0,0,0]","[0,0,0]",6
48,000/001/211,6,4729,"[[0,0,1],[0,0,2],[0,1,1]]",18,"[1,1,1]","[1,2,2]","[0,0,1]","[0,0,1]",7
49,000/001/212,6,4968,"[[0,0,1],[0,0,2],[0,1,2]]",22,"[1,1,2]","[1,2,3]","[0,0,2]","[0,0,2]",7
50,000/001/220,6,4644,"[[0,0,1],[0,0,2],[0,0,2]]",20,"[0,1,1]","[2,2,2]","[0,0,0]","[0,0,0]",6
51,000/001/221,6,4806,"[[0,0,2],[0,0,2],[0,1,1]]",20,"[0,1,1]","[2,2,2]","[0,0,1]","[0,0,1]",6
52,000/001/222,6,4725,"[[0,0,2],[0,0,2],[0,1,2]]",24,"[1,1,1]","[2,2,3]","[0,0,2]","[0,0,2]",8
53,000/002/001,6,2349,"[[0,0,0],[0,0,0],[0,1,2]]",24,"[1,1,2]","[1,1,1]","[0,0,1]","[0,0,2]",6
54,000/002/002,6,2268,"[[0,0,0],[0,0,0],[0,2,2]]",25,"[1,2,2]","[1,1,2]","[0,0,2]","[0,0,2]",6
55,000/002/010,3,2673,"[[0,0,0],[0,0,1],[0,0,2]]",25,"[1,2,2]","[1,1,1]","[0,0,0]","[0,0,0]",7
56,000/002/011,6,2560,"[[0,0,0],[0,0,1],[0,1,2]]",22,"[1,2,2]","[1,1,1]","[0,0,1]","[0,0,2]",7
57,000/002/012,6,2754,"[[0,0,0],[0,0,1],[0,2,2]]",26,"[1,2,3]","[1,1,2]","[0,0,2]","[0,0,2]",6
58,000/002/021,6,2592,"[[0,0,0],[0,0,2],[0,1,2]]",20,"[1,1,2]","[1,1,2]","[0,0,1]","[0,0,2]",6
59,000/002/022,6,2511,"[[0,0,0],[0,0,2],[0,2,2]]",24,"[1,2,2]","[1,2,2]","[0,0,2]","[0,0,2]",7
60,000/002/100,6,1215,"[[0,0,0],[0,0,1],[0,0,2]]",17,"[0,1,2]","[1,1,1]","[0,0,0]","[0,0,0]",7
61,000/002/101,6,1102,"[[0,0,0],[0,0,1],[0,1,2]]",16,"[0,1,2]","[1,1,1]","[0,0,1]","[0,0,2]",7
62,000/002/102,6,2322,"[[0,0,0],[0,0,1],[0,2,2]]",18,"[1,1,2]","[1,1,2]","[0,0,2]","[0,0,2]",6
63,000/002/110,6,2727,"[[0,0,1],[0,0,1],[0,0,2]]",16,"[1,1,2]","[1,1,1]","[0,0,0]","[0,0,0]",6
64,000/002/111,6,373,"[[0,0,1],[0,0,1],[0,1,2]]",14,"[1,1,2]","[1,1,1]","[0,0,1]","[0,0,2]",8
65,000/002/112,6,2808,"[[0,0,1],[0,0,1],[0,2,2]]",19,"[1,2,2]","[1,1,2]","[0,0,2]","[0,0,2]",6
66,000/002/120,6,2484,"[[0,0,1],[0,0,2],[0,0,2]]",16,"[0,1,2]","[1,1,2]","[0,0,0]","[0,0,0]",6
67,000/002/121,6,1831,"[[0,0,1],[0,0,2],[0,1,2]]",15,"[0,1,2]","[1,1,2]","[0,0,1]","[0,0,2]",7
68,000/002/122,6,2565,"[[0,0,1],[0,0,2],[0,2,2]]",19,"[1,1,2]","[1,2,2]","[0,0,2]","[0,0,2]",7
69,000/002/200,6,1944,"[[0,0,0],[0,0,2],[0,0,2]]",20,"[0,1,2]","[1,1,2]","[0,0,0]","[0,0,0]",7
70,000/002/201,6,2376,"[[0,0,0],[0,0,2],[0,1,2]]",17,"[0,1,2]","[1,1,2]","[0,0,1]","[0,0,2]",6
71,000/002/202,6,2295,"[[0,0,0],[0,0,2],[0,2,2]]",22,"[1,1,2]","[1,2,2]","[0,0,2]","[0,0,2]",7
72,000/002/210,6,2700,"[[0,0,1],[0,0,2],[0,0,2]]",20,"[1,1,2]","[1,1,2]","[0,0,0]","[0,0,0]",6
73,000/002/211,6,2862,"[[0,0,1],[0,0,2],[0,1,2]]",16,"[1,1,2]","[1,1,2]","[0,0,1]","[0,0,2]",7
74,000/002/212,6,2781,"[[0,0,1],[0,0,2],[0,2,2]]",23,"[1,2,2]","[1,2,2]","[0,0,2]","[0,0,2]",7
75,000/002/220,6,2457,"[[0,0,2],[0,0,2],[0,0,2]]",20,"[0,1,2]","[1,2,2]","[0,0,0]","[0,0,0]",6
76,000/002/221,6,2619,"[[0,0,2],[0,0,2],[0,1,2]]",17,"[0,1,2]","[1,2,2]","[0,0,1]","[0,0,2]",6
77,000/002/222,6,2538,"[[0,0,2],[0,0,2],[0,2,2]]",26,"[1,1,2]","[2,2,2]","[0,0,2]","[0,0,2]",8
78,000/010/001,6,3279,"[[0,0,0],[0,0,1],[0,0,1]]",25,"[1,1,2]","[1,1,2]","[0,1,1]","[0,0,1]",5
79,000/010/002,3,13203,"[[0,0,0],[0,0,1],[0,0,2]]",27,"[1,2,2]","[1,2,2]","[0,1,2]","[0,1,2]",5
80,000/010/011,6,2550,"[[0,0,0],[0,0,1],[0,1,1]]",24,"[1,2,2]","[1,1,2]","[0,1,1]","[0,0,1]",6
81,000/010/012,6,13689,"[[0,0,0],[0,0,2],[0,1,1]]",26,"[1,2,3]","[1,2,2]","[0,1,2]","[0,1,2]",5
82,000/010/021,6,4008,"[[0,0,0],[0,0,1],[0,1,2]]",22,"[1,1,2]","[1,1,3]","[0,1,1]","[0,0,1]",5
83,000/010/022,6,13446,"[[0,0,0],[0,0,2],[0,1,2]]",26,"[1,2,2]","[1,2,3]","[0,1,2]","[0,1,2]",6
84,000/010/100,6,810,"[[0,0,0],[0,0,1],[0,0,1]]",20,"[0,1,2]","[1,1,2]","[0,0,1]","[0,0,1]",6
85,000/010/101,6,1092,"[[0,0,1],[0,0,1],[0,0,1]]",19,"[0,1,2]","[1,1,2]","[0,1,1]","[0,0,1]",6
86,000/010/102,6,13257,"[[0,0,1],[0,0,1],[0,0,2]]",22,"[1,1,2]","[1,2,2]","[0,1,2]","[0,1,2]",5
87,000/010/110,6,2997,"[[0,0,0],[0,0,1],[0,1,1]]",20,"[1,1,2]","[1,1,2]","[0,0,1]","[0,0,1]",5
88,000/010/111,6,363,"[[0,0,1],[0,0,1],[0,1,1]]",24,"[1,1,2]","[1,1,2]","[0,1,1]","[0,0,1]",7
89,000/010/112,6,13485,"[[0,0,1],[0,0,2],[0,1,1]]",23,"[1,2,2]","[1,2,2]","[0,1,2]","[0,1,2]",5
90,000/010/120,6,5184,"[[0,0,0],[0,0,1],[0,1,2]]",20,"[0,1,2]","[1,1,3]","[0,0,1]","[0,0,1]",5
91,000/010/121,6,1821,"[[0,0,1],[0,0,1],[0,1,2]]",18,"[0,1,2]","[1,1,3]","[0,1,1]","[0,0,1]",6
92,000/010/122,6,13500,"[[0,0,1],[0,0,2],[0,1,2]]",22,"[1,1,2]","[1,2,3]","[0,1,2]","[0,1,2]",6
93,000/010/200,6,1539,"[[0,0,0],[0,0,1],[0,0,2]]",22,"[0,1,2]","[1,2,2]","[0,0,1]","[0,0,1]",6
94,000/010/201,6,5466,"[[0,0,1],[0,0,1],[0,0,2]]",19,"[0,1,2]","[1,2,2]","[0,1,1]","[0,0,1]",5
95,000/010/202,6,13230,"[[0,0,1],[0,0,2],[0,0,2]]",25,"[1,1,2]","[2,2,2]","[0,1,2]","[0,1,2]",6
96,000/010/210,6,3726,"[[0,0,0],[0,0,2],[0,1,1]]",20,"[1,1,2]","[1,2,2]","[0,0,1]","[0,0,1]",5
97,000/010/211,6,4737,"[[0,0,1],[0,0,2],[0,1,1]]",19,"[1,1,2]","[1,2,2]","[0,1,1]","[0,0,1]",6
98,000/010/212,6,13716,"[[0,0,2],[0,0,2],[0,1,1]]",23,"[1,2,2]","[2,2,2]","[0,1,2]","[0,1,2]",6
99,000/010/220,6,5913,"[[0,0,0],[0,0,2],[0,1,2]]",22,"[0,1,2]","[1,2,3]","[0,0,1]","[0,0,1]",5
100,000/010/221,6,6195,"[[0,0,1],[0,0,2],[0,1,2]]",19,"[0,1,2]","[1,2,3]","[0,1,1]","[0,0,1]",5
101,000/010/222,6,13473,"[[0,0,2],[0,0,2],[0,1,2]]",27,"[1,1,2]","[2,2,3]","[0,1,2]","[0,1,2]",7
102,000/011/001,6,3270,"[[0,0,0],[0,0,1],[0,1,1]]",25,"[1,1,2]","[1,2,2]","[0,1,1]","[0,1,1]",6
103,000/011/011,6,2541,"[[0,0,0],[0,1,1],[0,1,1]]",27,"[1,2,2]","[1,2,2]","[0,1,1]","[0,1,1]",7
104,000/011/012,6,15633,"[[0,0,0],[0,1,1],[0,1,2]]",27,"[1,2,3]","[1,2,3]","[0,1,2]","[0,1,2]",6
105,000/011/021,6,3999,"[[0,0,0],[0,1,1],[0,1,2]]",25,"[1,1,2]","[1,2,3]","[0,1,1]","[0,1,1]",6
106,000/011/022,3,17121,"[[0,0,0],[0,1,2],[0,1,2]]",27,"[1,2,2]","[1,3,3]","[0,1,2]","[0,1,2]",7
107,000/011/100,6,1053,"[[0,0,1],[0,0,1],[0,0,1]]",19,"[0,1,2]","[1,2,2]","[0,0,1]","[0,0,1]",7
108,000/011/101,6,1083,"[[0,0,1],[0,0,1],[0,1,1]]",20,"[0,1,2]","[1,2,2]","[0,1,1]","[0,1,1]",7
109,000/011/102,6,14175,"[[0,0,1],[0,0,1],[0,1,2]]",23,"[1,1,2]","[1,2,3]","[0,1,2]","[0,1,2]",6
110,000/011/110,6,3240,"[[0,0,1],[0,0,1],[0,1,1]]",20,"[1,1,2]","[1,2,2]","[0,0,1]","[0,0,1]",6
111,000/011/111,6,354,"[[0,0,1],[0,1,1],[0,1,1]]",26,"[1,1,2]","[1,2,2]","[0,1,1]","[0,1,1]",8
112,000/011/112,6,13476,"[[0,0,1],[0,1,1],[0,1,2]]",26,"[1,2,2]","[1,2,3]","[0,1,2]","[0,1,2]",6
113,000/011/120,6,5427,"[[0,0,1],[0,0,1],[0,1,2]]",19,"[0,1,2]","[1,2,3]","[0,0,1]","[0,0,1]",6
114,000/011/121,6,1812,"[[0,0,1],[0,1,1],[0,1,2]]",22,"[0,1,2]","[1,2,3]","[0,1,1]","[0,1,1]",7
115,000/011/122,6,14934,"[[0,0,1],[0,1,2],[0,1,2]]",25,"[1,1,2]","[1,3,3]","[0,1,2]","[0,1,2]",7
116,000/011/200,6,1782,"[[0,0,1],[0,0,1],[0,0,2]]",20,"[0,1,2]","[2,2,2]","[0,0,1]","[0,0,1]",7
117,000/011/201,6,5457,"[[0,0,1],[0,0,2],[0,1,1]]",20,"[0,1,2]","[2,2,2]","[0,1,1]","[0,1,1]",6
118,000/011/202,6,14904,"[[0,0,1],[0,0,2],[0,1,2]]",24,"[1,1,2]","[2,2,3]","[0,1,2]","[0,1,2]",7
119,000/011/210,6,3969,"[[0,0,1],[0,0,2],[0,1,1]]",19,"[1,1,2]","[2,2,2]","[0,0,1]","[0,0,1]",6
120,000/011/211,6,4728,"[[0,0,2],[0,1,1],[0,1,1]]",22,"[1,1,2]","[2,2,2]","[0,1,1]","[0,1,1]",7
121,000/011/212,6,17091,"[[0,0,2],[0,1,1],[0,1,2]]",24,"[1,2,2]","[2,2,3]","[0,1,2]","[0,1,2]",7
122,000/011/220,6,6156,"[[0,0,1],[0,0,2],[0,1,2]]",20,"[0,1,2]","[2,2,3]","[0,0,1]","[0,0,1]",6
123,000/011/221,6,6186,"[[0,0,2],[0,1,1],[0,1,2]]",21,"[0,1,2]","[2,2,3]","[0,1,1]","[0,1,1]",6
124,000/011/222,6,17118,"[[0,0,2],[0,1,2],[0,1,2]]",26,"[1,1,2]","[2,3,3]","[0,1,2]","[0,1,2]",8
125,000/012/001,6,3288,"[[0,0,0],[0,0,1],[0,1,2]]",25,"[1,1,3]","[1,1,2]","[0,1,1]","[0,1,2]",5
126,000/012/011,6,2559,"[[0,0,0],[0,1,1],[0,1,2]]",27,"[1,2,3]","[1,1,2]","[0,1,1]","[0,1,2]",6
127,000/012/012,3,15681,"[[0,0,0],[0,1,1],[0,2,2]]",27,"[1,3,3]","[1,2,2]","[0,1,2]","[0,1,2]",5
128,000/012/021,6,4017,"[[0,0,0],[0,1,2],[0,1,2]]",23,"[1,1,3]","[1,1,3]","[0,1,1]","[0,1,2]",5
129,000/012/100,6,1296,"[[0,0,1],[0,0,1],[0,0,2]]",22,"[0,1,3]","[1,1,2]","[0,0,1]","[0,0,1]",6
130,000/012/101,6,1101,"[[0,0,1],[0,0,1],[0,1,2]]",21,"[0,1,3]","[1,1,2]","[0,1,1]","[0,1,2]",6
131,000/012/102,6,14223,"[[0,0,1],[0,0,1],[0,2,2]]",23,"[1,1,3]","[1,2,2]","[0,1,2]","[0,1,2]",5
132,000/012/110,6,3483,"[[0,0,1],[0,0,2],[0,1,1]]",23,"[1,1,3]","[1,1,2]","[0,0,1]","[0,0,1]",5
133,000/012/111,6,372,"[[0,0,1],[0,1,1],[0,1,2]]",27,"[1,1,3]","[1,1,2]","[0,1,1]","[0,1,2]",7
134,000/012/112,6,13494,"[[0,0,1],[0,1,1],[0,2,2]]",26,"[1,2,3]","[1,2,2]","[0,1,2]","[0,1,2]",5
135,000/012/120,6,5670,"[[0,0,1],[0,0,2],[0,1,2]]",20,"[0,1,3]","[1,1,3]","[0,0,1]","[0,0,1]",5
136,000/012/121,6,1830,"[[0,0,1],[0,1,2],[0,1,2]]",20,"[0,1,3]","[1,1,3]","[0,1,1]","[0,1,2]",6
137,000/012/122,6,14952,"[[0,0,1],[0,1,2],[0,2,2]]",24,"[1,1,3]","[1,2,3]","[0,1,2]","[0,1,2]",6
138,000/012/200,6,2025,"[[0,0,1],[0,0,2],[0,0,2]]",23,"[0,1,3]","[1,2,2]","[0,0,1]","[0,0,1]",6
139,000/012/201,6,5475,"[[0,0,1],[0,0,2],[0,1,2]]",20,"[0,1,3]","[1,2,2]","[0,1,1]","[0,1,2]",5
140,000/012/202,6,15147,"[[0,0,1],[0,0,2],[0,2,2]]",25,"[1,1,3]","[2,2,2]","[0,1,2]","[0,1,2]",6
141,000/012/210,6,4212,"[[0,0,2],[0,0,2],[0,1,1]]",23,"[1,1,3]","[1,2,2]","[0,0,1]","[0,0,1]",5
142,000/012/211,6,4746,"[[0,0,2],[0,1,1],[0,1,2]]",23,"[1,1,3]","[1,2,2]","[0,1,1]","[0,1,2]",6
143,000/012/212,6,15678,"[[0,0,2],[0,1,1],[0,2,2]]",26,"[1,2,3]","[2,2,2]","[0,1,2]","[0,1,2]",6
144,000/012/220,6,6399,"[[0,0,2],[0,0,2],[0,1,2]]",21,"[0,1,3]","[1,2,3]","[0,0,1]","[0,0,1]",5
145,000/012/221,6,6204,"[[0,0,2],[0,1,2],[0,1,2]]",19,"[0,1,3]","[1,2,3]","[0,1,1]","[0,1,2]",5
146,000/012/222,3,15660,"[[0,0,2],[0,1,2],[0,2,2]]",27,"[1,1,3]","[2,2,3]","[0,1,2]","[0,1,2]",7
147,000/020/001,3,3281,"[[0,0,0],[0,0,1],[0,0,2]]",23,"[1,1,1]","[1,1,1]","[0,1,2]","[0,0,0]",5
148,000/020/011,6,2552,"[[0,0,0],[0,0,1],[0,1,2]]",20,"[1,1,2]","[1,1,1]","[0,1,2]","[0,0,1]",6
149,000/020/021,6,3272,"[[0,0,0],[0,0,1],[0,2,2]]",23,"[1,1,1]","[1,1,2]","[0,1,2]","[0,0,2]",5
150,000/020/100,6,891,"[[0,0,0],[0,0,1],[0,0,2]]",17,"[0,1,1]","[1,1,1]","[0,0,2]","[0,0,0]",6
151,000/020/101,6,1094,"[[0,0,1],[0,0,1],[0,0,2]]",13,"[0,1,1]","[1,1,1]","[0,1,2]","[0,0,0]",6
152,000/020/102,6,3282,"[[0,0,1],[0,0,2],[0,0,2]]",17,"[1,1,1]","[1,1,2]","[0,2,2]","[0,0,2]",5
153,000/020/110,6,3078,"[[0,0,0],[0,0,1],[0,1,2]]",14,"[1,1,1]","[1,1,1]","[0,0,2]","[0,0,1]",5
154,000/020/111,6,365,"[[0,0,1],[0,0,1],[0,1,2]]",12,"[1,1,1]","[1,1,1]","[0,1,2]","[0,0,1]",7
155,000/020/112,6,3291,"[[0,0,1],[0,0,2],[0,1,2]]",17,"[1,1,2]","[1,1,2]","[0,2,2]","[0,1,2]",5
156,000/020/120,6,3274,"[[0,0,0],[0,0,1],[0,2,2]]",18,"[0,1,1]","[1,1,2]","[0,0,2]","[0,0,2]",5
157,000/020/121,6,1823,"[[0,0,1],[0,0,1],[0,2,2]]",16,"[0,1,1]","[1,1,2]","[0,1,2]","[0,0,2]",6
158,000/020/122,6,3273,"[[0,0,1],[0,0,2],[0,2,2]]",18,"[1,1,1]","[1,2,2]","[0,2,2]","[0,2,2]",6
159,000/020/200,6,1620,"[[0,0,0],[0,0,2],[0,0,2]]",20,"[0,1,1]","[1,1,2]","[0,0,2]","[0,0,0]",6
160,000/020/201,6,3278,"[[0,0,1],[0,0,2],[0,0,2]]",15,"[0,1,1]","[1,1,2]","[0,1,2]","[0,0,0]",5
161,000/020/202,6,3276,"[[0,0,2],[0,0,2],[0,0,2]]",21,"[1,1,1]","[1,2,2]","[0,2,2]","[0,0,2]",6
162,000/020/210,6,3286,"[[0,0,0],[0,0,2],[0,1,2]]",17,"[1,1,1]","[1,1,2]","[0,0,2]","[0,0,1]",5
163,000/020/211,6,3287,"[[0,0,1],[0,0,2],[0,1,2]]",14,"[1,1,1]","[1,1,2]","[0,1,2]","[0,0,1]",6
164,000/020/212,6,3285,"[[0,0,2],[0,0,2],[0,1,2]]",20,"[1,1,2]","[1,2,2]","[0,2,2]","[0,1,2]",6
165,000/020/220,6,3268,"[[0,0,0],[0,0,2],[0,2,2]]",21,"[0,1,1]","[1,2,2]","[0,0,2]","[0,0,2]",5
166,000/020/221,6,3269,"[[0,0,1],[0,0,2],[0,2,2]]",18,"[0,1,1]","[1,2,2]","[0,1,2]","[0,0,2]",5
167,000/020/222,6,3267,"[[0,0,2],[0,0,2],[0,2,2]]",24,"[1,1,1]","[2,2,2]","[0,2,2]","[0,2,2]",7
168,000/021/011,6,2543,"[[0,0,0],[0,1,1],[0,1,2]]",21,"[1,1,2]","[1,1,2]","[0,1,2]","[0,1,1]",6
169,000/021/021,3,4001,"[[0,0,0],[0,1,1],[0,2,2]]",27,"[1,1,1]","[1,2,2]","[0,1,2]","[0,1,2]",5
170,000/021/100,6,1134,"[[0,0,1],[0,0,1],[0,0,2]]",15,"[0,1,1]","[1,1,2]","[0,0,2]","[0,0,0]",6
171,000/021/101,6,1085,"[[0,0,1],[0,0,2],[0,1,1]]",15,"[0,1,1]","[1,1,2]","[0,1,2]","[0,0,1]",6
172,000/021/102,6,4011,"[[0,0,1],[0,0,2],[0,1,2]]",17,"[1,1,1]","[1,1,3]","[0,2,2]","[0,0,2]",5
173,000/021/110,6,3321,"[[0,0,1],[0,0,1],[0,1,2]]",12,"[1,1,1]","[1,1,2]","[0,0,2]","[0,0,1]",5
174,000/021/111,6,356,"[[0,0,1],[0,1,1],[0,1,2]]",14,"[1,1,1]","[1,1,2]","[0,1,2]","[0,1,1]",7
175,000/021/112,6,4020,"[[0,0,1],[0,1,2],[0,1,2]]",18,"[1,1,2]","[1,1,3]","[0,2,2]","[0,1,2]",5
176,000/021/120,6,4003,"[[0,0,1],[0,0,1],[0,2,2]]",17,"[0,1,1]","[1,2,2]","[0,0,2]","[0,0,2]",5
177,000/021/121,6,1814,"[[0,0,1],[0,1,1],[0,2,2]]",22,"[0,1,1]","[1,2,2]","[0,1,2]","[0,1,2]",6
178,000/021/122,6,4002,"[[0,0,1],[0,1,2],[0,2,2]]",21,"[1,1,1]","[1,2,3]","[0,2,2]","[0,2,2]",6
179,000/021/200,6,1863,"[[0,0,1],[0,0,2],[0,0,2]]",17,"[0,1,1]","[1,2,2]","[0,0,2]","[0,0,0]",6
180,000/021/201,6,4007,"[[0,0,2],[0,0,2],[0,1,1]]",17,"[0,1,1]","[1,2,2]","[0,1,2]","[0,0,1]",5
181,000/021/202,6,4005,"[[0,0,2],[0,0,2],[0,1,2]]",19,"[1,1,1]","[1,2,3]","[0,2,2]","[0,0,2]",6
182,000/021/210,6,4015,"[[0,0,1],[0,0,2],[0,1,2]]",14,"[1,1,1]","[1,2,2]","[0,0,2]","[0,0,1]",5
183,000/021/211,6,4016,"[[0,0,2],[0,1,1],[0,1,2]]",15,"[1,1,1]","[1,2,2]","[0,1,2]","[0,1,1]",6
184,000/021/212,6,4014,"[[0,0,2],[0,1,2],[0,1,2]]",19,"[1,1,2]","[1,2,3]","[0,2,2]","[0,1,2]",6
185,000/021/220,6,3997,"[[0,0,1],[0,0,2],[0,2,2]]",19,"[0,1,1]","[2,2,2]","[0,0,2]","[0,0,2]",5
186,000/021/221,6,3998,"[[0,0,2],[0,1,1],[0,2,2]]",22,"[0,1,1]","[2,2,2]","[0,1,2]","[0,1,2]",5
187,000/021/222,6,3996,"[[0,0,2],[0,1,2],[0,2,2]]",23,"[1,1,1]","[2,2,3]","[0,2,2]","[0,2,2]",7
188,000/022/011,3,2561,"[[0,0,0],[0,1,2],[0,1,2]]",19,"[1,2,2]","[1,1,1]","[0,1,2]","[0,1,2]",7
189,000/022/100,6,1377,"[[0,0,1],[0,0,2],[0,0,2]]",17,"[0,1,2]","[1,1,1]","[0,0,2]","[0,0,0]",7
190,000/022/101,6,1103,"[[0,0,1],[0,0,2],[0,1,2]]",12,"[0,1,2]","[1,1,1]","[0,1,2]","[0,0,2]",7
191,000/022/102,6,2553,"[[0,0,1],[0,0,2],[0,2,2]]",18,"[1,1,2]","[1,1,2]","[0,2,2]","[0,0,2]",6
192,000/022/110,6,2563,"[[0,0,1],[0,0,2],[0,1,2]]",14,"[1,1,2]","[1,1,1]","[0,0,2]","[0,0,1]",6
193,000/022/111,6,374,"[[0,0,1],[0,1,2],[0,1,2]]",12,"[1,1,2]","[1,1,1]","[0,1,2]","[0,1,2]",8
194,000/022/112,6,2562,"[[0,0,1],[0,1,2],[0,2,2]]",21,"[1,2,2]","[1,1,2]","[0,2,2]","[0,1,2]",6
195,000/022/120,6,2545,"[[0,0,1],[0,0,2],[0,2,2]]",15,"[0,1,2]","[1,1,2]","[0,0,2]","[0,0,2]",6
196,000/022/121,6,1832,"[[0,0,1],[0,1,2],[0,2,2]]",15,"[0,1,2]","[1,1,2]","[0,1,2]","[0,2,2]",7
197,000/022/122,6,2544,"[[0,0,1],[0,2,2],[0,2,2]]",21,"[1,1,2]","[1,2,2]","[0,2,2]","[0,2,2]",7
198,000/022/200,6,2106,"[[0,0,2],[0,0,2],[0,0,2]]",20,"[0,1,2]","[1,1,2]","[0,0,2]","[0,0,0]",7
199,000/022/201,6,2549,"[[0,0,2],[0,0,2],[0,1,2]]",14,"[0,1,2]","[1,1,2]","[0,1,2]","[0,0,2]",6
200,000/022/202,6,2547,"[[0,0,2],[0,0,2],[0,2,2]]",22,"[1,1,2]","[1,2,2]","[0,2,2]","[0,0,2]",7
201,000/022/210,6,2557,"[[0,0,2],[0,0,2],[0,1,2]]",18,"[1,1,2]","[1,1,2]","[0,0,2]","[0,0,1]",6
202,000/022/211,6,2558,"[[0,0,2],[0,1,2],[0,1,2]]",14,"[1,1,2]","[1,1,2]","[0,1,2]","[0,1,2]",7
203,000/022/212,6,2556,"[[0,0,2],[0,1,2],[0,2,2]]",25,"[1,2,2]","[1,2,2]","[0,2,2]","[0,1,2]",7
204,000/022/220,6,2539,"[[0,0,2],[0,0,2],[0,2,2]]",18,"[0,1,2]","[1,2,2]","[0,0,2]","[0,0,2]",6
205,000/022/221,6,2540,"[[0,0,2],[0,1,2],[0,2,2]]",16,"[0,1,2]","[1,2,2]","[0,1,2]","[0,2,2]",6
206,000/100/100,6,756,"[[0,0,0],[0,0,0],[0,1,1]]",17,"[0,0,1]","[1,1,2]","[0,0,0]","[0,0,0]",7
207,000/100/101,6,1090,"[[0,0,0],[0,0,1],[0,1,1]]",19,"[0,0,1]","[1,1,2]","[0,0,1]","[0,0,0]",7
208,000/100/102,6,1593,"[[0,0,0],[0,0,2],[0,1,1]]",19,"[0,1,1]","[1,2,2]","[0,0,2]","[0,0,2]",6
209,000/100/110,6,1998,"[[0,0,0],[0,0,1],[0,1,1]]",16,"[0,1,1]","[1,1,2]","[0,0,0]","[0,0,0]",6
210,000/100/111,6,361,"[[0,0,1],[0,0,1],[0,1,1]]",15,"[0,1,1]","[1,1,2]","[0,0,1]","[0,0,0]",8
211,000/100/112,6,2079,"[[0,0,1],[0,0,2],[0,1,1]]",18,"[0,1,2]","[1,2,2]","[0,0,2]","[0,0,2]",6
212,000/100/120,6,1755,"[[0,0,0],[0,0,2],[0,1,1]]",18,"[0,0,1]","[1,2,2]","[0,0,0]","[0,0,0]",6
213,000/100/121,6,1819,"[[0,0,1],[0,0,2],[0,1,1]]",17,"[0,0,1]","[1,2,2]","[0,0,1]","[0,0,0]",7
214,000/100/122,6,1836,"[[0,0,2],[0,0,2],[0,1,1]]",19,"[0,1,1]","[2,2,2]","[0,0,2]","[0,0,2]",7
215,000/100/200,3,1485,"[[0,0,0],[0,0,0],[0,1,2]]",17,"[0,0,1]","[1,1,3]","[0,0,0]","[0,0,0]",7
216,000/100/201,6,1647,"[[0,0,0],[0,0,1],[0,1,2]]",17,"[0,0,1]","[1,1,3]","[0,0,1]","[0,0,0]",6
217,000/100/202,6,1566,"[[0,0,0],[0,0,2],[0,1,2]]",21,"[0,1,1]","[1,2,3]","[0,0,2]","[0,0,2]",7
218,000/100/210,6,1971,"[[0,0,0],[0,0,1],[0,1,2]]",16,"[0,1,1]","[1,1,3]","[0,0,0]","[0,0,0]",6
219,000/100/211,6,2133,"[[0,0,1],[0,0,1],[0,1,2]]",15,"[0,1,1]","[1,1,3]","[0,0,1]","[0,0,0]",7
220,000/100/212,6,2052,"[[0,0,1],[0,0,2],[0,1,2]]",20,"[0,1,2]","[1,2,3]","[0,0,2]","[0,0,2]",7
221,000/100/220,6,1728,"[[0,0,0],[0,0,2],[0,1,2]]",18,"[0,0,1]","[1,2,3]","[0,0,0]","[0,0,0]",6
222,000/100/221,6,1890,"[[0,0,1],[0,0,2],[0,1,2]]",17,"[0,0,1]","[1,2,3]","[0,0,1]","[0,0,0]",6
223,000/100/222,6,1809,"[[0,0,2],[0,0,2],[0,1,2]]",24,"[0,1,1]","[2,2,3]","[0,0,2]","[0,0,2]",8
224,000/101/100,6,999,"[[0,0,0],[0,0,1],[0,1,1]]",19,"[0,0,1]","[1,2,2]","[0,0,0]","[0,0,0]",6
225,000/101/101,6,1081,"[[0,0,0],[0,1,1],[0,1,1]]",21,"[0,0,1]","[1,2,2]","[0,0,1]","[0,0,1]",6
226,000/101/102,6,5967,"[[0,0,0],[0,1,1],[0,1,2]]",21,"[0,1,1]","[1,2,3]","[0,0,2]","[0,0,2]",5
227,000/101/110,6,3186,"[[0,0,1],[0,0,1],[0,1,1]]",15,"[0,1,1]","[1,2,2]","[0,0,0]","[0,0,0]",5
228,000/101/111,6,352,"[[0,0,1],[0,1,1],[0,1,1]]",14,"[0,1,1]","[1,2,2]","[0,0,1]","[0,0,1]",7
229,000/101/112,6,6453,"[[0,0,1],[0,1,1],[0,1,2]]",18,"[0,1,2]","[1,2,3]","[0,0,2]","[0,0,2]",5
230,000/101/120,6,5373,"[[0,0,1],[0,0,2],[0,1,1]]",18,"[0,0,1]","[2,2,2]","[0,0,0]","[0,0,0]",5
231,000/101/121,6,1810,"[[0,0,2],[0,1,1],[0,1,1]]",20,"[0,0,1]","[2,2,2]","[0,0,1]","[0,0,1]",6
232,000/101/122,6,6210,"[[0,0,2],[0,1,1],[0,1,2]]",21,"[0,1,1]","[2,2,3]","[0,0,2]","[0,0,2]",6
233,000/101/201,6,5455,"[[0,0,0],[0,1,1],[0,1,2]]",19,"[0,0,1]","[1,2,3]","[0,0,1]","[0,0,1]",5
234,000/101/202,6,5940,"[[0,0,0],[0,1,2],[0,1,2]]",21,"[0,1,1]","[1,3,3]","[0,0,2]","[0,0,2]",6
235,000/101/210,6,3915,"[[0,0,1],[0,0,1],[0,1,2]]",16,"[0,1,1]","[1,2,3]","[0,0,0]","[0,0,0]",5
236,000/101/211,6,4726,"[[0,0,1],[0,1,1],[0,1,2]]",15,"[0,1,1]","[1,2,3]","[0,0,1]","[0,0,1]",6
237,000/101/212,6,6426,"[[0,0,1],[0,1,2],[0,1,2]]",19,"[0,1,2]","[1,3,3]","[0,0,2]","[0,0,2]",6
238,000/101/220,3,6102,"[[0,0,1],[0,0,2],[0,1,2]]",17,"[0,0,1]","[2,2,3]","[0,0,0]","[0,0,0]",5
239,000/101/221,6,6184,"[[0,0,2],[0,1,1],[0,1,2]]",18,"[0,0,1]","[2,2,3]","[0,0,1]","[0,0,1]",5
240,000/101/222,6,6183,"[[0,0,2],[0,1,2],[0,1,2]]",22,"[0,1,1]","[2,3,3]","[0,0,2]","[0,0,2]",7
241,000/102/100,6,1242,"[[0,0,0],[0,0,2],[0,1,1]]",18,"[0,1,1]","[1,1,2]","[0,0,0]","[0,0,0]",6
242,000/102/101,6,1099,"[[0,0,0],[0,1,1],[0,1,2]]",18,"[0,1,1]","[1,1,2]","[0,0,1]","[0,0,2]",6
243,000/102/102,6,3780,"[[0,0,0],[0,1,1],[0,2,2]]",19,"[1,1,1]","[1,2,2]","[0,0,2]","[0,0,2]",5
244,000/102/110,6,3429,"[[0,0,1],[0,0,2],[0,1,1]]",12,"[1,1,1]","[1,1,2]","[0,0,0]","[0,0,0]",5
245,000/102/111,6,370,"[[0,0,1],[0,1,1],[0,1,2]]",11,"[1,1,1]","[1,1,2]","[0,0,1]","[0,0,2]",7
246,000/102/112,6,4266,"[[0,0,1],[0,1,1],[0,2,2]]",16,"[1,1,2]","[1,2,2]","[0,0,2]","[0,0,2]",5
247,000/102/120,6,3942,"[[0,0,2],[0,0,2],[0,1,1]]",14,"[0,1,1]","[1,2,2]","[0,0,0]","[0,0,0]",5
248,000/102/121,6,1828,"[[0,0,2],[0,1,1],[0,1,2]]",13,"[0,1,1]","[1,2,2]","[0,0,1]","[0,0,2]",6
249,000/102/122,6,4023,"[[0,0,2],[0,1,1],[0,2,2]]",17,"[1,1,1]","[2,2,2]","[0,0,2]","[0,0,2]",6
250,000/102/201,6,3834,"[[0,0,0],[0,1,2],[0,1,2]]",14,"[0,1,1]","[1,1,3]","[0,0,1]","[0,0,2]",5
251,000/102/202,6,3753,"[[0,0,0],[0,1,2],[0,2,2]]",19,"[1,1,1]","[1,2,3]","[0,0,2]","[0,0,2]",6
252,000/102/210,3,4158,"[[0,0,1],[0,0,2],[0,1,2]]",13,"[1,1,1]","[1,1,3]","[0,0,0]","[0,0,0]",5
253,000/102/211,6,4320,"[[0,0,1],[0,1,2],[0,1,2]]",11,"[1,1,1]","[1,1,3]","[0,0,1]","[0,0,2]",6
254,000/102/212,6,4239,"[[0,0,1],[0,1,2],[0,2,2]]",18,"[1,1,2]","[1,2,3]","[0,0,2]","[0,0,2]",6
255,000/102/221,6,4077,"[[0,0,2],[0,1,2],[0,1,2]]",14,"[0,1,1]","[1,2,3]","[0,0,1]","[0,0,2]",5
256,000/110/100,6,837,"[[0,0,0],[0,0,1],[0,1,1]]",21,"[0,1,1]","[1,2,2]","[0,0,1]","[0,0,1]",7
257,000/110/101,6,1089,"[[0,0,1],[0,0,1],[0,1,1]]",21,"[0,1,1]","[1,2,2]","[0,1,1]","[0,0,1]",7
258,000/110/102,6,13959,"[[0,0,1],[0,0,2],[0,1,1]]",23,"[1,1,1]","[2,2,2]","[0,1,2]","[0,1,2]",6
259,000/110/110,6,3024,"[[0,0,0],[0,1,1],[0,1,1]]",21,"[1,1,1]","[1,2,2]","[0,0,1]","[0,0,1]",6
260,000/110/111,6,360,"[[0,0,1],[0,1,1],[0,1,1]]",24,"[1,1,1]","[1,2,2]","[0,1,1]","[0,0,1]",8
261,000/110/112,6,13482,"[[0,0,2],[0,1,1],[0,1,1]]",23,"[1,1,2]","[2,2,2]","[0,1,2]","[0,1,2]",6
262,000/110/120,6,5211,"[[0,0,0],[0,1,1],[0,1,2]]",21,"[0,1,1]","[1,2,3]","[0,0,1]","[0,0,1]",6
263,000/110/121,6,1818,"[[0,0,1],[0,1,1],[0,1,2]]",19,"[0,1,1]","[1,2,3]","[0,1,1]","[0,0,1]",7
264,000/110/122,6,14940,"[[0,0,2],[0,1,1],[0,1,2]]",23,"[1,1,1]","[2,2,3]","[0,1,2]","[0,1,2]",7
265,000/110/201,6,5463,"[[0,0,1],[0,0,1],[0,1,2]]",19,"[0,1,1]","[1,2,3]","[0,1,1]","[0,0,1]",6
266,000/110/202,3,14688,"[[0,0,1],[0,0,2],[0,1,2]]",25,"[1,1,1]","[2,2,3]","[0,1,2]","[0,1,2]",7
267,000/110/211,6,4734,"[[0,0,1],[0,1,1],[0,1,2]]",19,"[1,1,1]","[1,2,3]","[0,1,1]","[0,0,1]",7
268,000/110/212,6,15174,"[[0,0,2],[0,1,1],[0,1,2]]",23,"[1,1,2]","[2,2,3]","[0,1,2]","[0,1,2]",7
269,000/110/221,6,6192,"[[0,0,1],[0,1,2],[0,1,2]]",19,"[0,1,1]","[1,3,3]","[0,1,1]","[0,0,1]",6
270,000/110/222,6,14931,"[[0,0,2],[0,1,2],[0,1,2]]",27,"[1,1,1]","[2,3,3]","[0,1,2]","[0,1,2]",8
271,000/111/100,6,1080,"[[0,0,1],[0,0,1],[0,1,1]]",25,"[0,1,1]","[2,2,2]","[0,0,1]","[0,0,1]",8
272,000/111/102,3,14202,"[[0,0,1],[0,1,1],[0,1,2]]",27,"[1,1,1]","[2,2,3]","[0,1,2]","[0,1,2]",7
273,000/111/120,6,5454,"[[0,0,1],[0,1,1],[0,1,2]]",23,"[0,1,1]","[2,2,3]","[0,0,1]","[0,0,1]",7
274,000/111/222,1,19305,"[[0,1,2],[0,1,2],[0,1,2]]",27,"[1,1,1]","[3,3,3]","[0,1,2]","[0,1,2]",9
275,000/112/100,6,1323,"[[0,0,1],[0,0,2],[0,1,1]]",21,"[0,1,2]","[1,2,2]","[0,0,1]","[0,0,1]",7
276,000/112/101,6,1098,"[[0,0,1],[0,1,1],[0,1,2]]",21,"[0,1,2]","[1,2,2]","[0,1,1]","[0,1,2]",7
277,000/112/102,6,14220,"[[0,0,1],[0,1,1],[0,2,2]]",22,"[1,1,2]","[2,2,2]","[0,1,2]","[0,1,2]",6
278,000/112/110,6,3510,"[[0,0,2],[0,1,1],[0,1,1]]",21,"[1,1,2]","[1,2,2]","[0,0,1]","[0,0,1]",6
279,000/112/111,6,369,"[[0,1,1],[0,1,1],[0,1,2]]",26,"[1,1,2]","[1,2,2]","[0,1,1]","[0,1,2]",8
280,000/112/112,6,13491,"[[0,1,1],[0,1,1],[0,2,2]]",25,"[1,2,2]","[2,2,2]","[0,1,2]","[0,1,2]",6
281,000/112/120,6,5697,"[[0,0,2],[0,1,1],[0,1,2]]",19,"[0,1,2]","[1,2,3]","[0,0,1]","[0,0,1]",6
282,000/112/121,6,1827,"[[0,1,1],[0,1,2],[0,1,2]]",19,"[0,1,2]","[1,2,3]","[0,1,1]","[0,1,2]",7
283,000/112/122,6,14949,"[[0,1,1],[0,1,2],[0,2,2]]",23,"[1,1,2]","[2,2,3]","[0,1,2]","[0,1,2]",7
284,000/112/201,6,5472,"[[0,0,1],[0,1,2],[0,1,2]]",18,"[0,1,2]","[1,2,3]","[0,1,1]","[0,1,2]",6
285,000/112/211,6,4743,"[[0,1,1],[0,1,2],[0,1,2]]",20,"[1,1,2]","[1,2,3]","[0,1,1]","[0,1,2]",7
286,000/112/212,3,17361,"[[0,1,1],[0,1,2],[0,2,2]]",23,"[1,2,2]","[2,2,3]","[0,1,2]","[0,1,2]",7
287,000/112/221,6,6201,"[[0,1,2],[0,1,2],[0,1,2]]",18,"[0,1,2]","[1,3,3]","[0,1,1]","[0,1,2]",6
288,000/120/100,6,918,"[[0,0,0],[0,0,2],[0,1,1]]",17,"[0,0,1]","[1,1,2]","[0,0,2]","[0,0,0]",6
289,000/120/101,6,1091,"[[0,0,1],[0,0,2],[0,1,1]]",14,"[0,0,1]","[1,1,2]","[0,1,2]","[0,0,0]",6
290,000/120/102,6,5469,"[[0,0,2],[0,0,2],[0,1,1]]",17,"[0,1,1]","[1,2,2]","[0,2,2]","[0,0,2]",5
291,000/120/110,6,3105,"[[0,0,0],[0,1,1],[0,1,2]]",14,"[0,1,1]","[1,1,2]","[0,0,2]","[0,0,1]",5
292,000/120/111,6,362,"[[0,0,1],[0,1,1],[0,1,2]]",11,"[0,1,1]","[1,1,2]","[0,1,2]","[0,0,1]",7
293,000/120/112,6,5478,"[[0,0,2],[0,1,1],[0,1,2]]",16,"[0,1,2]","[1,2,2]","[0,2,2]","[0,1,2]",5
294,000/120/120,6,5292,"[[0,0,0],[0,1,1],[0,2,2]]",19,"[0,0,1]","[1,2,2]","[0,0,2]","[0,0,2]",5
295,000/120/121,6,1820,"[[0,0,1],[0,1,1],[0,2,2]]",17,"[0,0,1]","[1,2,2]","[0,1,2]","[0,0,2]",6
296,000/120/122,6,5460,"[[0,0,2],[0,1,1],[0,2,2]]",19,"[0,1,1]","[2,2,2]","[0,2,2]","[0,2,2]",6
297,000/120/201,3,5465,"[[0,0,1],[0,0,2],[0,1,2]]",13,"[0,0,1]","[1,1,3]","[0,1,2]","[0,0,0]",5
298,000/120/211,6,4736,"[[0,0,1],[0,1,2],[0,1,2]]",12,"[0,1,1]","[1,1,3]","[0,1,2]","[0,0,1]",6
299,000/120/221,6,5456,"[[0,0,1],[0,1,2],[0,2,2]]",17,"[0,0,1]","[1,2,3]","[0,1,2]","[0,0,2]",5
300,000/121/100,6,1161,"[[0,0,1],[0,0,2],[0,1,1]]",18,"[0,0,1]","[1,2,2]","[0,0,2]","[0,0,0]",6
301,000/121/101,6,1082,"[[0,0,2],[0,1,1],[0,1,1]]",18,"[0,0,1]","[1,2,2]","[0,1,2]","[0,0,1]",6
302,000/121/102,6,6198,"[[0,0,2],[0,1,1],[0,1,2]]",19,"[0,1,1]","[1,2,3]","[0,2,2]","[0,0,2]",5
303,000/121/110,6,3348,"[[0,0,1],[0,1,1],[0,1,2]]",13,"[0,1,1]","[1,2,2]","[0,0,2]","[0,0,1]",5
304,000/121/111,6,353,"[[0,1,1],[0,1,1],[0,1,2]]",13,"[0,1,1]","[1,2,2]","[0,1,2]","[0,1,1]",7
305,000/121/112,6,6207,"[[0,1,1],[0,1,2],[0,1,2]]",17,"[0,1,2]","[1,2,3]","[0,2,2]","[0,1,2]",5
306,000/121/120,6,5535,"[[0,0,1],[0,1,1],[0,2,2]]",19,"[0,0,1]","[2,2,2]","[0,0,2]","[0,0,2]",5
307,000/121/121,6,1811,"[[0,1,1],[0,1,1],[0,2,2]]",23,"[0,0,1]","[2,2,2]","[0,1,2]","[0,1,2]",6
308,000/121/122,6,6189,"[[0,1,1],[0,1,2],[0,2,2]]",22,"[0,1,1]","[2,2,3]","[0,2,2]","[0,2,2]",6
309,000/121/211,6,4727,"[[0,1,1],[0,1,2],[0,1,2]]",14,"[0,1,1]","[1,2,3]","[0,1,2]","[0,1,1]",6
310,000/121/221,3,6185,"[[0,1,1],[0,1,2],[0,2,2]]",21,"[0,0,1]","[2,2,3]","[0,1,2]","[0,1,2]",5
311,000/122/100,6,1404,"[[0,0,2],[0,0,2],[0,1,1]]",15,"[0,1,1]","[1,1,2]","[0,0,2]","[0,0,0]",7
312,000/122/101,6,1100,"[[0,0,2],[0,1,1],[0,1,2]]",13,"[0,1,1]","[1,1,2]","[0,1,2]","[0,0,2]",7
313,000/122/102,6,4740,"[[0,0,2],[0,1,1],[0,2,2]]",17,"[1,1,1]","[1,2,2]","[0,2,2]","[0,0,2]",6
314,000/122/110,6,3591,"[[0,0,2],[0,1,1],[0,1,2]]",10,"[1,1,1]","[1,1,2]","[0,0,2]","[0,0,1]",6
315,000/122/111,6,371,"[[0,1,1],[0,1,2],[0,1,2]]",9,"[1,1,1]","[1,1,2]","[0,1,2]","[0,1,2]",8
316,000/122/112,6,4749,"[[0,1,1],[0,1,2],[0,2,2]]",18,"[1,1,2]","[1,2,2]","[0,2,2]","[0,1,2]",6
317,000/122/120,6,4732,"[[0,0,2],[0,1,1],[0,2,2]]",15,"[0,1,1]","[1,2,2]","[0,0,2]","[0,0,2]",6
318,000/122/121,6,1829,"[[0,1,1],[0,1,2],[0,2,2]]",15,"[0,1,1]","[1,2,2]","[0,1,2]","[0,2,2]",7
319,000/122/122,6,4731,"[[0,1,1],[0,2,2],[0,2,2]]",21,"[1,1,1]","[2,2,2]","[0,2,2]","[0,2,2]",7
320,000/122/211,3,4745,"[[0,1,2],[0,1,2],[0,1,2]]",9,"[1,1,1]","[1,1,3]","[0,1,2]","[0,1,2]",7
321,000/200/100,3,783,"[[0,0,0],[0,0,0],[0,1,2]]",13,"[0,0,1]","[1,1,1]","[0,0,0]","[0,0,0]",7
322,000/200/101,6,945,"[[0,0,0],[0,0,1],[0,1,2]]",14,"[0,0,1]","[1,1,1]","[0,0,1]","[0,0,0]",7
323,000/200/102,6,864,"[[0,0,0],[0,0,2],[0,1,2]]",16,"[0,1,1]","[1,1,2]","[0,0,2]","[0,0,2]",6
324,000/200/110,6,1269,"[[0,0,0],[0,0,1],[0,1,2]]",13,"[0,1,1]","[1,1,1]","[0,0,0]","[0,0,0]",6
325,000/200/111,6,367,"[[0,0,1],[0,0,1],[0,1,2]]",13,"[0,1,1]","[1,1,1]","[0,0,1]","[0,0,0]",8
326,000/200/112,6,1350,"[[0,0,1],[0,0,2],[0,1,2]]",17,"[0,1,2]","[1,1,2]","[0,0,2]","[0,0,2]",6
327,000/200/120,6,1026,"[[0,0,0],[0,0,2],[0,1,2]]",14,"[0,0,1]","[1,1,2]","[0,0,0]","[0,0,0]",6
328,000/200/121,6,1188,"[[0,0,1],[0,0,2],[0,1,2]]",14,"[0,0,1]","[1,1,2]","[0,0,1]","[0,0,0]",7
329,000/200/122,6,1107,"[[0,0,2],[0,0,2],[0,1,2]]",18,"[0,1,1]","[1,2,2]","[0,0,2]","[0,0,2]",7
330,000/201/101,6,1087,"[[0,0,0],[0,1,1],[0,1,2]]",15,"[0,0,1]","[1,1,2]","[0,0,1]","[0,0,1]",6
331,000/201/102,6,5238,"[[0,0,0],[0,1,2],[0,1,2]]",17,"[0,1,1]","[1,1,3]","[0,0,2]","[0,0,2]",5
332,000/201/110,6,3213,"[[0,0,1],[0,0,1],[0,1,2]]",11,"[0,1,1]","[1,1,2]","[0,0,0]","[0,0,0]",5
333,000/201/111,6,358,"[[0,0,1],[0,1,1],[0,1,2]]",11,"[0,1,1]","[1,1,2]","[0,0,1]","[0,0,1]",7
334,000/201/112,6,5724,"[[0,0,1],[0,1,2],[0,1,2]]",16,"[0,1,2]","[1,1,3]","[0,0,2]","[0,0,2]",5
335,000/201/120,3,5400,"[[0,0,1],[0,0,2],[0,1,2]]",13,"[0,0,1]","[1,2,2]","[0,0,0]","[0,0,0]",5
336,000/201/121,6,1816,"[[0,0,2],[0,1,1],[0,1,2]]",16,"[0,0,1]","[1,2,2]","[0,0,1]","[0,0,1]",6
337,000/201/122,6,5481,"[[0,0,2],[0,1,2],[0,1,2]]",19,"[0,1,1]","[1,2,3]","[0,0,2]","[0,0,2]",6
338,000/202/101,6,1105,"[[0,0,0],[0,1,2],[0,1,2]]",11,"[0,1,1]","[1,1,1]","[0,0,1]","[0,0,2]",6
339,000/202/102,6,3051,"[[0,0,0],[0,1,2],[0,2,2]]",15,"[1,1,1]","[1,1,2]","[0,0,2]","[0,0,2]",5
340,000/202/110,3,3456,"[[0,0,1],[0,0,2],[0,1,2]]",11,"[1,1,1]","[1,1,1]","[0,0,0]","[0,0,0]",5
341,000/202/111,6,376,"[[0,0,1],[0,1,2],[0,1,2]]",9,"[1,1,1]","[1,1,1]","[0,0,1]","[0,0,2]",7
342,000/202/112,6,3537,"[[0,0,1],[0,1,2],[0,2,2]]",16,"[1,1,2]","[1,1,2]","[0,0,2]","[0,0,2]",5
343,000/202/121,6,1834,"[[0,0,2],[0,1,2],[0,1,2]]",10,"[0,1,1]","[1,1,2]","[0,0,1]","[0,0,2]",6
344,000/202/122,6,3294,"[[0,0,2],[0,1,2],[0,2,2]]",17,"[1,1,1]","[1,2,2]","[0,0,2]","[0,0,2]",6
345,000/210/101,6,1095,"[[0,0,1],[0,0,1],[0,1,2]]",15,"[0,1,1]","[1,1,2]","[0,1,1]","[0,0,1]",6
346,000/210/102,3,13986,"[[0,0,1],[0,0,2],[0,1,2]]",19,"[1,1,1]","[1,2,2]","[0,1,2]","[0,1,2]",5
347,000/210/111,6,366,"[[0,0,1],[0,1,1],[0,1,2]]",21,"[1,1,1]","[1,1,2]","[0,1,1]","[0,0,1]",7
348,000/210/112,6,13488,"[[0,0,2],[0,1,1],[0,1,2]]",20,"[1,1,2]","[1,2,2]","[0,1,2]","[0,1,2]",5
349,000/210/121,6,1824,"[[0,0,1],[0,1,2],[0,1,2]]",16,"[0,1,1]","[1,1,3]","[0,1,1]","[0,0,1]",6
350,000/210/122,6,14208,"[[0,0,2],[0,1,2],[0,1,2]]",22,"[1,1,1]","[1,2,3]","[0,1,2]","[0,1,2]",6
351,000/211/101,6,1086,"[[0,0,1],[0,1,1],[0,1,2]]",18,"[0,1,1]","[1,2,2]","[0,1,1]","[0,1,1]",7
352,000/211/111,6,357,"[[0,1,1],[0,1,1],[0,1,2]]",24,"[1,1,1]","[1,2,2]","[0,1,1]","[0,1,1]",8
353,000/211/112,6,13479,"[[0,1,1],[0,1,2],[0,1,2]]",24,"[1,1,2]","[1,2,3]","[0,1,2]","[0,1,2]",6
354,000/211/121,6,1815,"[[0,1,1],[0,1,2],[0,1,2]]",22,"[0,1,1]","[1,2,3]","[0,1,1]","[0,1,1]",7
355,000/211/122,3,14937,"[[0,1,2],[0,1,2],[0,1,2]]",27,"[1,1,1]","[1,3,3]","[0,1,2]","[0,1,2]",7
356,000/212/101,6,1104,"[[0,0,1],[0,1,2],[0,1,2]]",17,"[0,1,2]","[1,1,2]","[0,1,1]","[0,1,2]",6
357,000/212/111,6,375,"[[0,1,1],[0,1,2],[0,1,2]]",24,"[1,1,2]","[1,1,2]","[0,1,1]","[0,1,2]",7
358,000/212/112,3,13497,"[[0,1,1],[0,1,2],[0,2,2]]",23,"[1,2,2]","[1,2,2]","[0,1,2]","[0,1,2]",5
359,000/212/121,6,1833,"[[0,1,2],[0,1,2],[0,1,2]]",18,"[0,1,2]","[1,1,3]","[0,1,1]","[0,1,2]",6
360,000/220/101,3,1097,"[[0,0,1],[0,0,2],[0,1,2]]",9,"[0,0,1]","[1,1,1]","[0,1,2]","[0,0,0]",7
361,000/220/111,6,368,"[[0,0,1],[0,1,2],[0,1,2]]",9,"[0,1,1]","[1,1,1]","[0,1,2]","[0,0,1]",8
362,000/220/121,6,1088,"[[0,0,1],[0,1,2],[0,2,2]]",13,"[0,0,1]","[1,1,2]","[0,1,2]","[0,0,2]",7
363,000/221/111,6,359,"[[0,1,1],[0,1,2],[0,1,2]]",12,"[0,1,1]","[1,1,2]","[0,1,2]","[0,1,1]",8
364,000/221/121,3,1817,"[[0,1,1],[0,1,2],[0,2,2]]",21,"[0,0,1]","[1,2,2]","[0,1,2]","[0,1,2]",7
365,000/222/111,3,377,"[[0,1,2],[0,1,2],[0,1,2]]",9,"[1,1,1]","[1,1,1]","[0,1,2]","[0,1,2]",9
366,001/000/000,6,6,"[[0,0,0],[0,0,0],[0,0,1]]",27,"[1,1,1]","[0,1,1]","[0,0,0]","[0,0,1]",8
367,001/000/001,6,168,"[[0,0,0],[0,0,0],[0,1,1]]",27,"[1,1,1]","[0,1,1]","[0,0,1]","[0,0,0]",6
368,001/000/002,6,87,"[[0,0,0],[0,0,0],[0,1,2]]",24,"[1,1,2]","[1,1,1]","[0,0,2]","[0,0,2]",6
369,001/000/010,6,492,"[[0,0,0],[0,0,1],[0,0,1]]",25,"[1,1,2]","[0,1,1]","[0,0,0]","[0,0,1]",7
370,001/000/011,6,654,"[[0,0,0],[0,0,1],[0,1,1]]",24,"[1,1,2]","[0,1,1]","[0,0,1]","[0,0,0]",7
371,001/000/012,6,573,"[[0,0,0],[0,0,1],[0,1,2]]",26,"[1,1,3]","[1,1,1]","[0,0,2]","[0,0,2]",6
372,001/000/020,6,249,"[[0,0,0],[0,0,1],[0,0,2]]",23,"[1,1,1]","[0,1,2]","[0,0,0]","[0,0,1]",7
373,001/000/021,6,411,"[[0,0,0],[0,0,2],[0,1,1]]",20,"[1,1,1]","[0,1,2]","[0,0,1]","[0,0,0]",6
374,001/000/022,6,330,"[[0,0,0],[0,0,2],[0,1,2]]",21,"[1,1,2]","[1,1,2]","[0,0,2]","[0,0,2]",7
375,001/000/100,6,60,"[[0,0,0],[0,0,1],[0,0,1]]",20,"[0,1,1]","[0,1,1]","[0,0,0]","[0,0,1]",7
376,001/000/101,6,222,"[[0,0,0],[0,0,1],[0,1,1]]",21,"[0,1,1]","[0,1,1]","[0,0,1]","[0,0,0]",7
377,001/000/102,6,141,"[[0,0,0],[0,0,1],[0,1,2]]",22,"[1,1,1]","[1,1,1]","[0,0,2]","[0,0,2]",6
378,001/000/110,6,546,"[[0,0,1],[0,0,1],[0,0,1]]",18,"[1,1,1]","[0,1,1]","[0,0,0]","[0,0,1]",6
379,001/000/111,6,121,"[[0,0,1],[0,0,1],[0,1,1]]",18,"[1,1,1]","[0,1,1]","[0,0,1]","[0,0,0]",8
380,001/000/112,6,627,"[[0,0,1],[0,0,1],[0,1,2]]",20,"[1,1,2]","[1,1,1]","[0,0,2]","[0,0,2]",6
381,001/000/120,6,303,"[[0,0,1],[0,0,1],[0,0,2]]",18,"[0,1,1]","[0,1,2]","[0,0,0]","[0,0,1]",6
382,001/000/121,6,465,"[[0,0,1],[0,0,2],[0,1,1]]",18,"[0,1,1]","[0,1,2]","[0,0,1]","[0,0,0]",7
383,001/000/122,6,384,"[[0,0,1],[0,0,2],[0,1,2]]",19,"[1,1,1]","[1,1,2]","[0,0,2]","[0,0,2]",7
384,001/000/200,6,33,"[[0,0,0],[0,0,1],[0,0,2]]",18,"[0,1,1]","[0,1,2]","[0,0,0]","[0,0,1]",7
385,001/000/201,6,195,"[[0,0,0],[0,0,2],[0,1,1]]",20,"[0,1,1]","[0,1,2]","[0,0,1]","[0,0,0]",6
386,001/000/202,6,114,"[[0,0,0],[0,0,2],[0,1,2]]",21,"[1,1,1]","[1,1,2]","[0,0,2]","[0,0,2]",7
387,001/000/210,6,519,"[[0,0,1],[0,0,1],[0,0,2]]",17,"[1,1,1]","[0,1,2]","[0,0,0]","[0,0,1]",6
388,001/000/211,6,681,"[[0,0,1],[0,0,2],[0,1,1]]",18,"[1,1,1]","[0,1,2]","[0,0,1]","[0,0,0]",7
389,001/000/212,6,600,"[[0,0,1],[0,0,2],[0,1,2]]",20,"[1,1,2]","[1,1,2]","[0,0,2]","[0,0,2]",7
390,001/000/220,6,276,"[[0,0,1],[0,0,2],[0,0,2]]",18,"[0,1,1]","[0,2,2]","[0,0,0]","[0,0,1]",6
391,001/000/221,6,438,"[[0,0,2],[0,0,2],[0,1,1]]",18,"[0,1,1]","[0,2,2]","[0,0,1]","[0,0,0]",6
392,001/001/000,6,252,"[[0,0,0],[0,0,0],[0,1,1]]",27,"[1,1,1]","[1,1,1]","[0,0,0]","[0,0,1]",7
393,001/001/001,6,3028,"[[0,0,0],[0,0,0],[1,1,1]]",27,"[1,1,1]","[1,1,1]","[0,0,1]","[0,0,1]",5
394,001/001/002,6,4461,"[[0,0,0],[0,0,0],[1,1,2]]",23,"[1,1,2]","[1,1,2]","[0,0,2]","[0,0,2]",5
395,001/001/010,6,2439,"[[0,0,0],[0,0,1],[0,1,1]]",24,"[1,1,2]","[1,1,1]","[0,0,0]","[0,0,1]",6
396,001/001/011,6,2299,"[[0,0,0],[0,0,1],[1,1,1]]",23,"[1,1,2]","[1,1,1]","[0,0,1]","[0,0,1]",6
397,001/001/012,6,4947,"[[0,0,0],[0,0,1],[1,1,2]]",25,"[1,1,3]","[1,1,2]","[0,0,2]","[0,0,2]",5
398,001/001/020,6,4623,"[[0,0,0],[0,0,2],[0,1,1]]",21,"[1,1,1]","[1,1,2]","[0,0,0]","[0,0,1]",6
399,001/001/021,6,3757,"[[0,0,0],[0,0,2],[1,1,1]]",21,"[1,1,1]","[1,1,2]","[0,0,1]","[0,0,1]",5
400,001/001/022,6,4704,"[[0,0,0],[0,0,2],[1,1,2]]",20,"[1,1,2]","[1,2,2]","[0,0,2]","[0,0,2]",6
401,001/001/100,6,981,"[[0,0,0],[0,0,1],[0,1,1]]",21,"[0,1,1]","[1,1,1]","[0,0,0]","[0,0,1]",6
402,001/001/101,6,841,"[[0,0,0],[0,0,1],[1,1,1]]",22,"[0,1,1]","[1,1,1]","[0,0,1]","[0,0,1]",6
403,001/001/102,6,4515,"[[0,0,0],[0,0,1],[1,1,2]]",19,"[1,1,1]","[1,1,2]","[0,0,2]","[0,0,2]",5
404,001/001/110,6,3168,"[[0,0,1],[0,0,1],[0,1,1]]",18,"[1,1,1]","[1,1,1]","[0,0,0]","[0,0,1]",5
405,001/001/111,6,112,"[[0,0,1],[0,0,1],[1,1,1]]",18,"[1,1,1]","[1,1,1]","[0,0,1]","[0,0,1]",7
406,001/001/112,6,5001,"[[0,0,1],[0,0,1],[1,1,2]]",21,"[1,1,2]","[1,1,2]","[0,0,2]","[0,0,2]",5
407,001/001/120,6,4677,"[[0,0,1],[0,0,2],[0,1,1]]",17,"[0,1,1]","[1,1,2]","[0,0,0]","[0,0,1]",5
408,001/001/121,6,1570,"[[0,0,1],[0,0,2],[1,1,1]]",20,"[0,1,1]","[1,1,2]","[0,0,1]","[0,0,1]",6
409,001/001/122,6,4758,"[[0,0,1],[0,0,2],[1,1,2]]",19,"[1,1,1]","[1,2,2]","[0,0,2]","[0,0,2]",6
410,001/001/200,6,1710,"[[0,0,0],[0,0,2],[0,1,1]]",18,"[0,1,1]","[1,1,2]","[0,0,0]","[0,0,1]",6
411,001/001/201,6,4569,"[[0,0,0],[0,0,2],[1,1,1]]",21,"[0,1,1]","[1,1,2]","[0,0,1]","[0,0,1]",5
412,001/001/202,6,4488,"[[0,0,0],[0,0,2],[1,1,2]]",19,"[1,1,1]","[1,2,2]","[0,0,2]","[0,0,2]",6
413,001/001/210,6,3897,"[[0,0,1],[0,0,2],[0,1,1]]",16,"[1,1,1]","[1,1,2]","[0,0,0]","[0,0,1]",5
414,001/001/211,6,4486,"[[0,0,1],[0,0,2],[1,1,1]]",18,"[1,1,1]","[1,1,2]","[0,0,1]","[0,0,1]",6
415,001/001/212,6,4974,"[[0,0,1],[0,0,2],[1,1,2]]",19,"[1,1,2]","[1,2,2]","[0,0,2]","[0,0,2]",6
416,001/001/220,6,4650,"[[0,0,2],[0,0,2],[0,1,1]]",16,"[0,1,1]","[1,2,2]","[0,0,0]","[0,0,1]",5
417,001/001/221,6,4812,"[[0,0,2],[0,0,2],[1,1,1]]",18,"[0,1,1]","[1,2,2]","[0,0,1]","[0,0,1]",5
418,001/002/000,6,495,"[[0,0,0],[0,0,0],[0,1,2]]",24,"[1,1,2]","[0,1,1]","[0,0,0]","[0,0,1]",7
419,001/002/001,6,2355,"[[0,0,0],[0,0,0],[1,1,2]]",22,"[1,1,2]","[0,1,1]","[0,0,1]","[0,0,2]",5
420,001/002/002,6,2274,"[[0,0,0],[0,0,0],[1,2,2]]",21,"[1,2,2]","[1,1,1]","[0,0,2]","[0,0,2]",5
421,001/002/010,6,2679,"[[0,0,0],[0,0,1],[0,1,2]]",22,"[1,2,2]","[0,1,1]","[0,0,0]","[0,0,1]",6
422,001/002/011,6,2317,"[[0,0,0],[0,0,1],[1,1,2]]",19,"[1,2,2]","[0,1,1]","[0,0,1]","[0,0,2]",6
423,001/002/012,6,2760,"[[0,0,0],[0,0,1],[1,2,2]]",23,"[1,2,3]","[1,1,1]","[0,0,2]","[0,0,2]",5
424,001/002/020,6,2436,"[[0,0,0],[0,0,2],[0,1,2]]",19,"[1,1,2]","[0,1,2]","[0,0,0]","[0,0,1]",6
425,001/002/021,6,2598,"[[0,0,0],[0,0,2],[1,1,2]]",15,"[1,1,2]","[0,1,2]","[0,0,1]","[0,0,2]",5
426,001/002/022,6,2517,"[[0,0,0],[0,0,2],[1,2,2]]",18,"[1,2,2]","[1,1,2]","[0,0,2]","[0,0,2]",6
427,001/002/100,6,1224,"[[0,0,0],[0,0,1],[0,1,2]]",16,"[0,1,2]","[0,1,1]","[0,0,0]","[0,0,1]",6
428,001/002/101,6,859,"[[0,0,0],[0,0,1],[1,1,2]]",15,"[0,1,2]","[0,1,1]","[0,0,1]","[0,0,2]",6
429,001/002/102,6,2328,"[[0,0,0],[0,0,1],[1,2,2]]",15,"[1,1,2]","[1,1,1]","[0,0,2]","[0,0,2]",5
430,001/002/110,6,2733,"[[0,0,1],[0,0,1],[0,1,2]]",14,"[1,1,2]","[0,1,1]","[0,0,0]","[0,0,1]",5
431,001/002/111,6,130,"[[0,0,1],[0,0,1],[1,1,2]]",12,"[1,1,2]","[0,1,1]","[0,0,1]","[0,0,2]",7
432,001/002/112,6,2814,"[[0,0,1],[0,0,1],[1,2,2]]",16,"[1,2,2]","[1,1,1]","[0,0,2]","[0,0,2]",5
433,001/002/120,6,2490,"[[0,0,1],[0,0,2],[0,1,2]]",12,"[0,1,2]","[0,1,2]","[0,0,0]","[0,0,1]",5
434,001/002/121,6,1588,"[[0,0,1],[0,0,2],[1,1,2]]",12,"[0,1,2]","[0,1,2]","[0,0,1]","[0,0,2]",6
435,001/002/122,6,2571,"[[0,0,1],[0,0,2],[1,2,2]]",16,"[1,1,2]","[1,1,2]","[0,0,2]","[0,0,2]",6
436,001/002/200,6,1953,"[[0,0,0],[0,0,2],[0,1,2]]",15,"[0,1,2]","[0,1,2]","[0,0,0]","[0,0,1]",6
437,001/002/201,6,2382,"[[0,0,0],[0,0,2],[1,1,2]]",15,"[0,1,2]","[0,1,2]","[0,0,1]","[0,0,2]",5
438,001/002/202,6,2301,"[[0,0,0],[0,0,2],[1,2,2]]",17,"[1,1,2]","[1,1,2]","[0,0,2]","[0,0,2]",6
439,001/002/210,6,2706,"[[0,0,1],[0,0,2],[0,1,2]]",15,"[1,1,2]","[0,1,2]","[0,0,0]","[0,0,1]",5
440,001/002/211,6,2868,"[[0,0,1],[0,0,2],[1,1,2]]",14,"[1,1,2]","[0,1,2]","[0,0,1]","[0,0,2]",6
441,001/002/212,6,2787,"[[0,0,1],[0,0,2],[1,2,2]]",18,"[1,2,2]","[1,1,2]","[0,0,2]","[0,0,2]",6
442,001/002/220,6,2463,"[[0,0,2],[0,0,2],[0,1,2]]",14,"[0,1,2]","[0,2,2]","[0,0,0]","[0,0,1]",5
443,001/002/221,6,2625,"[[0,0,2],[0,0,2],[1,1,2]]",13,"[0,1,2]","[0,2,2]","[0,0,1]","[0,0,2]",5
444,001/010/000,6,90,"[[0,0,0],[0,0,1],[0,0,1]]",25,"[1,1,2]","[0,1,2]","[0,0,1]","[0,1,1]",6
445,001/010/001,6,3036,"[[0,0,0],[0,0,1],[0,1,1]]",23,"[1,1,2]","[0,1,2]","[0,1,1]","[0,0,1]",4
446,001/010/002,6,13209,"[[0,0,0],[0,0,1],[0,1,2]]",24,"[1,2,2]","[1,1,2]","[0,1,2]","[0,1,2]",4
447,001/010/010,6,2277,"[[0,0,0],[0,0,1],[0,1,1]]",22,"[1,2,2]","[0,1,2]","[0,0,1]","[0,1,1]",5
448,001/010/011,6,2307,"[[0,0,0],[0,1,1],[0,1,1]]",21,"[1,2,2]","[0,1,2]","[0,1,1]","[0,0,1]",5
449,001/010/012,6,13695,"[[0,0,0],[0,1,1],[0,1,2]]",25,"[1,2,3]","[1,1,2]","[0,1,2]","[0,1,2]",4
450,001/010/020,6,4464,"[[0,0,0],[0,0,1],[0,1,2]]",20,"[1,1,2]","[0,1,3]","[0,0,1]","[0,1,1]",5
451,001/010/021,6,3765,"[[0,0,0],[0,1,1],[0,1,2]]",17,"[1,1,2]","[0,1,3]","[0,1,1]","[0,0,1]",4
452,001/010/022,6,13452,"[[0,0,0],[0,1,2],[0,1,2]]",22,"[1,2,2]","[1,1,3]","[0,1,2]","[0,1,2]",5
453,001/010/100,6,819,"[[0,0,1],[0,0,1],[0,0,1]]",19,"[0,1,2]","[0,1,2]","[0,0,1]","[0,1,1]",5
454,001/010/101,6,849,"[[0,0,1],[0,0,1],[0,1,1]]",16,"[0,1,2]","[0,1,2]","[0,1,1]","[0,0,1]",5
455,001/010/102,6,13263,"[[0,0,1],[0,0,1],[0,1,2]]",23,"[1,1,2]","[1,1,2]","[0,1,2]","[0,1,2]",4
456,001/010/110,6,3006,"[[0,0,1],[0,0,1],[0,1,1]]",18,"[1,1,2]","[0,1,2]","[0,0,1]","[0,1,1]",4
457,001/010/111,6,120,"[[0,0,1],[0,1,1],[0,1,1]]",22,"[1,1,2]","[0,1,2]","[0,1,1]","[0,0,1]",6
458,001/010/112,6,13242,"[[0,0,1],[0,1,1],[0,1,2]]",22,"[1,2,2]","[1,1,2]","[0,1,2]","[0,1,2]",4
459,001/010/120,6,5193,"[[0,0,1],[0,0,1],[0,1,2]]",16,"[0,1,2]","[0,1,3]","[0,0,1]","[0,1,1]",4
460,001/010/121,6,1578,"[[0,0,1],[0,1,1],[0,1,2]]",14,"[0,1,2]","[0,1,3]","[0,1,1]","[0,0,1]",5
461,001/010/122,6,13506,"[[0,0,1],[0,1,2],[0,1,2]]",20,"[1,1,2]","[1,1,3]","[0,1,2]","[0,1,2]",5
462,001/010/200,6,1548,"[[0,0,1],[0,0,1],[0,0,2]]",17,"[0,1,2]","[0,2,2]","[0,0,1]","[0,1,1]",5
463,001/010/201,6,5223,"[[0,0,1],[0,0,2],[0,1,1]]",17,"[0,1,2]","[0,2,2]","[0,1,1]","[0,0,1]",4
464,001/010/202,6,13236,"[[0,0,1],[0,0,2],[0,1,2]]",22,"[1,1,2]","[1,2,2]","[0,1,2]","[0,1,2]",5
465,001/010/210,6,3735,"[[0,0,1],[0,0,2],[0,1,1]]",15,"[1,1,2]","[0,2,2]","[0,0,1]","[0,1,1]",4
466,001/010/211,6,4494,"[[0,0,2],[0,1,1],[0,1,1]]",17,"[1,1,2]","[0,2,2]","[0,1,1]","[0,0,1]",5
467,001/010/212,6,13722,"[[0,0,2],[0,1,1],[0,1,2]]",20,"[1,2,2]","[1,2,2]","[0,1,2]","[0,1,2]",5
468,001/010/220,6,5922,"[[0,0,1],[0,0,2],[0,1,2]]",16,"[0,1,2]","[0,2,3]","[0,0,1]","[0,1,1]",4
469,001/010/221,6,5952,"[[0,0,2],[0,1,1],[0,1,2]]",15,"[0,1,2]","[0,2,3]","[0,1,1]","[0,0,1]",4
470,001/011/000,6,333,"[[0,0,0],[0,0,1],[0,1,1]]",23,"[1,1,2]","[1,1,2]","[0,0,1]","[0,1,1]",7
471,001/011/001,6,3027,"[[0,0,0],[0,0,1],[1,1,1]]",23,"[1,1,2]","[1,1,2]","[0,1,1]","[0,1,1]",5
472,001/011/002,6,13455,"[[0,0,0],[0,0,1],[1,1,2]]",23,"[1,2,2]","[1,2,2]","[0,1,2]","[0,1,2]",5
473,001/011/010,6,2520,"[[0,0,0],[0,1,1],[0,1,1]]",21,"[1,2,2]","[1,1,2]","[0,0,1]","[0,1,1]",6
474,001/011/011,6,2298,"[[0,0,0],[0,1,1],[1,1,1]]",24,"[1,2,2]","[1,1,2]","[0,1,1]","[0,1,1]",6
475,001/011/012,6,15165,"[[0,0,0],[0,1,1],[1,1,2]]",26,"[1,2,3]","[1,2,2]","[0,1,2]","[0,1,2]",5
476,001/011/020,6,4707,"[[0,0,0],[0,1,1],[0,1,2]]",18,"[1,1,2]","[1,1,3]","[0,0,1]","[0,1,1]",6
477,001/011/021,6,3756,"[[0,0,0],[0,1,2],[1,1,1]]",20,"[1,1,2]","[1,1,3]","[0,1,1]","[0,1,1]",5
478,001/011/022,6,15192,"[[0,0,0],[0,1,2],[1,1,2]]",23,"[1,2,2]","[1,2,3]","[0,1,2]","[0,1,2]",6
479,001/011/100,6,1062,"[[0,0,1],[0,0,1],[0,1,1]]",18,"[0,1,2]","[1,1,2]","[0,0,1]","[0,1,1]",6
480,001/011/101,6,840,"[[0,0,1],[0,0,1],[1,1,1]]",17,"[0,1,2]","[1,1,2]","[0,1,1]","[0,1,1]",6
481,001/011/102,6,13962,"[[0,0,1],[0,0,1],[1,1,2]]",20,"[1,1,2]","[1,2,2]","[0,1,2]","[0,1,2]",5
482,001/011/110,6,3249,"[[0,0,1],[0,1,1],[0,1,1]]",18,"[1,1,2]","[1,1,2]","[0,0,1]","[0,1,1]",5
483,001/011/111,6,111,"[[0,0,1],[0,1,1],[1,1,1]]",24,"[1,1,2]","[1,1,2]","[0,1,1]","[0,1,1]",7
484,001/011/112,6,13233,"[[0,0,1],[0,1,1],[1,1,2]]",25,"[1,2,2]","[1,2,2]","[0,1,2]","[0,1,2]",5
485,001/011/120,6,5436,"[[0,0,1],[0,1,1],[0,1,2]]",15,"[0,1,2]","[1,1,3]","[0,0,1]","[0,1,1]",5
486,001/011/121,6,1569,"[[0,0,1],[0,1,2],[1,1,1]]",18,"[0,1,2]","[1,1,3]","[0,1,1]","[0,1,1]",6
487,001/011/122,6,14691,"[[0,0,1],[0,1,2],[1,1,2]]",22,"[1,1,2]","[1,2,3]","[0,1,2]","[0,1,2]",6
488,001/011/200,6,1791,"[[0,0,1],[0,0,2],[0,1,1]]",15,"[0,1,2]","[1,2,2]","[0,0,1]","[0,1,1]",6
489,001/011/201,6,5214,"[[0,0,1],[0,0,2],[1,1,1]]",18,"[0,1,2]","[1,2,2]","[0,1,1]","[0,1,1]",5
490,001/011/202,6,14913,"[[0,0,1],[0,0,2],[1,1,2]]",20,"[1,1,2]","[2,2,2]","[0,1,2]","[0,1,2]",6
491,001/011/210,6,3978,"[[0,0,2],[0,1,1],[0,1,1]]",14,"[1,1,2]","[1,2,2]","[0,0,1]","[0,1,1]",5
492,001/011/211,6,4485,"[[0,0,2],[0,1,1],[1,1,1]]",20,"[1,1,2]","[1,2,2]","[0,1,1]","[0,1,1]",6
493,001/011/212,6,14922,"[[0,0,2],[0,1,1],[1,1,2]]",21,"[1,2,2]","[2,2,2]","[0,1,2]","[0,1,2]",6
494,001/011/220,6,6165,"[[0,0,2],[0,1,1],[0,1,2]]",14,"[0,1,2]","[1,2,3]","[0,0,1]","[0,1,1]",5
495,001/011/221,6,5943,"[[0,0,2],[0,1,2],[1,1,1]]",17,"[0,1,2]","[1,2,3]","[0,1,1]","[0,1,1]",5
496,001/012/000,6,576,"[[0,0,0],[0,0,1],[0,1,2]]",25,"[1,1,3]","[0,1,2]","[0,0,1]","[0,1,1]",6
497,001/012/001,6,3045,"[[0,0,0],[0,0,1],[1,1,2]]",23,"[1,1,3]","[0,1,2]","[0,1,1]","[0,1,2]",4
498,001/012/002,6,13698,"[[0,0,0],[0,0,1],[1,2,2]]",24,"[1,2,3]","[1,1,2]","[0,1,2]","[0,1,2]",4
499,001/012/010,6,2763,"[[0,0,0],[0,1,1],[0,1,2]]",23,"[1,2,3]","[0,1,2]","[0,0,1]","[0,1,1]",5
500,001/012/011,6,2316,"[[0,0,0],[0,1,1],[1,1,2]]",24,"[1,2,3]","[0,1,2]","[0,1,1]","[0,1,2]",5
501,001/012/012,6,15168,"[[0,0,0],[0,1,1],[1,2,2]]",26,"[1,3,3]","[1,1,2]","[0,1,2]","[0,1,2]",4
502,001/012/020,6,4950,"[[0,0,0],[0,1,2],[0,1,2]]",20,"[1,1,3]","[0,1,3]","[0,0,1]","[0,1,1]",5
503,001/012/021,6,3774,"[[0,0,0],[0,1,2],[1,1,2]]",18,"[1,1,3]","[0,1,3]","[0,1,1]","[0,1,2]",4
504,001/012/022,6,15195,"[[0,0,0],[0,1,2],[1,2,2]]",23,"[1,2,3]","[1,1,3]","[0,1,2]","[0,1,2]",5
505,001/012/100,6,1305,"[[0,0,1],[0,0,1],[0,1,2]]",21,"[0,1,3]","[0,1,2]","[0,0,1]","[0,1,1]",5
506,001/012/101,6,858,"[[0,0,1],[0,0,1],[1,1,2]]",18,"[0,1,3]","[0,1,2]","[0,1,1]","[0,1,2]",5
507,001/012/102,6,13980,"[[0,0,1],[0,0,1],[1,2,2]]",22,"[1,1,3]","[1,1,2]","[0,1,2]","[0,1,2]",4
508,001/012/110,6,3492,"[[0,0,1],[0,1,1],[0,1,2]]",21,"[1,1,3]","[0,1,2]","[0,0,1]","[0,1,1]",4
509,001/012/111,6,129,"[[0,0,1],[0,1,1],[1,1,2]]",25,"[1,1,3]","[0,1,2]","[0,1,1]","[0,1,2]",6
510,001/012/112,6,13251,"[[0,0,1],[0,1,1],[1,2,2]]",25,"[1,2,3]","[1,1,2]","[0,1,2]","[0,1,2]",4
511,001/012/120,6,5679,"[[0,0,1],[0,1,2],[0,1,2]]",16,"[0,1,3]","[0,1,3]","[0,0,1]","[0,1,1]",4
512,001/012/121,6,1587,"[[0,0,1],[0,1,2],[1,1,2]]",16,"[0,1,3]","[0,1,3]","[0,1,1]","[0,1,2]",5
513,001/012/122,3,14709,"[[0,0,1],[0,1,2],[1,2,2]]",23,"[1,1,3]","[1,1,3]","[0,1,2]","[0,1,2]",5
514,001/012/200,6,2034,"[[0,0,1],[0,0,2],[0,1,2]]",18,"[0,1,3]","[0,2,2]","[0,0,1]","[0,1,1]",5
515,001/012/201,6,5232,"[[0,0,1],[0,0,2],[1,1,2]]",18,"[0,1,3]","[0,2,2]","[0,1,1]","[0,1,2]",4
516,001/012/202,6,14979,"[[0,0,1],[0,0,2],[1,2,2]]",22,"[1,1,3]","[1,2,2]","[0,1,2]","[0,1,2]",5
517,001/012/210,6,4221,"[[0,0,2],[0,1,1],[0,1,2]]",18,"[1,1,3]","[0,2,2]","[0,0,1]","[0,1,1]",4
518,001/012/211,6,4503,"[[0,0,2],[0,1,1],[1,1,2]]",21,"[1,1,3]","[0,2,2]","[0,1,1]","[0,1,2]",5
519,001/012/212,6,14925,"[[0,0,2],[0,1,1],[1,2,2]]",23,"[1,2,3]","[1,2,2]","[0,1,2]","[0,1,2]",5
520,001/012/220,6,6408,"[[0,0,2],[0,1,2],[0,1,2]]",15,"[0,1,3]","[0,2,3]","[0,0,1]","[0,1,1]",4
521,001/012/221,6,5961,"[[0,0,2],[0,1,2],[1,1,2]]",15,"[0,1,3]","[0,2,3]","[0,1,1]","[0,1,2]",4
522,001/020/000,6,171,"[[0,0,0],[0,0,1],[0,0,2]]",22,"[1,1,1]","[0,1,1]","[0,0,2]","[0,0,1]",6
523,001/020/001,6,3038,"[[0,0,0],[0,0,2],[0,1,1]]",18,"[1,1,1]","[0,1,1]","[0,1,2]","[0,0,0]",4
524,001/020/002,6,3306,"[[0,0,0],[0,0,2],[0,1,2]]",18,"[1,1,2]","[1,1,1]","[0,2,2]","[0,0,2]",4
525,001/020/010,6,2358,"[[0,0,0],[0,0,1],[0,1,2]]",19,"[1,1,2]","[0,1,1]","[0,0,2]","[0,1,1]",5
526,001/020/011,6,2309,"[[0,0,0],[0,1,1],[0,1,2]]",15,"[1,1,2]","[0,1,1]","[0,1,2]","[0,0,1]",5
527,001/020/012,6,3315,"[[0,0,0],[0,1,2],[0,1,2]]",21,"[1,1,3]","[1,1,1]","[0,2,2]","[0,1,2]",4
528,001/020/020,6,3298,"[[0,0,0],[0,0,1],[0,2,2]]",18,"[1,1,1]","[0,1,2]","[0,0,2]","[0,1,2]",5
529,001/020/021,6,3299,"[[0,0,0],[0,1,1],[0,2,2]]",15,"[1,1,1]","[0,1,2]","[0,1,2]","[0,0,2]",4
530,001/020/022,6,3297,"[[0,0,0],[0,1,2],[0,2,2]]",17,"[1,1,2]","[1,1,2]","[0,2,2]","[0,2,2]",5
531,001/020/100,6,900,"[[0,0,1],[0,0,1],[0,0,2]]",13,"[0,1,1]","[0,1,1]","[0,0,2]","[0,0,1]",5
532,001/020/101,6,851,"[[0,0,1],[0,0,2],[0,1,1]]",8,"[0,1,1]","[0,1,1]","[0,1,2]","[0,0,0]",5
533,001/020/102,6,3309,"[[0,0,1],[0,0,2],[0,1,2]]",14,"[1,1,1]","[1,1,1]","[0,2,2]","[0,0,2]",4
534,001/020/110,6,3087,"[[0,0,1],[0,0,1],[0,1,2]]",10,"[1,1,1]","[0,1,1]","[0,0,2]","[0,1,1]",4
535,001/020/111,6,122,"[[0,0,1],[0,1,1],[0,1,2]]",8,"[1,1,1]","[0,1,1]","[0,1,2]","[0,0,1]",6
536,001/020/112,6,3318,"[[0,0,1],[0,1,2],[0,1,2]]",13,"[1,1,2]","[1,1,1]","[0,2,2]","[0,1,2]",4
537,001/020/120,6,3301,"[[0,0,1],[0,0,1],[0,2,2]]",11,"[0,1,1]","[0,1,2]","[0,0,2]","[0,1,2]",4
538,001/020/121,6,1580,"[[0,0,1],[0,1,1],[0,2,2]]",11,"[0,1,1]","[0,1,2]","[0,1,2]","[0,0,2]",5
539,001/020/122,6,3300,"[[0,0,1],[0,1,2],[0,2,2]]",12,"[1,1,1]","[1,1,2]","[0,2,2]","[0,2,2]",5
540,001/020/200,6,1629,"[[0,0,1],[0,0,2],[0,0,2]]",12,"[0,1,1]","[0,1,2]","[0,0,2]","[0,0,1]",5
541,001/020/201,6,3305,"[[0,0,2],[0,0,2],[0,1,1]]",10,"[0,1,1]","[0,1,2]","[0,1,2]","[0,0,0]",4
542,001/020/202,6,3303,"[[0,0,2],[0,0,2],[0,1,2]]",14,"[1,1,1]","[1,1,2]","[0,2,2]","[0,0,2]",5
543,001/020/210,6,3313,"[[0,0,1],[0,0,2],[0,1,2]]",10,"[1,1,1]","[0,1,2]","[0,0,2]","[0,1,1]",4
544,001/020/211,6,3314,"[[0,0,2],[0,1,1],[0,1,2]]",10,"[1,1,1]","[0,1,2]","[0,1,2]","[0,0,1]",5
545,001/020/212,6,3312,"[[0,0,2],[0,1,2],[0,1,2]]",14,"[1,1,2]","[1,1,2]","[0,2,2]","[0,1,2]",5
546,001/020/220,6,3295,"[[0,0,1],[0,0,2],[0,2,2]]",12,"[0,1,1]","[0,2,2]","[0,0,2]","[0,1,2]",4
547,001/020/221,6,3296,"[[0,0,2],[0,1,1],[0,2,2]]",11,"[0,1,1]","[0,2,2]","[0,1,2]","[0,0,2]",4
548,001/021/000,6,414,"[[0,0,0],[0,0,2],[0,1,1]]",19,"[1,1,1]","[1,1,1]","[0,0,2]","[0,0,1]",6
549,001/021/001,6,3029,"[[0,0,0],[0,0,2],[1,1,1]]",19,"[1,1,1]","[1,1,1]","[0,1,2]","[0,0,1]",4
550,001/021/002,6,4035,"[[0,0,0],[0,0,2],[1,1,2]]",16,"[1,1,2]","[1,1,2]","[0,2,2]","[0,0,2]",4
551,001/021/010,6,2601,"[[0,0,0],[0,1,1],[0,1,2]]",15,"[1,1,2]","[1,1,1]","[0,0,2]","[0,1,1]",5
552,001/021/011,6,2300,"[[0,0,0],[0,1,2],[1,1,1]]",16,"[1,1,2]","[1,1,1]","[0,1,2]","[0,1,1]",5
553,001/021/012,6,4044,"[[0,0,0],[0,1,2],[1,1,2]]",19,"[1,1,3]","[1,1,2]","[0,2,2]","[0,1,2]",4
554,001/021/020,6,4027,"[[0,0,0],[0,1,1],[0,2,2]]",16,"[1,1,1]","[1,1,2]","[0,0,2]","[0,1,2]",5
555,001/021/021,6,3758,"[[0,0,0],[0,2,2],[1,1,1]]",20,"[1,1,1]","[1,1,2]","[0,1,2]","[0,1,2]",4
556,001/021/022,6,4026,"[[0,0,0],[0,2,2],[1,1,2]]",18,"[1,1,2]","[1,2,2]","[0,2,2]","[0,2,2]",5
557,001/021/100,6,1143,"[[0,0,1],[0,0,2],[0,1,1]]",12,"[0,1,1]","[1,1,1]","[0,0,2]","[0,0,1]",5
558,001/021/101,6,842,"[[0,0,1],[0,0,2],[1,1,1]]",11,"[0,1,1]","[1,1,1]","[0,1,2]","[0,0,1]",5
559,001/021/102,6,4038,"[[0,0,1],[0,0,2],[1,1,2]]",11,"[1,1,1]","[1,1,2]","[0,2,2]","[0,0,2]",4
560,001/021/110,6,3330,"[[0,0,1],[0,1,1],[0,1,2]]",8,"[1,1,1]","[1,1,1]","[0,0,2]","[0,1,1]",4
561,001/021/111,6,113,"[[0,0,1],[0,1,2],[1,1,1]]",10,"[1,1,1]","[1,1,1]","[0,1,2]","[0,1,1]",6
562,001/021/112,6,4047,"[[0,0,1],[0,1,2],[1,1,2]]",14,"[1,1,2]","[1,1,2]","[0,2,2]","[0,1,2]",4
563,001/021/120,6,4030,"[[0,0,1],[0,1,1],[0,2,2]]",11,"[0,1,1]","[1,1,2]","[0,0,2]","[0,1,2]",4
564,001/021/121,6,1571,"[[0,0,1],[0,2,2],[1,1,1]]",18,"[0,1,1]","[1,1,2]","[0,1,2]","[0,1,2]",5
565,001/021/122,6,4029,"[[0,0,1],[0,2,2],[1,1,2]]",15,"[1,1,1]","[1,2,2]","[0,2,2]","[0,2,2]",5
566,001/021/200,6,1872,"[[0,0,2],[0,0,2],[0,1,1]]",10,"[0,1,1]","[1,1,2]","[0,0,2]","[0,0,1]",5
567,001/021/201,6,4034,"[[0,0,2],[0,0,2],[1,1,1]]",13,"[0,1,1]","[1,1,2]","[0,1,2]","[0,0,1]",4
568,001/021/202,6,4032,"[[0,0,2],[0,0,2],[1,1,2]]",12,"[1,1,1]","[1,2,2]","[0,2,2]","[0,0,2]",5
569,001/021/210,6,4042,"[[0,0,2],[0,1,1],[0,1,2]]",7,"[1,1,1]","[1,1,2]","[0,0,2]","[0,1,1]",4
570,001/021/211,6,4043,"[[0,0,2],[0,1,2],[1,1,1]]",11,"[1,1,1]","[1,1,2]","[0,1,2]","[0,1,1]",5
571,001/021/212,6,4041,"[[0,0,2],[0,1,2],[1,1,2]]",13,"[1,1,2]","[1,2,2]","[0,2,2]","[0,1,2]",5
572,001/021/220,6,4024,"[[0,0,2],[0,1,1],[0,2,2]]",11,"[0,1,1]","[1,2,2]","[0,0,2]","[0,1,2]",4
573,001/021/221,6,4025,"[[0,0,2],[0,2,2],[1,1,1]]",16,"[0,1,1]","[1,2,2]","[0,1,2]","[0,1,2]",4
574,001/022/000,6,657,"[[0,0,0],[0,0,2],[0,1,2]]",20,"[1,1,2]","[0,1,1]","[0,0,2]","[0,0,1]",7
575,001/022/001,6,2579,"[[0,0,0],[0,0,2],[1,1,2]]",15,"[1,1,2]","[0,1,1]","[0,1,2]","[0,0,2]",5
576,001/022/002,6,2577,"[[0,0,0],[0,0,2],[1,2,2]]",18,"[1,2,2]","[1,1,1]","[0,2,2]","[0,0,2]",5
577,001/022/010,6,2587,"[[0,0,0],[0,1,2],[0,1,2]]",16,"[1,2,2]","[0,1,1]","[0,0,2]","[0,1,1]",6
578,001/022/011,6,2318,"[[0,0,0],[0,1,2],[1,1,2]]",13,"[1,2,2]","[0,1,1]","[0,1,2]","[0,1,2]",6
579,001/022/012,6,2586,"[[0,0,0],[0,1,2],[1,2,2]]",22,"[1,2,3]","[1,1,1]","[0,2,2]","[0,1,2]",5
580,001/022/020,6,2569,"[[0,0,0],[0,1,2],[0,2,2]]",15,"[1,1,2]","[0,1,2]","[0,0,2]","[0,1,2]",6
581,001/022/021,6,2570,"[[0,0,0],[0,2,2],[1,1,2]]",13,"[1,1,2]","[0,1,2]","[0,1,2]","[0,2,2]",5
582,001/022/022,6,2568,"[[0,0,0],[0,2,2],[1,2,2]]",19,"[1,2,2]","[1,1,2]","[0,2,2]","[0,2,2]",6
583,001/022/100,6,1386,"[[0,0,1],[0,0,2],[0,1,2]]",13,"[0,1,2]","[0,1,1]","[0,0,2]","[0,0,1]",6
584,001/022/101,6,860,"[[0,0,1],[0,0,2],[1,1,2]]",7,"[0,1,2]","[0,1,1]","[0,1,2]","[0,0,2]",6
585,001/022/102,6,2580,"[[0,0,1],[0,0,2],[1,2,2]]",13,"[1,1,2]","[1,1,1]","[0,2,2]","[0,0,2]",5
586,001/022/110,6,2590,"[[0,0,1],[0,1,2],[0,1,2]]",9,"[1,1,2]","[0,1,1]","[0,0,2]","[0,1,1]",5
587,001/022/111,6,131,"[[0,0,1],[0,1,2],[1,1,2]]",7,"[1,1,2]","[0,1,1]","[0,1,2]","[0,1,2]",7
588,001/022/112,6,2589,"[[0,0,1],[0,1,2],[1,2,2]]",16,"[1,2,2]","[1,1,1]","[0,2,2]","[0,1,2]",5
589,001/022/120,6,2572,"[[0,0,1],[0,1,2],[0,2,2]]",8,"[0,1,2]","[0,1,2]","[0,0,2]","[0,1,2]",5
590,001/022/121,6,1589,"[[0,0,1],[0,2,2],[1,1,2]]",10,"[0,1,2]","[0,1,2]","[0,1,2]","[0,2,2]",6
591,001/022/200,6,2115,"[[0,0,2],[0,0,2],[0,1,2]]",12,"[0,1,2]","[0,1,2]","[0,0,2]","[0,0,1]",6
592,001/022/201,6,2576,"[[0,0,2],[0,0,2],[1,1,2]]",9,"[0,1,2]","[0,1,2]","[0,1,2]","[0,0,2]",5
593,001/022/202,6,2574,"[[0,0,2],[0,0,2],[1,2,2]]",15,"[1,1,2]","[1,1,2]","[0,2,2]","[0,0,2]",6
594,001/022/210,6,2584,"[[0,0,2],[0,1,2],[0,1,2]]",10,"[1,1,2]","[0,1,2]","[0,0,2]","[0,1,1]",5
595,001/022/211,6,2585,"[[0,0,2],[0,1,2],[1,1,2]]",9,"[1,1,2]","[0,1,2]","[0,1,2]","[0,1,2]",6
596,001/022/212,6,2583,"[[0,0,2],[0,1,2],[1,2,2]]",18,"[1,2,2]","[1,1,2]","[0,2,2]","[0,1,2]",6
597,001/022/220,6,2566,"[[0,0,2],[0,1,2],[0,2,2]]",9,"[0,1,2]","[0,2,2]","[0,0,2]","[0,1,2]",5
598,001/022/221,6,2567,"[[0,0,2],[0,2,2],[1,1,2]]",9,"[0,1,2]","[0,2,2]","[0,1,2]","[0,2,2]",5
599,001/100/000,6,36,"[[0,0,0],[0,0,1],[0,0,1]]",18,"[0,1,1]","[0,1,2]","[0,0,0]","[0,0,1]",7
600,001/100/001,6,1626,"[[0,0,0],[0,0,1],[0,1,1]]",17,"[0,1,1]","[0,1,2]","[0,0,1]","[0,0,0]",5
601,001/100/002,6,1545,"[[0,0,0],[0,0,1],[0,1,2]]",16,"[0,1,2]","[1,1,2]","[0,0,2]","[0,0,2]",5
602,001/100/010,6,1950,"[[0,0,1],[0,0,1],[0,0,1]]",16,"[0,1,2]","[0,1,2]","[0,0,0]","[0,0,1]",6
603,001/100/011,6,2112,"[[0,0,1],[0,0,1],[0,1,1]]",16,"[0,1,2]","[0,1,2]","[0,0,1]","[0,0,0]",6
604,001/100/012,6,2031,"[[0,0,1],[0,0,1],[0,1,2]]",19,"[0,1,3]","[1,1,2]","[0,0,2]","[0,0,2]",5
605,001/100/020,6,1707,"[[0,0,1],[0,0,1],[0,0,2]]",16,"[0,1,1]","[0,2,2]","[0,0,0]","[0,0,1]",6
606,001/100/021,6,1869,"[[0,0,1],[0,0,2],[0,1,1]]",13,"[0,1,1]","[0,2,2]","[0,0,1]","[0,0,0]",5
607,001/100/022,6,1788,"[[0,0,1],[0,0,2],[0,1,2]]",15,"[0,1,2]","[1,2,2]","[0,0,2]","[0,0,2]",6
608,001/100/100,6,765,"[[0,0,0],[0,0,1],[0,1,1]]",13,"[0,0,1]","[0,1,2]","[0,0,0]","[0,0,1]",6
609,001/100/101,6,847,"[[0,0,0],[0,1,1],[0,1,1]]",17,"[0,0,1]","[0,1,2]","[0,0,1]","[0,0,0]",6
610,001/100/102,6,1599,"[[0,0,0],[0,1,1],[0,1,2]]",17,"[0,1,1]","[1,1,2]","[0,0,2]","[0,0,2]",5
611,001/100/110,6,2004,"[[0,0,1],[0,0,1],[0,1,1]]",13,"[0,1,1]","[0,1,2]","[0,0,0]","[0,0,1]",5
612,001/100/111,6,118,"[[0,0,1],[0,1,1],[0,1,1]]",12,"[0,1,1]","[0,1,2]","[0,0,1]","[0,0,0]",7
613,001/100/112,6,2085,"[[0,0,1],[0,1,1],[0,1,2]]",14,"[0,1,2]","[1,1,2]","[0,0,2]","[0,0,2]",5
614,001/100/120,6,1761,"[[0,0,1],[0,0,2],[0,1,1]]",14,"[0,0,1]","[0,2,2]","[0,0,0]","[0,0,1]",5
615,001/100/121,6,1576,"[[0,0,2],[0,1,1],[0,1,1]]",15,"[0,0,1]","[0,2,2]","[0,0,1]","[0,0,0]",6
616,001/100/122,6,1842,"[[0,0,2],[0,1,1],[0,1,2]]",16,"[0,1,1]","[1,2,2]","[0,0,2]","[0,0,2]",6
617,001/100/200,6,1491,"[[0,0,0],[0,0,1],[0,1,2]]",12,"[0,0,1]","[0,1,3]","[0,0,0]","[0,0,1]",6
618,001/100/201,6,1653,"[[0,0,0],[0,1,1],[0,1,2]]",15,"[0,0,1]","[0,1,3]","[0,0,1]","[0,0,0]",5
619,001/100/202,6,1572,"[[0,0,0],[0,1,2],[0,1,2]]",16,"[0,1,1]","[1,1,3]","[0,0,2]","[0,0,2]",6
620,001/100/210,6,1977,"[[0,0,1],[0,0,1],[0,1,2]]",12,"[0,1,1]","[0,1,3]","[0,0,0]","[0,0,1]",5
621,001/100/211,6,2139,"[[0,0,1],[0,1,1],[0,1,2]]",14,"[0,1,1]","[0,1,3]","[0,0,1]","[0,0,0]",6
622,001/100/212,6,2058,"[[0,0,1],[0,1,2],[0,1,2]]",16,"[0,1,2]","[1,1,3]","[0,0,2]","[0,0,2]",6
623,001/100/220,6,1734,"[[0,0,1],[0,0,2],[0,1,2]]",15,"[0,0,1]","[0,2,3]","[0,0,0]","[0,0,1]",5
624,001/100/221,6,1896,"[[0,0,2],[0,1,1],[0,1,2]]",16,"[0,0,1]","[0,2,3]","[0,0,1]","[0,0,0]",5
625,001/101/000,6,279,"[[0,0,0],[0,0,1],[0,1,1]]",21,"[0,1,1]","[1,1,2]","[0,0,0]","[0,0,1]",6
626,001/101/001,6,3025,"[[0,0,0],[0,0,1],[1,1,1]]",20,"[0,1,1]","[1,1,2]","[0,0,1]","[0,0,1]",4
627,001/101/002,6,5919,"[[0,0,0],[0,0,1],[1,1,2]]",18,"[0,1,2]","[1,2,2]","[0,0,2]","[0,0,2]",4
628,001/101/010,6,2466,"[[0,0,1],[0,0,1],[0,1,1]]",18,"[0,1,2]","[1,1,2]","[0,0,0]","[0,0,1]",5
629,001/101/011,6,2296,"[[0,0,1],[0,0,1],[1,1,1]]",16,"[0,1,2]","[1,1,2]","[0,0,1]","[0,0,1]",5
630,001/101/012,6,6405,"[[0,0,1],[0,0,1],[1,1,2]]",19,"[0,1,3]","[1,2,2]","[0,0,2]","[0,0,2]",4
631,001/101/020,6,4653,"[[0,0,1],[0,0,2],[0,1,1]]",17,"[0,1,1]","[1,2,2]","[0,0,0]","[0,0,1]",5
632,001/101/021,6,3754,"[[0,0,1],[0,0,2],[1,1,1]]",17,"[0,1,1]","[1,2,2]","[0,0,1]","[0,0,1]",4
633,001/101/022,6,6162,"[[0,0,1],[0,0,2],[1,1,2]]",17,"[0,1,2]","[2,2,2]","[0,0,2]","[0,0,2]",5
634,001/101/100,6,1008,"[[0,0,0],[0,1,1],[0,1,1]]",17,"[0,0,1]","[1,1,2]","[0,0,0]","[0,0,1]",5
635,001/101/101,6,838,"[[0,0,0],[0,1,1],[1,1,1]]",21,"[0,0,1]","[1,1,2]","[0,0,1]","[0,0,1]",5
636,001/101/102,6,5973,"[[0,0,0],[0,1,1],[1,1,2]]",17,"[0,1,1]","[1,2,2]","[0,0,2]","[0,0,2]",4
637,001/101/110,6,3195,"[[0,0,1],[0,1,1],[0,1,1]]",14,"[0,1,1]","[1,1,2]","[0,0,0]","[0,0,1]",4
638,001/101/111,6,109,"[[0,0,1],[0,1,1],[1,1,1]]",13,"[0,1,1]","[1,1,2]","[0,0,1]","[0,0,1]",6
639,001/101/112,6,6459,"[[0,0,1],[0,1,1],[1,1,2]]",16,"[0,1,2]","[1,2,2]","[0,0,2]","[0,0,2]",4
640,001/101/120,6,5382,"[[0,0,2],[0,1,1],[0,1,1]]",16,"[0,0,1]","[1,2,2]","[0,0,0]","[0,0,1]",4
641,001/101/121,6,1567,"[[0,0,2],[0,1,1],[1,1,1]]",20,"[0,0,1]","[1,2,2]","[0,0,1]","[0,0,1]",5
642,001/101/122,6,6216,"[[0,0,2],[0,1,1],[1,1,2]]",19,"[0,1,1]","[2,2,2]","[0,0,2]","[0,0,2]",5
643,001/101/200,6,1737,"[[0,0,0],[0,1,1],[0,1,2]]",15,"[0,0,1]","[1,1,3]","[0,0,0]","[0,0,1]",5
644,001/101/201,6,5212,"[[0,0,0],[0,1,2],[1,1,1]]",19,"[0,0,1]","[1,1,3]","[0,0,1]","[0,0,1]",4
645,001/101/202,6,5946,"[[0,0,0],[0,1,2],[1,1,2]]",17,"[0,1,1]","[1,2,3]","[0,0,2]","[0,0,2]",5
646,001/101/210,6,3924,"[[0,0,1],[0,1,1],[0,1,2]]",14,"[0,1,1]","[1,1,3]","[0,0,0]","[0,0,1]",4
647,001/101/211,6,4483,"[[0,0,1],[0,1,2],[1,1,1]]",16,"[0,1,1]","[1,1,3]","[0,0,1]","[0,0,1]",5
648,001/101/212,6,6432,"[[0,0,1],[0,1,2],[1,1,2]]",17,"[0,1,2]","[1,2,3]","[0,0,2]","[0,0,2]",5
649,001/101/220,6,6108,"[[0,0,2],[0,1,1],[0,1,2]]",16,"[0,0,1]","[1,2,3]","[0,0,0]","[0,0,1]",4
650,001/101/221,6,5941,"[[0,0,2],[0,1,2],[1,1,1]]",19,"[0,0,1]","[1,2,3]","[0,0,1]","[0,0,1]",4
651,001/102/000,6,522,"[[0,0,0],[0,0,1],[0,1,2]]",17,"[1,1,1]","[0,1,2]","[0,0,0]","[0,0,1]",6
652,001/102/001,6,3043,"[[0,0,0],[0,0,1],[1,1,2]]",14,"[1,1,1]","[0,1,2]","[0,0,1]","[0,0,2]",4
653,001/102/002,6,3732,"[[0,0,0],[0,0,1],[1,2,2]]",15,"[1,1,2]","[1,1,2]","[0,0,2]","[0,0,2]",4
654,001/102/010,6,2709,"[[0,0,1],[0,0,1],[0,1,2]]",16,"[1,1,2]","[0,1,2]","[0,0,0]","[0,0,1]",5
655,001/102/011,6,2314,"[[0,0,1],[0,0,1],[1,1,2]]",14,"[1,1,2]","[0,1,2]","[0,0,1]","[0,0,2]",5
656,001/102/012,6,4218,"[[0,0,1],[0,0,1],[1,2,2]]",19,"[1,1,3]","[1,1,2]","[0,0,2]","[0,0,2]",4
657,001/102/020,6,3894,"[[0,0,1],[0,0,2],[0,1,2]]",14,"[1,1,1]","[0,2,2]","[0,0,0]","[0,0,1]",5
658,001/102/021,6,3772,"[[0,0,1],[0,0,2],[1,1,2]]",10,"[1,1,1]","[0,2,2]","[0,0,1]","[0,0,2]",4
659,001/102/022,6,3975,"[[0,0,1],[0,0,2],[1,2,2]]",14,"[1,1,2]","[1,2,2]","[0,0,2]","[0,0,2]",5
660,001/102/100,6,1251,"[[0,0,0],[0,1,1],[0,1,2]]",14,"[0,1,1]","[0,1,2]","[0,0,0]","[0,0,1]",5
661,001/102/101,6,856,"[[0,0,0],[0,1,1],[1,1,2]]",16,"[0,1,1]","[0,1,2]","[0,0,1]","[0,0,2]",5
662,001/102/102,6,3786,"[[0,0,0],[0,1,1],[1,2,2]]",15,"[1,1,1]","[1,1,2]","[0,0,2]","[0,0,2]",4
663,001/102/110,6,3438,"[[0,0,1],[0,1,1],[0,1,2]]",9,"[1,1,1]","[0,1,2]","[0,0,0]","[0,0,1]",4
664,001/102/111,6,127,"[[0,0,1],[0,1,1],[1,1,2]]",8,"[1,1,1]","[0,1,2]","[0,0,1]","[0,0,2]",6
665,001/102/112,6,4272,"[[0,0,1],[0,1,1],[1,2,2]]",12,"[1,1,2]","[1,1,2]","[0,0,2]","[0,0,2]",4
666,001/102/120,6,3948,"[[0,0,2],[0,1,1],[0,1,2]]",10,"[0,1,1]","[0,2,2]","[0,0,0]","[0,0,1]",4
667,001/102/121,6,1585,"[[0,0,2],[0,1,1],[1,1,2]]",11,"[0,1,1]","[0,2,2]","[0,0,1]","[0,0,2]",5
668,001/102/200,6,1980,"[[0,0,0],[0,1,2],[0,1,2]]",11,"[0,1,1]","[0,1,3]","[0,0,0]","[0,0,1]",5
669,001/102/201,6,3840,"[[0,0,0],[0,1,2],[1,1,2]]",12,"[0,1,1]","[0,1,3]","[0,0,1]","[0,0,2]",4
670,001/102/202,6,3759,"[[0,0,0],[0,1,2],[1,2,2]]",14,"[1,1,1]","[1,1,3]","[0,0,2]","[0,0,2]",5
671,001/102/210,6,4164,"[[0,0,1],[0,1,2],[0,1,2]]",9,"[1,1,1]","[0,1,3]","[0,0,0]","[0,0,1]",4
672,001/102/211,6,4326,"[[0,0,1],[0,1,2],[1,1,2]]",10,"[1,1,1]","[0,1,3]","[0,0,1]","[0,0,2]",5
673,001/102/212,6,4245,"[[0,0,1],[0,1,2],[1,2,2]]",14,"[1,1,2]","[1,1,3]","[0,0,2]","[0,0,2]",5
674,001/102/220,6,3921,"[[0,0,2],[0,1,2],[0,1,2]]",13,"[0,1,1]","[0,2,3]","[0,0,0]","[0,0,1]",4
675,001/102/221,6,4083,"[[0,0,2],[0,1,2],[1,1,2]]",13,"[0,1,1]","[0,2,3]","[0,0,1]","[0,0,2]",4
676,001/110/000,6,117,"[[0,0,1],[0,0,1],[0,0,1]]",21,"[1,1,1]","[0,2,2]","[0,0,1]","[0,1,1]",7
677,001/110/001,6,3033,"[[0,0,1],[0,0,1],[0,1,1]]",18,"[1,1,1]","[0,2,2]","[0,1,1]","[0,0,1]",5
678,001/110/002,6,13239,"[[0,0,1],[0,0,1],[0,1,2]]",21,"[1,1,2]","[1,2,2]","[0,1,2]","[0,1,2]",5
679,001/110/010,6,2304,"[[0,0,1],[0,0,1],[0,1,1]]",18,"[1,1,2]","[0,2,2]","[0,0,1]","[0,1,1]",6
680,001/110/012,3,15153,"[[0,0,1],[0,1,1],[0,1,2]]",23,"[1,1,3]","[1,2,2]","[0,1,2]","[0,1,2]",5
681,001/110/020,6,4491,"[[0,0,1],[0,0,1],[0,1,2]]",18,"[1,1,1]","[0,2,3]","[0,0,1]","[0,1,1]",6
682,001/110/021,6,3762,"[[0,0,1],[0,1,1],[0,1,2]]",15,"[1,1,1]","[0,2,3]","[0,1,1]","[0,0,1]",5
683,001/110/022,6,14910,"[[0,0,1],[0,1,2],[0,1,2]]",21,"[1,1,2]","[1,2,3]","[0,1,2]","[0,1,2]",6
684,001/110/100,6,846,"[[0,0,1],[0,0,1],[0,1,1]]",17,"[0,1,1]","[0,2,2]","[0,0,1]","[0,1,1]",6
685,001/110/102,3,13968,"[[0,0,1],[0,1,1],[0,1,2]]",23,"[1,1,1]","[1,2,2]","[0,1,2]","[0,1,2]",5
686,001/110/120,6,5220,"[[0,0,1],[0,1,1],[0,1,2]]",17,"[0,1,1]","[0,2,3]","[0,0,1]","[0,1,1]",5
687,001/110/121,6,1575,"[[0,1,1],[0,1,1],[0,1,2]]",16,"[0,1,1]","[0,2,3]","[0,1,1]","[0,0,1]",6
688,001/110/122,6,14694,"[[0,1,1],[0,1,2],[0,1,2]]",22,"[1,1,1]","[1,2,3]","[0,1,2]","[0,1,2]",6
689,001/110/220,6,5949,"[[0,0,1],[0,1,2],[0,1,2]]",18,"[0,1,1]","[0,3,3]","[0,0,1]","[0,1,1]",5
690,001/112/000,6,603,"[[0,0,1],[0,0,1],[0,1,2]]",19,"[1,1,2]","[0,2,2]","[0,0,1]","[0,1,1]",7
691,001/112/001,6,3042,"[[0,0,1],[0,0,1],[1,1,2]]",16,"[1,1,2]","[0,2,2]","[0,1,1]","[0,1,2]",5
692,001/112/002,6,13725,"[[0,0,1],[0,0,1],[1,2,2]]",19,"[1,2,2]","[1,2,2]","[0,1,2]","[0,1,2]",5
693,001/112/010,6,2790,"[[0,0,1],[0,1,1],[0,1,2]]",18,"[1,2,2]","[0,2,2]","[0,0,1]","[0,1,1]",6
694,001/112/011,6,2313,"[[0,0,1],[0,1,1],[1,1,2]]",20,"[1,2,2]","[0,2,2]","[0,1,1]","[0,1,2]",6
695,001/112/012,6,15150,"[[0,0,1],[0,1,1],[1,2,2]]",23,"[1,2,3]","[1,2,2]","[0,1,2]","[0,1,2]",5
696,001/112/020,6,4977,"[[0,0,1],[0,1,2],[0,1,2]]",16,"[1,1,2]","[0,2,3]","[0,0,1]","[0,1,1]",6
697,001/112/021,6,3771,"[[0,0,1],[0,1,2],[1,1,2]]",14,"[1,1,2]","[0,2,3]","[0,1,1]","[0,1,2]",5
698,001/112/022,6,15177,"[[0,0,1],[0,1,2],[1,2,2]]",20,"[1,2,2]","[1,2,3]","[0,1,2]","[0,1,2]",6
699,001/112/100,6,1332,"[[0,0,1],[0,1,1],[0,1,2]]",16,"[0,1,2]","[0,2,2]","[0,0,1]","[0,1,1]",6
700,001/112/101,6,855,"[[0,0,1],[0,1,1],[1,1,2]]",16,"[0,1,2]","[0,2,2]","[0,1,1]","[0,1,2]",6
701,001/112/102,6,13977,"[[0,0,1],[0,1,1],[1,2,2]]",19,"[1,1,2]","[1,2,2]","[0,1,2]","[0,1,2]",5
702,001/112/110,6,3519,"[[0,1,1],[0,1,1],[0,1,2]]",17,"[1,1,2]","[0,2,2]","[0,0,1]","[0,1,1]",5
703,001/112/111,6,126,"[[0,1,1],[0,1,1],[1,1,2]]",22,"[1,1,2]","[0,2,2]","[0,1,1]","[0,1,2]",7
704,001/112/112,6,13248,"[[0,1,1],[0,1,1],[1,2,2]]",22,"[1,2,2]","[1,2,2]","[0,1,2]","[0,1,2]",5
705,001/112/120,6,5706,"[[0,1,1],[0,1,2],[0,1,2]]",14,"[0,1,2]","[0,2,3]","[0,0,1]","[0,1,1]",5
706,001/112/121,6,1584,"[[0,1,1],[0,1,2],[1,1,2]]",15,"[0,1,2]","[0,2,3]","[0,1,1]","[0,1,2]",6
707,001/112/200,6,2061,"[[0,0,1],[0,1,2],[0,1,2]]",14,"[0,1,2]","[0,2,3]","[0,0,1]","[0,1,1]",6
708,001/112/201,6,5229,"[[0,0,1],[0,1,2],[1,1,2]]",15,"[0,1,2]","[0,2,3]","[0,1,1]","[0,1,2]",5
709,001/112/202,6,14961,"[[0,0,1],[0,1,2],[1,2,2]]",19,"[1,1,2]","[1,2,3]","[0,1,2]","[0,1,2]",6
710,001/112/210,6,4248,"[[0,1,1],[0,1,2],[0,1,2]]",13,"[1,1,2]","[0,2,3]","[0,0,1]","[0,1,1]",5
711,001/112/211,6,4500,"[[0,1,1],[0,1,2],[1,1,2]]",18,"[1,1,2]","[0,2,3]","[0,1,1]","[0,1,2]",6
712,001/112/212,6,14907,"[[0,1,1],[0,1,2],[1,2,2]]",20,"[1,2,2]","[1,2,3]","[0,1,2]","[0,1,2]",6
713,001/112/220,6,6435,"[[0,1,2],[0,1,2],[0,1,2]]",15,"[0,1,2]","[0,3,3]","[0,0,1]","[0,1,1]",5
714,001/112/221,6,5958,"[[0,1,2],[0,1,2],[1,1,2]]",16,"[0,1,2]","[0,3,3]","[0,1,1]","[0,1,2]",5
715,001/120/000,6,198,"[[0,0,1],[0,0,1],[0,0,2]]",16,"[0,1,1]","[0,1,2]","[0,0,2]","[0,0,1]",6
716,001/120/001,6,3035,"[[0,0,1],[0,0,2],[0,1,1]]",11,"[0,1,1]","[0,1,2]","[0,1,2]","[0,0,0]",4
717,001/120/002,6,5493,"[[0,0,1],[0,0,2],[0,1,2]]",13,"[0,1,2]","[1,1,2]","[0,2,2]","[0,0,2]",4
718,001/120/010,6,2385,"[[0,0,1],[0,0,1],[0,1,2]]",11,"[0,1,2]","[0,1,2]","[0,0,2]","[0,1,1]",5
719,001/120/011,6,2306,"[[0,0,1],[0,1,1],[0,1,2]]",8,"[0,1,2]","[0,1,2]","[0,1,2]","[0,0,1]",5
720,001/120/012,6,5502,"[[0,0,1],[0,1,2],[0,1,2]]",15,"[0,1,3]","[1,1,2]","[0,2,2]","[0,1,2]",4
721,001/120/020,6,4572,"[[0,0,1],[0,0,1],[0,2,2]]",13,"[0,1,1]","[0,2,2]","[0,0,2]","[0,1,2]",5
722,001/120/021,6,3764,"[[0,0,1],[0,1,1],[0,2,2]]",10,"[0,1,1]","[0,2,2]","[0,1,2]","[0,0,2]",4
723,001/120/022,6,5484,"[[0,0,1],[0,1,2],[0,2,2]]",13,"[0,1,2]","[1,2,2]","[0,2,2]","[0,2,2]",5
724,001/120/100,6,927,"[[0,0,1],[0,0,2],[0,1,1]]",12,"[0,0,1]","[0,1,2]","[0,0,2]","[0,0,1]",5
725,001/120/101,6,848,"[[0,0,2],[0,1,1],[0,1,1]]",10,"[0,0,1]","[0,1,2]","[0,1,2]","[0,0,0]",5
726,001/120/102,6,5496,"[[0,0,2],[0,1,1],[0,1,2]]",15,"[0,1,1]","[1,1,2]","[0,2,2]","[0,0,2]",4
727,001/120/110,6,3114,"[[0,0,1],[0,1,1],[0,1,2]]",9,"[0,1,1]","[0,1,2]","[0,0,2]","[0,1,1]",4
728,001/120/111,6,119,"[[0,1,1],[0,1,1],[0,1,2]]",6,"[0,1,1]","[0,1,2]","[0,1,2]","[0,0,1]",6
729,001/120/112,6,5505,"[[0,1,1],[0,1,2],[0,1,2]]",11,"[0,1,2]","[1,1,2]","[0,2,2]","[0,1,2]",4
730,001/120/120,6,5301,"[[0,0,1],[0,1,1],[0,2,2]]",12,"[0,0,1]","[0,2,2]","[0,0,2]","[0,1,2]",4
731,001/120/121,6,1577,"[[0,1,1],[0,1,1],[0,2,2]]",13,"[0,0,1]","[0,2,2]","[0,1,2]","[0,0,2]",5
732,001/120/122,6,5487,"[[0,1,1],[0,1,2],[0,2,2]]",14,"[0,1,1]","[1,2,2]","[0,2,2]","[0,2,2]",5
733,001/120/200,6,1656,"[[0,0,1],[0,0,2],[0,1,2]]",11,"[0,0,1]","[0,1,3]","[0,0,2]","[0,0,1]",5
734,001/120/201,6,5222,"[[0,0,2],[0,1,1],[0,1,2]]",10,"[0,0,1]","[0,1,3]","[0,1,2]","[0,0,0]",4
735,001/120/202,6,5490,"[[0,0,2],[0,1,2],[0,1,2]]",14,"[0,1,1]","[1,1,3]","[0,2,2]","[0,0,2]",5
736,001/120/210,6,3843,"[[0,0,1],[0,1,2],[0,1,2]]",8,"[0,1,1]","[0,1,3]","[0,0,2]","[0,1,1]",4
737,001/120/211,6,4493,"[[0,1,1],[0,1,2],[0,1,2]]",9,"[0,1,1]","[0,1,3]","[0,1,2]","[0,0,1]",5
738,001/120/212,6,5499,"[[0,1,2],[0,1,2],[0,1,2]]",13,"[0,1,2]","[1,1,3]","[0,2,2]","[0,1,2]",5
739,001/120/220,6,5482,"[[0,0,1],[0,1,2],[0,2,2]]",13,"[0,0,1]","[0,2,3]","[0,0,2]","[0,1,2]",4
740,001/120/221,6,5483,"[[0,1,1],[0,1,2],[0,2,2]]",13,"[0,0,1]","[0,2,3]","[0,1,2]","[0,0,2]",4
741,001/121/000,6,441,"[[0,0,1],[0,0,2],[0,1,1]]",17,"[0,1,1]","[1,1,2]","[0,0,2]","[0,0,1]",6
742,001/121/001,6,3026,"[[0,0,1],[0,0,2],[1,1,1]]",15,"[0,1,1]","[1,1,2]","[0,1,2]","[0,0,1]",4
743,001/121/002,6,6222,"[[0,0,1],[0,0,2],[1,1,2]]",14,"[0,1,2]","[1,2,2]","[0,2,2]","[0,0,2]",4
744,001/121/010,6,2628,"[[0,0,1],[0,1,1],[0,1,2]]",13,"[0,1,2]","[1,1,2]","[0,0,2]","[0,1,1]",5
745,001/121/011,6,2297,"[[0,0,1],[0,1,2],[1,1,1]]",12,"[0,1,2]","[1,1,2]","[0,1,2]","[0,1,1]",5
746,001/121/012,6,6231,"[[0,0,1],[0,1,2],[1,1,2]]",16,"[0,1,3]","[1,2,2]","[0,2,2]","[0,1,2]",4
747,001/121/020,6,4815,"[[0,0,1],[0,1,1],[0,2,2]]",15,"[0,1,1]","[1,2,2]","[0,0,2]","[0,1,2]",5
748,001/121/021,6,3755,"[[0,0,1],[0,2,2],[1,1,1]]",18,"[0,1,1]","[1,2,2]","[0,1,2]","[0,1,2]",4
749,001/121/022,6,6213,"[[0,0,1],[0,2,2],[1,1,2]]",17,"[0,1,2]","[2,2,2]","[0,2,2]","[0,2,2]",5
750,001/121/100,6,1170,"[[0,0,2],[0,1,1],[0,1,1]]",14,"[0,0,1]","[1,1,2]","[0,0,2]","[0,0,1]",5
751,001/121/101,6,839,"[[0,0,2],[0,1,1],[1,1,1]]",15,"[0,0,1]","[1,1,2]","[0,1,2]","[0,0,1]",5
752,001/121/102,6,6225,"[[0,0,2],[0,1,1],[1,1,2]]",14,"[0,1,1]","[1,2,2]","[0,2,2]","[0,0,2]",4
753,001/121/110,6,3357,"[[0,1,1],[0,1,1],[0,1,2]]",10,"[0,1,1]","[1,1,2]","[0,0,2]","[0,1,1]",4
754,001/121/111,6,110,"[[0,1,1],[0,1,2],[1,1,1]]",10,"[0,1,1]","[1,1,2]","[0,1,2]","[0,1,1]",6
755,001/121/112,6,6234,"[[0,1,1],[0,1,2],[1,1,2]]",14,"[0,1,2]","[1,2,2]","[0,2,2]","[0,1,2]",4
756,001/121/120,6,5544,"[[0,1,1],[0,1,1],[0,2,2]]",15,"[0,0,1]","[1,2,2]","[0,0,2]","[0,1,2]",4
757,001/121/121,6,1568,"[[0,1,1],[0,2,2],[1,1,1]]",22,"[0,0,1]","[1,2,2]","[0,1,2]","[0,1,2]",5
758,001/121/200,6,1899,"[[0,0,2],[0,1,1],[0,1,2]]",12,"[0,0,1]","[1,1,3]","[0,0,2]","[0,0,1]",5
759,001/121/201,6,5213,"[[0,0,2],[0,1,2],[1,1,1]]",15,"[0,0,1]","[1,1,3]","[0,1,2]","[0,0,1]",4
760,001/121/202,6,6219,"[[0,0,2],[0,1,2],[1,1,2]]",14,"[0,1,1]","[1,2,3]","[0,2,2]","[0,0,2]",5
761,001/121/210,6,4086,"[[0,1,1],[0,1,2],[0,1,2]]",10,"[0,1,1]","[1,1,3]","[0,0,2]","[0,1,1]",4
762,001/121/211,6,4484,"[[0,1,2],[0,1,2],[1,1,1]]",13,"[0,1,1]","[1,1,3]","[0,1,2]","[0,1,1]",5
763,001/121/212,6,6228,"[[0,1,2],[0,1,2],[1,1,2]]",15,"[0,1,2]","[1,2,3]","[0,2,2]","[0,1,2]",5
764,001/121/220,6,6211,"[[0,1,1],[0,1,2],[0,2,2]]",15,"[0,0,1]","[1,2,3]","[0,0,2]","[0,1,2]",4
765,001/121/221,6,5942,"[[0,1,2],[0,2,2],[1,1,1]]",20,"[0,0,1]","[1,2,3]","[0,1,2]","[0,1,2]",4
766,001/122/000,6,684,"[[0,0,1],[0,0,2],[0,1,2]]",14,"[1,1,1]","[0,1,2]","[0,0,2]","[0,0,1]",7
767,001/122/001,6,3044,"[[0,0,1],[0,0,2],[1,1,2]]",10,"[1,1,1]","[0,1,2]","[0,1,2]","[0,0,2]",5
768,001/122/002,6,4764,"[[0,0,1],[0,0,2],[1,2,2]]",14,"[1,1,2]","[1,1,2]","[0,2,2]","[0,0,2]",5
769,001/122/010,6,2871,"[[0,0,1],[0,1,2],[0,1,2]]",11,"[1,1,2]","[0,1,2]","[0,0,2]","[0,1,1]",6
770,001/122/011,6,2315,"[[0,0,1],[0,1,2],[1,1,2]]",9,"[1,1,2]","[0,1,2]","[0,1,2]","[0,1,2]",6
771,001/122/012,6,4773,"[[0,0,1],[0,1,2],[1,2,2]]",19,"[1,1,3]","[1,1,2]","[0,2,2]","[0,1,2]",5
772,001/122/020,6,4756,"[[0,0,1],[0,1,2],[0,2,2]]",12,"[1,1,1]","[0,2,2]","[0,0,2]","[0,1,2]",6
773,001/122/021,6,3773,"[[0,0,1],[0,2,2],[1,1,2]]",10,"[1,1,1]","[0,2,2]","[0,1,2]","[0,2,2]",5
774,001/122/022,6,4755,"[[0,0,1],[0,2,2],[1,2,2]]",17,"[1,1,2]","[1,2,2]","[0,2,2]","[0,2,2]",6
775,001/122/100,6,1413,"[[0,0,2],[0,1,1],[0,1,2]]",10,"[0,1,1]","[0,1,2]","[0,0,2]","[0,0,1]",6
776,001/122/101,6,857,"[[0,0,2],[0,1,1],[1,1,2]]",9,"[0,1,1]","[0,1,2]","[0,1,2]","[0,0,2]",6
777,001/122/102,6,4767,"[[0,0,2],[0,1,1],[1,2,2]]",13,"[1,1,1]","[1,1,2]","[0,2,2]","[0,0,2]",5
778,001/122/110,6,3600,"[[0,1,1],[0,1,2],[0,1,2]]",6,"[1,1,1]","[0,1,2]","[0,0,2]","[0,1,1]",5
779,001/122/111,6,128,"[[0,1,1],[0,1,2],[1,1,2]]",5,"[1,1,1]","[0,1,2]","[0,1,2]","[0,1,2]",7
780,001/122/112,6,4776,"[[0,1,1],[0,1,2],[1,2,2]]",14,"[1,1,2]","[1,1,2]","[0,2,2]","[0,1,2]",5
781,001/122/120,6,4759,"[[0,1,1],[0,1,2],[0,2,2]]",10,"[0,1,1]","[0,2,2]","[0,0,2]","[0,1,2]",5
782,001/122/121,6,1586,"[[0,1,1],[0,2,2],[1,1,2]]",13,"[0,1,1]","[0,2,2]","[0,1,2]","[0,2,2]",6
783,001/122/200,6,2142,"[[0,0,2],[0,1,2],[0,1,2]]",9,"[0,1,1]","[0,1,3]","[0,0,2]","[0,0,1]",6
784,001/122/201,6,4763,"[[0,0,2],[0,1,2],[1,1,2]]",9,"[0,1,1]","[0,1,3]","[0,1,2]","[0,0,2]",5
785,001/122/202,6,4761,"[[0,0,2],[0,1,2],[1,2,2]]",14,"[1,1,1]","[1,1,3]","[0,2,2]","[0,0,2]",6
786,001/122/210,6,4329,"[[0,1,2],[0,1,2],[0,1,2]]",6,"[1,1,1]","[0,1,3]","[0,0,2]","[0,1,1]",5
787,001/122/211,6,4502,"[[0,1,2],[0,1,2],[1,1,2]]",7,"[1,1,1]","[0,1,3]","[0,1,2]","[0,1,2]",6
788,001/122/212,6,4770,"[[0,1,2],[0,1,2],[1,2,2]]",16,"[1,1,2]","[1,1,3]","[0,2,2]","[0,1,2]",6
789,001/122/220,6,4753,"[[0,1,2],[0,1,2],[0,2,2]]",11,"[0,1,1]","[0,2,3]","[0,0,2]","[0,1,2]",5
790,001/122/221,6,4754,"[[0,1,2],[0,2,2],[1,1,2]]",12,"[0,1,1]","[0,2,3]","[0,1,2]","[0,2,2]",5
791,001/200/000,6,63,"[[0,0,0],[0,0,1],[0,0,2]]",16,"[0,1,1]","[0,1,1]","[0,0,0]","[0,0,1]",7
792,001/200/001,6,897,"[[0,0,0],[0,0,2],[0,1,1]]",14,"[0,1,1]","[0,1,1]","[0,0,1]","[0,0,0]",5
793,001/200/002,6,816,"[[0,0,0],[0,0,2],[0,1,2]]",14,"[0,1,2]","[1,1,1]","[0,0,2]","[0,0,2]",5
794,001/200/010,6,1221,"[[0,0,1],[0,0,1],[0,0,2]]",13,"[0,1,2]","[0,1,1]","[0,0,0]","[0,0,1]",6
795,001/200/011,6,1383,"[[0,0,1],[0,0,2],[0,1,1]]",13,"[0,1,2]","[0,1,1]","[0,0,1]","[0,0,0]",6
796,001/200/012,6,1302,"[[0,0,1],[0,0,2],[0,1,2]]",18,"[0,1,3]","[1,1,1]","[0,0,2]","[0,0,2]",5
797,001/200/020,6,978,"[[0,0,1],[0,0,2],[0,0,2]]",14,"[0,1,1]","[0,1,2]","[0,0,0]","[0,0,1]",6
798,001/200/021,6,1140,"[[0,0,2],[0,0,2],[0,1,1]]",10,"[0,1,1]","[0,1,2]","[0,0,1]","[0,0,0]",5
799,001/200/022,6,1059,"[[0,0,2],[0,0,2],[0,1,2]]",13,"[0,1,2]","[1,1,2]","[0,0,2]","[0,0,2]",6
800,001/200/100,6,789,"[[0,0,0],[0,0,1],[0,1,2]]",8,"[0,0,1]","[0,1,1]","[0,0,0]","[0,0,1]",6
801,001/200/101,6,853,"[[0,0,0],[0,1,1],[0,1,2]]",10,"[0,0,1]","[0,1,1]","[0,0,1]","[0,0,0]",6
802,001/200/102,6,870,"[[0,0,0],[0,1,2],[0,1,2]]",12,"[0,1,1]","[1,1,1]","[0,0,2]","[0,0,2]",5
803,001/200/110,6,1275,"[[0,0,1],[0,0,1],[0,1,2]]",8,"[0,1,1]","[0,1,1]","[0,0,0]","[0,0,1]",5
804,001/200/111,6,124,"[[0,0,1],[0,1,1],[0,1,2]]",8,"[0,1,1]","[0,1,1]","[0,0,1]","[0,0,0]",7
805,001/200/112,6,1356,"[[0,0,1],[0,1,2],[0,1,2]]",11,"[0,1,2]","[1,1,1]","[0,0,2]","[0,0,2]",5
806,001/200/120,6,1032,"[[0,0,1],[0,0,2],[0,1,2]]",9,"[0,0,1]","[0,1,2]","[0,0,0]","[0,0,1]",5
807,001/200/121,6,1194,"[[0,0,2],[0,1,1],[0,1,2]]",9,"[0,0,1]","[0,1,2]","[0,0,1]","[0,0,0]",6
808,001/200/122,6,1113,"[[0,0,2],[0,1,2],[0,1,2]]",12,"[0,1,1]","[1,1,2]","[0,0,2]","[0,0,2]",6
809,001/200/200,6,762,"[[0,0,0],[0,0,1],[0,2,2]]",8,"[0,0,1]","[0,1,2]","[0,0,0]","[0,0,1]",6
810,001/200/201,6,924,"[[0,0,0],[0,1,1],[0,2,2]]",13,"[0,0,1]","[0,1,2]","[0,0,1]","[0,0,0]",5
811,001/200/202,6,843,"[[0,0,0],[0,1,2],[0,2,2]]",13,"[0,1,1]","[1,1,2]","[0,0,2]","[0,0,2]",6
812,001/200/210,6,1248,"[[0,0,1],[0,0,1],[0,2,2]]",10,"[0,1,1]","[0,1,2]","[0,0,0]","[0,0,1]",5
813,001/200/211,6,1410,"[[0,0,1],[0,1,1],[0,2,2]]",10,"[0,1,1]","[0,1,2]","[0,0,1]","[0,0,0]",6
814,001/200/212,6,1329,"[[0,0,1],[0,1,2],[0,2,2]]",13,"[0,1,2]","[1,1,2]","[0,0,2]","[0,0,2]",6
815,001/200/220,6,1005,"[[0,0,1],[0,0,2],[0,2,2]]",11,"[0,0,1]","[0,2,2]","[0,0,0]","[0,0,1]",5
816,001/200/221,6,1167,"[[0,0,2],[0,1,1],[0,2,2]]",12,"[0,0,1]","[0,2,2]","[0,0,1]","[0,0,0]",5
817,001/201/000,6,306,"[[0,0,0],[0,0,2],[0,1,1]]",19,"[0,1,1]","[1,1,1]","[0,0,0]","[0,0,1]",6
818,001/201/001,6,3031,"[[0,0,0],[0,0,2],[1,1,1]]",17,"[0,1,1]","[1,1,1]","[0,0,1]","[0,0,1]",4
819,001/201/002,6,5190,"[[0,0,0],[0,0,2],[1,1,2]]",16,"[0,1,2]","[1,1,2]","[0,0,2]","[0,0,2]",4
820,001/201/010,6,2493,"[[0,0,1],[0,0,2],[0,1,1]]",13,"[0,1,2]","[1,1,1]","[0,0,0]","[0,0,1]",5
821,001/201/011,6,2302,"[[0,0,1],[0,0,2],[1,1,1]]",12,"[0,1,2]","[1,1,1]","[0,0,1]","[0,0,1]",5
822,001/201/012,6,5676,"[[0,0,1],[0,0,2],[1,1,2]]",17,"[0,1,3]","[1,1,2]","[0,0,2]","[0,0,2]",4
823,001/201/020,6,4680,"[[0,0,2],[0,0,2],[0,1,1]]",13,"[0,1,1]","[1,1,2]","[0,0,0]","[0,0,1]",5
824,001/201/021,6,3760,"[[0,0,2],[0,0,2],[1,1,1]]",12,"[0,1,1]","[1,1,2]","[0,0,1]","[0,0,1]",4
825,001/201/022,6,5433,"[[0,0,2],[0,0,2],[1,1,2]]",13,"[0,1,2]","[1,2,2]","[0,0,2]","[0,0,2]",5
826,001/201/100,6,1035,"[[0,0,0],[0,1,1],[0,1,2]]",13,"[0,0,1]","[1,1,1]","[0,0,0]","[0,0,1]",5
827,001/201/101,6,844,"[[0,0,0],[0,1,2],[1,1,1]]",15,"[0,0,1]","[1,1,1]","[0,0,1]","[0,0,1]",5
828,001/201/102,6,5244,"[[0,0,0],[0,1,2],[1,1,2]]",13,"[0,1,1]","[1,1,2]","[0,0,2]","[0,0,2]",4
829,001/201/110,6,3222,"[[0,0,1],[0,1,1],[0,1,2]]",9,"[0,1,1]","[1,1,1]","[0,0,0]","[0,0,1]",4
830,001/201/111,6,115,"[[0,0,1],[0,1,2],[1,1,1]]",9,"[0,1,1]","[1,1,1]","[0,0,1]","[0,0,1]",6
831,001/201/112,6,5730,"[[0,0,1],[0,1,2],[1,1,2]]",13,"[0,1,2]","[1,1,2]","[0,0,2]","[0,0,2]",4
832,001/201/120,6,5406,"[[0,0,2],[0,1,1],[0,1,2]]",10,"[0,0,1]","[1,1,2]","[0,0,0]","[0,0,1]",4
833,001/201/121,6,1573,"[[0,0,2],[0,1,2],[1,1,1]]",13,"[0,0,1]","[1,1,2]","[0,0,1]","[0,0,1]",5
834,001/201/200,6,1764,"[[0,0,0],[0,1,1],[0,2,2]]",14,"[0,0,1]","[1,1,2]","[0,0,0]","[0,0,1]",5
835,001/201/201,6,5218,"[[0,0,0],[0,2,2],[1,1,1]]",20,"[0,0,1]","[1,1,2]","[0,0,1]","[0,0,1]",4
836,001/201/202,6,5217,"[[0,0,0],[0,2,2],[1,1,2]]",17,"[0,1,1]","[1,2,2]","[0,0,2]","[0,0,2]",5
837,001/201/210,6,3951,"[[0,0,1],[0,1,1],[0,2,2]]",10,"[0,1,1]","[1,1,2]","[0,0,0]","[0,0,1]",4
838,001/201/211,6,4489,"[[0,0,1],[0,2,2],[1,1,1]]",14,"[0,1,1]","[1,1,2]","[0,0,1]","[0,0,1]",5
839,001/201/212,6,5703,"[[0,0,1],[0,2,2],[1,1,2]]",15,"[0,1,2]","[1,2,2]","[0,0,2]","[0,0,2]",5
840,001/201/220,6,5379,"[[0,0,2],[0,1,1],[0,2,2]]",13,"[0,0,1]","[1,2,2]","[0,0,0]","[0,0,1]",4
841,001/201/221,6,5541,"[[0,0,2],[0,2,2],[1,1,1]]",16,"[0,0,1]","[1,2,2]","[0,0,1]","[0,0,1]",4
842,001/202/000,6,549,"[[0,0,0],[0,0,2],[0,1,2]]",15,"[1,1,1]","[0,1,1]","[0,0,0]","[0,0,1]",6
843,001/202/001,6,3049,"[[0,0,0],[0,0,2],[1,1,2]]",10,"[1,1,1]","[0,1,1]","[0,0,1]","[0,0,2]",4
844,001/202/002,6,3003,"[[0,0,0],[0,0,2],[1,2,2]]",13,"[1,1,2]","[1,1,1]","[0,0,2]","[0,0,2]",4
845,001/202/010,6,2736,"[[0,0,1],[0,0,2],[0,1,2]]",12,"[1,1,2]","[0,1,1]","[0,0,0]","[0,0,1]",5
846,001/202/011,6,2320,"[[0,0,1],[0,0,2],[1,1,2]]",9,"[1,1,2]","[0,1,1]","[0,0,1]","[0,0,2]",5
847,001/202/012,6,3489,"[[0,0,1],[0,0,2],[1,2,2]]",17,"[1,1,3]","[1,1,1]","[0,0,2]","[0,0,2]",4
848,001/202/020,6,3165,"[[0,0,2],[0,0,2],[0,1,2]]",12,"[1,1,1]","[0,1,2]","[0,0,0]","[0,0,1]",5
849,001/202/021,6,3327,"[[0,0,2],[0,0,2],[1,1,2]]",6,"[1,1,1]","[0,1,2]","[0,0,1]","[0,0,2]",4
850,001/202/022,6,3246,"[[0,0,2],[0,0,2],[1,2,2]]",12,"[1,1,2]","[1,1,2]","[0,0,2]","[0,0,2]",5
851,001/202/100,6,1278,"[[0,0,0],[0,1,2],[0,1,2]]",10,"[0,1,1]","[0,1,1]","[0,0,0]","[0,0,1]",5
852,001/202/101,6,862,"[[0,0,0],[0,1,2],[1,1,2]]",8,"[0,1,1]","[0,1,1]","[0,0,1]","[0,0,2]",5
853,001/202/102,6,3057,"[[0,0,0],[0,1,2],[1,2,2]]",9,"[1,1,1]","[1,1,1]","[0,0,2]","[0,0,2]",4
854,001/202/110,6,3462,"[[0,0,1],[0,1,2],[0,1,2]]",8,"[1,1,1]","[0,1,1]","[0,0,0]","[0,0,1]",4
855,001/202/111,6,133,"[[0,0,1],[0,1,2],[1,1,2]]",5,"[1,1,1]","[0,1,1]","[0,0,1]","[0,0,2]",6
856,001/202/112,6,3543,"[[0,0,1],[0,1,2],[1,2,2]]",10,"[1,1,2]","[1,1,1]","[0,0,2]","[0,0,2]",4
857,001/202/120,6,3219,"[[0,0,2],[0,1,2],[0,1,2]]",8,"[0,1,1]","[0,1,2]","[0,0,0]","[0,0,1]",4
858,001/202/121,6,1591,"[[0,0,2],[0,1,2],[1,1,2]]",6,"[0,1,1]","[0,1,2]","[0,0,1]","[0,0,2]",5
859,001/202/200,6,2007,"[[0,0,0],[0,1,2],[0,2,2]]",10,"[0,1,1]","[0,1,2]","[0,0,0]","[0,0,1]",5
860,001/202/201,6,3111,"[[0,0,0],[0,2,2],[1,1,2]]",12,"[0,1,1]","[0,1,2]","[0,0,1]","[0,0,2]",4
861,001/202/202,6,3030,"[[0,0,0],[0,2,2],[1,2,2]]",14,"[1,1,1]","[1,1,2]","[0,0,2]","[0,0,2]",5
862,001/202/210,6,3435,"[[0,0,1],[0,1,2],[0,2,2]]",7,"[1,1,1]","[0,1,2]","[0,0,0]","[0,0,1]",4
863,001/202/211,6,3597,"[[0,0,1],[0,2,2],[1,1,2]]",7,"[1,1,1]","[0,1,2]","[0,0,1]","[0,0,2]",5
864,001/202/212,6,3516,"[[0,0,1],[0,2,2],[1,2,2]]",14,"[1,1,2]","[1,1,2]","[0,0,2]","[0,0,2]",5
865,001/202/220,6,3192,"[[0,0,2],[0,1,2],[0,2,2]]",10,"[0,1,1]","[0,2,2]","[0,0,0]","[0,0,1]",4
866,001/202/221,6,3354,"[[0,0,2],[0,2,2],[1,1,2]]",9,"[0,1,1]","[0,2,2]","[0,0,1]","[0,0,2]",4
867,001/210/000,6,144,"[[0,0,1],[0,0,1],[0,0,2]]",17,"[1,1,1]","[0,1,2]","[0,0,1]","[0,1,1]",6
868,001/210/001,6,3039,"[[0,0,1],[0,0,2],[0,1,1]]",13,"[1,1,1]","[0,1,2]","[0,1,1]","[0,0,1]",4
869,001/210/002,6,13266,"[[0,0,1],[0,0,2],[0,1,2]]",17,"[1,1,2]","[1,1,2]","[0,1,2]","[0,1,2]",4
870,001/210/010,6,2331,"[[0,0,1],[0,0,2],[0,1,1]]",13,"[1,1,2]","[0,1,2]","[0,0,1]","[0,1,1]",5
871,001/210/011,6,2310,"[[0,0,2],[0,1,1],[0,1,1]]",13,"[1,1,2]","[0,1,2]","[0,1,1]","[0,0,1]",5
872,001/210/012,6,14250,"[[0,0,2],[0,1,1],[0,1,2]]",20,"[1,1,3]","[1,1,2]","[0,1,2]","[0,1,2]",4
873,001/210/020,6,4518,"[[0,0,1],[0,0,2],[0,1,2]]",15,"[1,1,1]","[0,1,3]","[0,0,1]","[0,1,1]",5
874,001/210/021,6,3768,"[[0,0,2],[0,1,1],[0,1,2]]",11,"[1,1,1]","[0,1,3]","[0,1,1]","[0,0,1]",4
875,001/210/022,6,14181,"[[0,0,2],[0,1,2],[0,1,2]]",18,"[1,1,2]","[1,1,3]","[0,1,2]","[0,1,2]",5
876,001/210/100,6,873,"[[0,0,1],[0,0,1],[0,1,2]]",14,"[0,1,1]","[0,1,2]","[0,0,1]","[0,1,1]",5
877,001/210/101,6,852,"[[0,0,1],[0,1,1],[0,1,2]]",12,"[0,1,1]","[0,1,2]","[0,1,1]","[0,0,1]",5
878,001/210/102,6,13974,"[[0,0,1],[0,1,2],[0,1,2]]",20,"[1,1,1]","[1,1,2]","[0,1,2]","[0,1,2]",4
879,001/210/110,6,3060,"[[0,0,1],[0,1,1],[0,1,2]]",13,"[1,1,1]","[0,1,2]","[0,0,1]","[0,1,1]",4
880,001/210/111,6,123,"[[0,1,1],[0,1,1],[0,1,2]]",19,"[1,1,1]","[0,1,2]","[0,1,1]","[0,0,1]",6
881,001/210/112,6,13245,"[[0,1,1],[0,1,2],[0,1,2]]",19,"[1,1,2]","[1,1,2]","[0,1,2]","[0,1,2]",4
882,001/210/120,6,5247,"[[0,0,1],[0,1,2],[0,1,2]]",15,"[0,1,1]","[0,1,3]","[0,0,1]","[0,1,1]",4
883,001/210/121,6,1581,"[[0,1,1],[0,1,2],[0,1,2]]",13,"[0,1,1]","[0,1,3]","[0,1,1]","[0,0,1]",5
884,001/210/122,3,14235,"[[0,1,2],[0,1,2],[0,1,2]]",21,"[1,1,1]","[1,1,3]","[0,1,2]","[0,1,2]",5
885,001/210/200,6,1602,"[[0,0,1],[0,0,1],[0,2,2]]",10,"[0,1,1]","[0,2,2]","[0,0,1]","[0,1,1]",5
886,001/210/201,6,5226,"[[0,0,1],[0,1,1],[0,2,2]]",13,"[0,1,1]","[0,2,2]","[0,1,1]","[0,0,1]",4
887,001/210/202,6,13965,"[[0,0,1],[0,1,2],[0,2,2]]",17,"[1,1,1]","[1,2,2]","[0,1,2]","[0,1,2]",5
888,001/210/210,6,3789,"[[0,0,1],[0,1,1],[0,2,2]]",11,"[1,1,1]","[0,2,2]","[0,0,1]","[0,1,1]",4
889,001/210/211,6,4497,"[[0,1,1],[0,1,1],[0,2,2]]",12,"[1,1,1]","[0,2,2]","[0,1,1]","[0,0,1]",5
890,001/210/212,6,14247,"[[0,1,1],[0,1,2],[0,2,2]]",16,"[1,1,2]","[1,2,2]","[0,1,2]","[0,1,2]",5
891,001/210/220,6,5976,"[[0,0,1],[0,1,2],[0,2,2]]",13,"[0,1,1]","[0,2,3]","[0,0,1]","[0,1,1]",4
892,001/210/221,6,5955,"[[0,1,1],[0,1,2],[0,2,2]]",13,"[0,1,1]","[0,2,3]","[0,1,1]","[0,0,1]",4
893,001/211/000,6,387,"[[0,0,1],[0,0,2],[0,1,1]]",17,"[1,1,1]","[1,1,2]","[0,0,1]","[0,1,1]",7
894,001/211/002,6,13509,"[[0,0,1],[0,0,2],[1,1,2]]",17,"[1,1,2]","[1,2,2]","[0,1,2]","[0,1,2]",5
895,001/211/100,6,1116,"[[0,0,1],[0,1,1],[0,1,2]]",14,"[0,1,1]","[1,1,2]","[0,0,1]","[0,1,1]",6
896,001/211/200,6,1845,"[[0,0,1],[0,1,1],[0,2,2]]",12,"[0,1,1]","[1,2,2]","[0,0,1]","[0,1,1]",6
897,001/211/202,2,14967,"[[0,0,1],[0,2,2],[1,1,2]]",18,"[1,1,1]","[2,2,2]","[0,1,2]","[0,1,2]",6
898,001/212/000,6,630,"[[0,0,1],[0,0,2],[0,1,2]]",16,"[1,1,2]","[0,1,2]","[0,0,1]","[0,1,1]",6
899,001/212/001,6,3048,"[[0,0,1],[0,0,2],[1,1,2]]",13,"[1,1,2]","[0,1,2]","[0,1,1]","[0,1,2]",4
900,001/212/002,6,13512,"[[0,0,1],[0,0,2],[1,2,2]]",17,"[1,2,2]","[1,1,2]","[0,1,2]","[0,1,2]",4
901,001/212/010,6,2817,"[[0,0,2],[0,1,1],[0,1,2]]",13,"[1,2,2]","[0,1,2]","[0,0,1]","[0,1,1]",5
902,001/212/011,6,2319,"[[0,0,2],[0,1,1],[1,1,2]]",16,"[1,2,2]","[0,1,2]","[0,1,1]","[0,1,2]",5
903,001/212/012,6,13521,"[[0,0,2],[0,1,1],[1,2,2]]",21,"[1,2,3]","[1,1,2]","[0,1,2]","[0,1,2]",4
904,001/212/020,6,5004,"[[0,0,2],[0,1,2],[0,1,2]]",14,"[1,1,2]","[0,1,3]","[0,0,1]","[0,1,1]",5
905,001/212/021,6,3777,"[[0,0,2],[0,1,2],[1,1,2]]",12,"[1,1,2]","[0,1,3]","[0,1,1]","[0,1,2]",4
906,001/212/022,6,13503,"[[0,0,2],[0,1,2],[1,2,2]]",19,"[1,2,2]","[1,1,3]","[0,1,2]","[0,1,2]",5
907,001/212/100,6,1359,"[[0,0,1],[0,1,2],[0,1,2]]",12,"[0,1,2]","[0,1,2]","[0,0,1]","[0,1,1]",5
908,001/212/101,6,861,"[[0,0,1],[0,1,2],[1,1,2]]",12,"[0,1,2]","[0,1,2]","[0,1,1]","[0,1,2]",5
909,001/212/102,6,13515,"[[0,0,1],[0,1,2],[1,2,2]]",15,"[1,1,2]","[1,1,2]","[0,1,2]","[0,1,2]",4
910,001/212/110,6,3546,"[[0,1,1],[0,1,2],[0,1,2]]",11,"[1,1,2]","[0,1,2]","[0,0,1]","[0,1,1]",4
911,001/212/111,6,132,"[[0,1,1],[0,1,2],[1,1,2]]",20,"[1,1,2]","[0,1,2]","[0,1,1]","[0,1,2]",6
912,001/212/112,6,13254,"[[0,1,1],[0,1,2],[1,2,2]]",18,"[1,2,2]","[1,1,2]","[0,1,2]","[0,1,2]",4
913,001/212/120,6,5733,"[[0,1,2],[0,1,2],[0,1,2]]",11,"[0,1,2]","[0,1,3]","[0,0,1]","[0,1,1]",4
914,001/212/121,6,1590,"[[0,1,2],[0,1,2],[1,1,2]]",13,"[0,1,2]","[0,1,3]","[0,1,1]","[0,1,2]",5
915,001/212/200,6,2088,"[[0,0,1],[0,1,2],[0,2,2]]",10,"[0,1,2]","[0,2,2]","[0,0,1]","[0,1,1]",5
916,001/212/201,6,5235,"[[0,0,1],[0,2,2],[1,1,2]]",14,"[0,1,2]","[0,2,2]","[0,1,1]","[0,1,2]",4
917,001/212/210,6,4275,"[[0,1,1],[0,1,2],[0,2,2]]",9,"[1,1,2]","[0,2,2]","[0,0,1]","[0,1,1]",4
918,001/212/211,6,4506,"[[0,1,1],[0,2,2],[1,1,2]]",15,"[1,1,2]","[0,2,2]","[0,1,1]","[0,1,2]",5
919,001/212/212,6,13518,"[[0,1,1],[0,2,2],[1,2,2]]",19,"[1,2,2]","[1,2,2]","[0,1,2]","[0,1,2]",5
920,001/212/220,6,6462,"[[0,1,2],[0,1,2],[0,2,2]]",11,"[0,1,2]","[0,2,3]","[0,0,1]","[0,1,1]",4
921,001/212/221,6,5964,"[[0,1,2],[0,2,2],[1,1,2]]",13,"[0,1,2]","[0,2,3]","[0,1,1]","[0,1,2]",4
922,001/220/000,6,225,"[[0,0,1],[0,0,2],[0,0,2]]",15,"[0,1,1]","[0,1,1]","[0,0,2]","[0,0,1]",7
923,001/220/001,6,1121,"[[0,0,2],[0,0,2],[0,1,1]]",8,"[0,1,1]","[0,1,1]","[0,1,2]","[0,0,0]",5
924,001/220/002,6,1119,"[[0,0,2],[0,0,2],[0,1,2]]",12,"[0,1,2]","[1,1,1]","[0,2,2]","[0,0,2]",5
925,001/220/010,6,1129,"[[0,0,1],[0,0,2],[0,1,2]]",10,"[0,1,2]","[0,1,1]","[0,0,2]","[0,1,1]",6
926,001/220/011,6,1130,"[[0,0,2],[0,1,1],[0,1,2]]",6,"[0,1,2]","[0,1,1]","[0,1,2]","[0,0,1]",6
927,001/220/012,6,1128,"[[0,0,2],[0,1,2],[0,1,2]]",16,"[0,1,3]","[1,1,1]","[0,2,2]","[0,1,2]",5
928,001/220/020,6,1111,"[[0,0,1],[0,0,2],[0,2,2]]",12,"[0,1,1]","[0,1,2]","[0,0,2]","[0,1,2]",6
929,001/220/021,6,1112,"[[0,0,2],[0,1,1],[0,2,2]]",7,"[0,1,1]","[0,1,2]","[0,1,2]","[0,0,2]",5
930,001/220/022,6,1110,"[[0,0,2],[0,1,2],[0,2,2]]",12,"[0,1,2]","[1,1,2]","[0,2,2]","[0,2,2]",6
931,001/220/100,6,954,"[[0,0,1],[0,0,2],[0,1,2]]",9,"[0,0,1]","[0,1,1]","[0,0,2]","[0,0,1]",6
932,001/220/101,6,854,"[[0,0,2],[0,1,1],[0,1,2]]",4,"[0,0,1]","[0,1,1]","[0,1,2]","[0,0,0]",6
933,001/220/102,6,1122,"[[0,0,2],[0,1,2],[0,1,2]]",12,"[0,1,1]","[1,1,1]","[0,2,2]","[0,0,2]",5
934,001/220/110,6,1132,"[[0,0,1],[0,1,2],[0,1,2]]",6,"[0,1,1]","[0,1,1]","[0,0,2]","[0,1,1]",5
935,001/220/111,6,125,"[[0,1,1],[0,1,2],[0,1,2]]",4,"[0,1,1]","[0,1,1]","[0,1,2]","[0,0,1]",7
936,001/220/112,6,1131,"[[0,1,2],[0,1,2],[0,1,2]]",12,"[0,1,2]","[1,1,1]","[0,2,2]","[0,1,2]",5
937,001/220/120,6,1114,"[[0,0,1],[0,1,2],[0,2,2]]",9,"[0,0,1]","[0,1,2]","[0,0,2]","[0,1,2]",5
938,001/220/121,6,1115,"[[0,1,1],[0,1,2],[0,2,2]]",8,"[0,0,1]","[0,1,2]","[0,1,2]","[0,0,2]",6
939,001/220/200,6,1117,"[[0,0,1],[0,0,2],[0,2,2]]",10,"[0,0,1]","[0,1,2]","[0,0,2]","[0,0,1]",6
940,001/220/201,6,1118,"[[0,0,2],[0,1,1],[0,2,2]]",10,"[0,0,1]","[0,1,2]","[0,1,2]","[0,0,0]",5
941,001/220/210,6,1126,"[[0,0,1],[0,1,2],[0,2,2]]",10,"[0,1,1]","[0,1,2]","[0,0,2]","[0,1,1]",5
942,001/220/211,6,1127,"[[0,1,1],[0,1,2],[0,2,2]]",8,"[0,1,1]","[0,1,2]","[0,1,2]","[0,0,1]",6
943,001/220/212,6,1125,"[[0,1,2],[0,1,2],[0,2,2]]",14,"[0,1,2]","[1,1,2]","[0,2,2]","[0,1,2]",6
944,001/220/220,6,1108,"[[0,0,1],[0,2,2],[0,2,2]]",12,"[0,0,1]","[0,2,2]","[0,0,2]","[0,1,2]",5
945,001/220/221,6,1109,"[[0,1,1],[0,2,2],[0,2,2]]",11,"[0,0,1]","[0,2,2]","[0,1,2]","[0,0,2]",5
946,001/221/000,6,468,"[[0,0,2],[0,0,2],[0,1,1]]",14,"[0,1,1]","[1,1,1]","[0,0,2]","[0,0,1]",7
947,001/221/001,6,1850,"[[0,0,2],[0,0,2],[1,1,1]]",11,"[0,1,1]","[1,1,1]","[0,1,2]","[0,0,1]",5
948,001/221/002,6,1848,"[[0,0,2],[0,0,2],[1,1,2]]",11,"[0,1,2]","[1,1,2]","[0,2,2]","[0,0,2]",5
949,001/221/010,6,1858,"[[0,0,2],[0,1,1],[0,1,2]]",9,"[0,1,2]","[1,1,1]","[0,0,2]","[0,1,1]",6
950,001/221/011,6,1859,"[[0,0,2],[0,1,2],[1,1,1]]",9,"[0,1,2]","[1,1,1]","[0,1,2]","[0,1,1]",6
951,001/221/012,6,1857,"[[0,0,2],[0,1,2],[1,1,2]]",15,"[0,1,3]","[1,1,2]","[0,2,2]","[0,1,2]",5
952,001/221/020,6,1840,"[[0,0,2],[0,1,1],[0,2,2]]",13,"[0,1,1]","[1,1,2]","[0,0,2]","[0,1,2]",6
953,001/221/021,6,1841,"[[0,0,2],[0,2,2],[1,1,1]]",15,"[0,1,1]","[1,1,2]","[0,1,2]","[0,1,2]",5
954,001/221/022,6,1839,"[[0,0,2],[0,2,2],[1,1,2]]",15,"[0,1,2]","[1,2,2]","[0,2,2]","[0,2,2]",6
955,001/221/100,6,1197,"[[0,0,2],[0,1,1],[0,1,2]]",9,"[0,0,1]","[1,1,1]","[0,0,2]","[0,0,1]",6
956,001/221/101,6,845,"[[0,0,2],[0,1,2],[1,1,1]]",8,"[0,0,1]","[1,1,1]","[0,1,2]","[0,0,1]",6
957,001/221/102,6,1851,"[[0,0,2],[0,1,2],[1,1,2]]",9,"[0,1,1]","[1,1,2]","[0,2,2]","[0,0,2]",5
958,001/221/110,6,1861,"[[0,1,1],[0,1,2],[0,1,2]]",5,"[0,1,1]","[1,1,1]","[0,0,2]","[0,1,1]",5
959,001/221/111,6,116,"[[0,1,2],[0,1,2],[1,1,1]]",7,"[0,1,1]","[1,1,1]","[0,1,2]","[0,1,1]",7
960,001/221/112,6,1860,"[[0,1,2],[0,1,2],[1,1,2]]",13,"[0,1,2]","[1,1,2]","[0,2,2]","[0,1,2]",5
961,001/221/120,6,1843,"[[0,1,1],[0,1,2],[0,2,2]]",11,"[0,0,1]","[1,1,2]","[0,0,2]","[0,1,2]",5
962,001/221/121,6,1574,"[[0,1,2],[0,2,2],[1,1,1]]",17,"[0,0,1]","[1,1,2]","[0,1,2]","[0,1,2]",6
963,001/221/200,6,1846,"[[0,0,2],[0,1,1],[0,2,2]]",9,"[0,0,1]","[1,1,2]","[0,0,2]","[0,0,1]",6
964,001/221/201,6,1847,"[[0,0,2],[0,2,2],[1,1,1]]",14,"[0,0,1]","[1,1,2]","[0,1,2]","[0,0,1]",5
965,001/221/210,6,1855,"[[0,1,1],[0,1,2],[0,2,2]]",6,"[0,1,1]","[1,1,2]","[0,0,2]","[0,1,1]",5
966,001/221/211,6,1856,"[[0,1,2],[0,2,2],[1,1,1]]",11,"[0,1,1]","[1,1,2]","[0,1,2]","[0,1,1]",6
967,001/221/212,6,1854,"[[0,1,2],[0,2,2],[1,1,2]]",13,"[0,1,2]","[1,2,2]","[0,2,2]","[0,1,2]",6
968,001/221/220,6,1837,"[[0,1,1],[0,2,2],[0,2,2]]",13,"[0,0,1]","[1,2,2]","[0,0,2]","[0,1,2]",5
969,001/221/221,6,1838,"[[0,2,2],[0,2,2],[1,1,1]]",18,"[0,0,1]","[1,2,2]","[0,1,2]","[0,1,2]",5
970,001/222/000,6,391,"[[0,0,2],[0,0,2],[0,1,2]]",12,"[1,1,1]","[0,1,1]","[0,0,2]","[0,0,1]",8
971,001/222/001,6,392,"[[0,0,2],[0,0,2],[1,1,2]]",6,"[1,1,1]","[0,1,1]","[0,1,2]","[0,0,2]",6
972,001/222/002,6,390,"[[0,0,2],[0,0,2],[1,2,2]]",17,"[1,1,2]","[1,1,1]","[0,2,2]","[0,0,2]",6
973,001/222/010,6,400,"[[0,0,2],[0,1,2],[0,1,2]]",7,"[1,1,2]","[0,1,1]","[0,0,2]","[0,1,1]",7
974,001/222/011,6,401,"[[0,0,2],[0,1,2],[1,1,2]]",5,"[1,1,2]","[0,1,1]","[0,1,2]","[0,1,2]",7
975,001/222/012,6,399,"[[0,0,2],[0,1,2],[1,2,2]]",21,"[1,1,3]","[1,1,1]","[0,2,2]","[0,1,2]",6
976,001/222/020,6,382,"[[0,0,2],[0,1,2],[0,2,2]]",9,"[1,1,1]","[0,1,2]","[0,0,2]","[0,1,2]",7
977,001/222/021,6,383,"[[0,0,2],[0,2,2],[1,1,2]]",6,"[1,1,1]","[0,1,2]","[0,1,2]","[0,2,2]",6
978,001/222/022,6,381,"[[0,0,2],[0,2,2],[1,2,2]]",18,"[1,1,2]","[1,1,2]","[0,2,2]","[0,2,2]",7
979,001/222/100,6,394,"[[0,0,2],[0,1,2],[0,1,2]]",7,"[0,1,1]","[0,1,1]","[0,0,2]","[0,0,1]",7
980,001/222/101,6,395,"[[0,0,2],[0,1,2],[1,1,2]]",3,"[0,1,1]","[0,1,1]","[0,1,2]","[0,0,2]",7
981,001/222/102,6,393,"[[0,0,2],[0,1,2],[1,2,2]]",15,"[1,1,1]","[1,1,1]","[0,2,2]","[0,0,2]",6
982,001/222/110,6,403,"[[0,1,2],[0,1,2],[0,1,2]]",3,"[1,1,1]","[0,1,1]","[0,0,2]","[0,1,1]",6
983,001/222/111,6,134,"[[0,1,2],[0,1,2],[1,1,2]]",3,"[1,1,1]","[0,1,1]","[0,1,2]","[0,1,2]",8
984,001/222/112,6,402,"[[0,1,2],[0,1,2],[1,2,2]]",18,"[1,1,2]","[1,1,1]","[0,2,2]","[0,1,2]",6
985,001/222/120,6,385,"[[0,1,2],[0,1,2],[0,2,2]]",5,"[0,1,1]","[0,1,2]","[0,0,2]","[0,1,2]",6
986,001/222/121,6,386,"[[0,1,2],[0,2,2],[1,1,2]]",7,"[0,1,1]","[0,1,2]","[0,1,2]","[0,2,2]",7
987,001/222/200,6,388,"[[0,0,2],[0,1,2],[0,2,2]]",6,"[0,1,1]","[0,1,2]","[0,0,2]","[0,0,1]",7
988,001/222/201,6,389,"[[0,0,2],[0,2,2],[1,1,2]]",7,"[0,1,1]","[0,1,2]","[0,1,2]","[0,0,2]",6
989,001/222/210,6,397,"[[0,1,2],[0,1,2],[0,2,2]]",3,"[1,1,1]","[0,1,2]","[0,0,2]","[0,1,1]",6
990,001/222/211,6,398,"[[0,1,2],[0,2,2],[1,1,2]]",4,"[1,1,1]","[0,1,2]","[0,1,2]","[0,1,2]",7
991,001/222/212,6,396,"[[0,1,2],[0,2,2],[1,2,2]]",19,"[1,1,2]","[1,1,2]","[0,2,2]","[0,1,2]",7
992,001/222/220,6,379,"[[0,1,2],[0,2,2],[0,2,2]]",6,"[0,1,1]","[0,2,2]","[0,0,2]","[0,1,2]",6
993,001/222/221,6,380,"[[0,2,2],[0,2,2],[1,1,2]]",7,"[0,1,1]","[0,2,2]","[0,1,2]","[0,2,2]",6
994,002/000/000,6,3,"[[0,0,0],[0,0,0],[0,0,2]]",26,"[1,1,2]","[0,1,1]","[0,0,0]","[0,0,2]",8
995,002/000/001,6,165,"[[0,0,0],[0,0,0],[0,1,2]]",24,"[1,1,2]","[0,1,1]","[0,0,1]","[0,0,0]",6
996,002/000/002,6,84,"[[0,0,0],[0,0,0],[0,2,2]]",25,"[1,2,2]","[1,1,1]","[0,0,2]","[0,0,2]",6
997,002/000/010,6,489,"[[0,0,0],[0,0,1],[0,0,2]]",25,"[1,2,2]","[0,1,1]","[0,0,0]","[0,0,2]",7
998,002/000/011,6,651,"[[0,0,0],[0,0,1],[0,1,2]]",22,"[1,2,2]","[0,1,1]","[0,0,1]","[0,0,0]",7
999,002/000/012,6,570,"[[0,0,0],[0,0,1],[0,2,2]]",26,"[1,2,3]","[1,1,1]","[0,0,2]","[0,0,2]",6
1000,002/000/020,6,246,"[[0,0,0],[0,0,2],[0,0,2]]",23,"[1,1,2]","[0,1,2]","[0,0,0]","[0,0,2]",7
1001,002/000/021,6,408,"[[0,0,0],[0,0,2],[0,1,2]]",18,"[1,1,2]","[0,1,2]","[0,0,1]","[0,0,0]",6
1002,002/000/022,6,327,"[[0,0,0],[0,0,2],[0,2,2]]",22,"[1,2,2]","[1,1,2]","[0,0,2]","[0,0,2]",7
1003,002/000/100,6,57,"[[0,0,0],[0,0,1],[0,0,2]]",17,"[0,1,2]","[0,1,1]","[0,0,0]","[0,0,2]",7
1004,002/000/101,6,219,"[[0,0,0],[0,0,1],[0,1,2]]",16,"[0,1,2]","[0,1,1]","[0,0,1]","[0,0,0]",7
1005,002/000/102,6,138,"[[0,0,0],[0,0,1],[0,2,2]]",18,"[1,1,2]","[1,1,1]","[0,0,2]","[0,0,2]",6
1006,002/000/110,6,543,"[[0,0,1],[0,0,1],[0,0,2]]",16,"[1,1,2]","[0,1,1]","[0,0,0]","[0,0,2]",6
1007,002/000/111,6,607,"[[0,0,1],[0,0,1],[0,1,2]]",14,"[1,1,2]","[0,1,1]","[0,0,1]","[0,0,0]",8
1008,002/000/112,6,624,"[[0,0,1],[0,0,1],[0,2,2]]",18,"[1,2,2]","[1,1,1]","[0,0,2]","[0,0,2]",6
1009,002/000/120,6,300,"[[0,0,1],[0,0,2],[0,0,2]]",17,"[0,1,2]","[0,1,2]","[0,0,0]","[0,0,2]",6
1010,002/000/121,6,462,"[[0,0,1],[0,0,2],[0,1,2]]",15,"[0,1,2]","[0,1,2]","[0,0,1]","[0,0,0]",7
1011,002/000/200,6,30,"[[0,0,0],[0,0,2],[0,0,2]]",18,"[0,1,2]","[0,1,2]","[0,0,0]","[0,0,2]",7
1012,002/000/201,6,192,"[[0,0,0],[0,0,2],[0,1,2]]",18,"[0,1,2]","[0,1,2]","[0,0,1]","[0,0,0]",6
1013,002/000/210,6,516,"[[0,0,1],[0,0,2],[0,0,2]]",16,"[1,1,2]","[0,1,2]","[0,0,0]","[0,0,2]",6
1014,002/000/211,6,678,"[[0,0,1],[0,0,2],[0,1,2]]",16,"[1,1,2]","[0,1,2]","[0,0,1]","[0,0,0]",7
1015,002/000/212,6,597,"[[0,0,1],[0,0,2],[0,2,2]]",21,"[1,2,2]","[1,1,2]","[0,0,2]","[0,0,2]",7
1016,002/000/220,6,273,"[[0,0,2],[0,0,2],[0,0,2]]",18,"[0,1,2]","[0,2,2]","[0,0,0]","[0,0,2]",6
1017,002/000/221,6,435,"[[0,0,2],[0,0,2],[0,1,2]]",17,"[0,1,2]","[0,2,2]","[0,0,1]","[0,0,0]",6
1018,002/001/000,6,261,"[[0,0,0],[0,0,0],[0,1,2]]",25,"[1,1,2]","[1,1,1]","[0,0,0]","[0,0,2]",7
1019,002/001/001,6,3514,"[[0,0,0],[0,0,0],[1,1,2]]",23,"[1,1,2]","[1,1,1]","[0,0,1]","[0,0,1]",5
1020,002/001/002,6,4458,"[[0,0,0],[0,0,0],[1,2,2]]",23,"[1,2,2]","[1,1,2]","[0,0,2]","[0,0,2]",5
1021,002/001/010,6,2448,"[[0,0,0],[0,0,1],[0,1,2]]",23,"[1,2,2]","[1,1,1]","[0,0,0]","[0,0,2]",6
1022,002/001/011,6,2785,"[[0,0,0],[0,0,1],[1,1,2]]",20,"[1,2,2]","[1,1,1]","[0,0,1]","[0,0,1]",6
1023,002/001/012,6,4944,"[[0,0,0],[0,0,1],[1,2,2]]",24,"[1,2,3]","[1,1,2]","[0,0,2]","[0,0,2]",5
1024,002/001/020,6,4620,"[[0,0,0],[0,0,2],[0,1,2]]",20,"[1,1,2]","[1,1,2]","[0,0,0]","[0,0,2]",6
1025,002/001/021,6,4243,"[[0,0,0],[0,0,2],[1,1,2]]",18,"[1,1,2]","[1,1,2]","[0,0,1]","[0,0,1]",5
1026,002/001/022,6,4701,"[[0,0,0],[0,0,2],[1,2,2]]",20,"[1,2,2]","[1,2,2]","[0,0,2]","[0,0,2]",6
1027,002/001/100,6,990,"[[0,0,0],[0,0,1],[0,1,2]]",17,"[0,1,2]","[1,1,1]","[0,0,0]","[0,0,2]",6
1028,002/001/101,6,1327,"[[0,0,0],[0,0,1],[1,1,2]]",16,"[0,1,2]","[1,1,1]","[0,0,1]","[0,0,1]",6
1029,002/001/102,6,4512,"[[0,0,0],[0,0,1],[1,2,2]]",16,"[1,1,2]","[1,1,2]","[0,0,2]","[0,0,2]",5
1030,002/001/110,6,3177,"[[0,0,1],[0,0,1],[0,1,2]]",15,"[1,1,2]","[1,1,1]","[0,0,0]","[0,0,2]",5
1031,002/001/111,6,598,"[[0,0,1],[0,0,1],[1,1,2]]",13,"[1,1,2]","[1,1,1]","[0,0,1]","[0,0,1]",7
1032,002/001/112,6,4998,"[[0,0,1],[0,0,1],[1,2,2]]",17,"[1,2,2]","[1,1,2]","[0,0,2]","[0,0,2]",5
1033,002/001/120,6,4674,"[[0,0,1],[0,0,2],[0,1,2]]",15,"[0,1,2]","[1,1,2]","[0,0,0]","[0,0,2]",5
1034,002/001/121,6,2056,"[[0,0,1],[0,0,2],[1,1,2]]",16,"[0,1,2]","[1,1,2]","[0,0,1]","[0,0,1]",6
1035,002/001/200,6,1719,"[[0,0,0],[0,0,2],[0,1,2]]",17,"[0,1,2]","[1,1,2]","[0,0,0]","[0,0,2]",6
1036,002/001/201,6,4566,"[[0,0,0],[0,0,2],[1,1,2]]",18,"[0,1,2]","[1,1,2]","[0,0,1]","[0,0,1]",5
1037,002/001/210,6,3906,"[[0,0,1],[0,0,2],[0,1,2]]",14,"[1,1,2]","[1,1,2]","[0,0,0]","[0,0,2]",5
1038,002/001/211,6,4972,"[[0,0,1],[0,0,2],[1,1,2]]",15,"[1,1,2]","[1,1,2]","[0,0,1]","[0,0,1]",6
1039,002/001/212,6,4971,"[[0,0,1],[0,0,2],[1,2,2]]",19,"[1,2,2]","[1,2,2]","[0,0,2]","[0,0,2]",6
1040,002/001/220,6,4647,"[[0,0,2],[0,0,2],[0,1,2]]",15,"[0,1,2]","[1,2,2]","[0,0,0]","[0,0,2]",5
1041,002/001/221,6,4809,"[[0,0,2],[0,0,2],[1,1,2]]",16,"[0,1,2]","[1,2,2]","[0,0,1]","[0,0,1]",5
1042,002/002/000,6,504,"[[0,0,0],[0,0,0],[0,2,2]]",27,"[1,2,2]","[0,1,1]","[0,0,0]","[0,0,2]",7
1043,002/002/001,6,2352,"[[0,0,0],[0,0,0],[1,2,2]]",23,"[1,2,2]","[0,1,1]","[0,0,1]","[0,0,2]",5
1044,002/002/002,6,2271,"[[0,0,0],[0,0,0],[2,2,2]]",27,"[2,2,2]","[1,1,1]","[0,0,2]","[0,0,2]",5
1045,002/002/010,6,2676,"[[0,0,0],[0,0,1],[0,2,2]]",26,"[2,2,2]","[0,1,1]","[0,0,0]","[0,0,2]",6
1046,002/002/011,6,2803,"[[0,0,0],[0,0,1],[1,2,2]]",21,"[2,2,2]","[0,1,1]","[0,0,1]","[0,0,2]",6
1047,002/002/012,6,2757,"[[0,0,0],[0,0,1],[2,2,2]]",27,"[2,2,3]","[1,1,1]","[0,0,2]","[0,0,2]",5
1048,002/002/020,6,2433,"[[0,0,0],[0,0,2],[0,2,2]]",23,"[1,2,2]","[0,1,2]","[0,0,0]","[0,0,2]",6
1049,002/002/021,6,2595,"[[0,0,0],[0,0,2],[1,2,2]]",17,"[1,2,2]","[0,1,2]","[0,0,1]","[0,0,2]",5
1050,002/002/022,6,2514,"[[0,0,0],[0,0,2],[2,2,2]]",23,"[2,2,2]","[1,1,2]","[0,0,2]","[0,0,2]",6
1051,002/002/100,6,1233,"[[0,0,0],[0,0,1],[0,2,2]]",17,"[0,2,2]","[0,1,1]","[0,0,0]","[0,0,2]",6
1052,002/002/101,6,1345,"[[0,0,0],[0,0,1],[1,2,2]]",14,"[0,2,2]","[0,1,1]","[0,0,1]","[0,0,2]",6
1053,002/002/102,6,2325,"[[0,0,0],[0,0,1],[2,2,2]]",19,"[1,2,2]","[1,1,1]","[0,0,2]","[0,0,2]",5
1054,002/002/110,6,2730,"[[0,0,1],[0,0,1],[0,2,2]]",16,"[1,2,2]","[0,1,1]","[0,0,0]","[0,0,2]",5
1055,002/002/111,6,616,"[[0,0,1],[0,0,1],[1,2,2]]",12,"[1,2,2]","[0,1,1]","[0,0,1]","[0,0,2]",7
1056,002/002/112,6,2811,"[[0,0,1],[0,0,1],[2,2,2]]",19,"[2,2,2]","[1,1,1]","[0,0,2]","[0,0,2]",5
1057,002/002/120,6,2487,"[[0,0,1],[0,0,2],[0,2,2]]",15,"[0,2,2]","[0,1,2]","[0,0,0]","[0,0,2]",5
1058,002/002/121,6,2074,"[[0,0,1],[0,0,2],[1,2,2]]",13,"[0,2,2]","[0,1,2]","[0,0,1]","[0,0,2]",6
1059,002/002/200,6,1962,"[[0,0,0],[0,0,2],[0,2,2]]",19,"[0,2,2]","[0,1,2]","[0,0,0]","[0,0,2]",6
1060,002/002/201,6,2379,"[[0,0,0],[0,0,2],[1,2,2]]",17,"[0,2,2]","[0,1,2]","[0,0,1]","[0,0,2]",5
1061,002/002/210,6,2703,"[[0,0,1],[0,0,2],[0,2,2]]",18,"[1,2,2]","[0,1,2]","[0,0,0]","[0,0,2]",5
1062,002/002/211,6,2865,"[[0,0,1],[0,0,2],[1,2,2]]",16,"[1,2,2]","[0,1,2]","[0,0,1]","[0,0,2]",6
1063,002/002/212,6,2784,"[[0,0,1],[0,0,2],[2,2,2]]",23,"[2,2,2]","[1,1,2]","[0,0,2]","[0,0,2]",6
1064,002/002/220,6,2460,"[[0,0,2],[0,0,2],[0,2,2]]",18,"[0,2,2]","[0,2,2]","[0,0,0]","[0,0,2]",5
1065,002/002/221,6,2622,"[[0,0,2],[0,0,2],[1,2,2]]",16,"[0,2,2]","[0,2,2]","[0,0,1]","[0,0,2]",5
1066,002/010/000,6,99,"[[0,0,0],[0,0,1],[0,0,2]]",26,"[1,2,2]","[0,1,2]","[0,0,1]","[0,1,2]",6
1067,002/010/001,6,3522,"[[0,0,0],[0,0,1],[0,1,2]]",22,"[1,2,2]","[0,1,2]","[0,1,1]","[0,0,1]",4
1068,002/010/002,6,13206,"[[0,0,0],[0,0,1],[0,2,2]]",25,"[2,2,2]","[1,1,2]","[0,1,2]","[0,1,2]",4
1069,002/010/010,6,2286,"[[0,0,0],[0,0,2],[0,1,1]]",24,"[2,2,2]","[0,1,2]","[0,0,1]","[0,1,2]",5
1070,002/010/011,6,2793,"[[0,0,0],[0,1,1],[0,1,2]]",21,"[2,2,2]","[0,1,2]","[0,1,1]","[0,0,1]",5
1071,002/010/012,6,13692,"[[0,0,0],[0,1,1],[0,2,2]]",25,"[2,2,3]","[1,1,2]","[0,1,2]","[0,1,2]",4
1072,002/010/020,6,4473,"[[0,0,0],[0,0,2],[0,1,2]]",22,"[1,2,2]","[0,1,3]","[0,0,1]","[0,1,2]",5
1073,002/010/021,6,4251,"[[0,0,0],[0,1,2],[0,1,2]]",17,"[1,2,2]","[0,1,3]","[0,1,1]","[0,0,1]",4
1074,002/010/022,6,13449,"[[0,0,0],[0,1,2],[0,2,2]]",23,"[2,2,2]","[1,1,3]","[0,1,2]","[0,1,2]",5
1075,002/010/100,6,828,"[[0,0,1],[0,0,1],[0,0,2]]",18,"[0,2,2]","[0,1,2]","[0,0,1]","[0,1,2]",5
1076,002/010/101,6,1335,"[[0,0,1],[0,0,1],[0,1,2]]",15,"[0,2,2]","[0,1,2]","[0,1,1]","[0,0,1]",5
1077,002/010/102,6,13260,"[[0,0,1],[0,0,1],[0,2,2]]",19,"[1,2,2]","[1,1,2]","[0,1,2]","[0,1,2]",4
1078,002/010/110,6,3015,"[[0,0,1],[0,0,2],[0,1,1]]",18,"[1,2,2]","[0,1,2]","[0,0,1]","[0,1,2]",4
1079,002/010/111,6,606,"[[0,0,1],[0,1,1],[0,1,2]]",20,"[1,2,2]","[0,1,2]","[0,1,1]","[0,0,1]",6
1080,002/010/112,6,13728,"[[0,0,1],[0,1,1],[0,2,2]]",20,"[2,2,2]","[1,1,2]","[0,1,2]","[0,1,2]",4
1081,002/010/120,6,5202,"[[0,0,1],[0,0,2],[0,1,2]]",17,"[0,2,2]","[0,1,3]","[0,0,1]","[0,1,2]",4
1082,002/010/121,6,2064,"[[0,0,1],[0,1,2],[0,1,2]]",14,"[0,2,2]","[0,1,3]","[0,1,1]","[0,0,1]",5
1083,002/010/200,6,1557,"[[0,0,1],[0,0,2],[0,0,2]]",19,"[0,2,2]","[0,2,2]","[0,0,1]","[0,1,2]",5
1084,002/010/201,6,5709,"[[0,0,1],[0,0,2],[0,1,2]]",17,"[0,2,2]","[0,2,2]","[0,1,1]","[0,0,1]",4
1085,002/010/210,6,3744,"[[0,0,2],[0,0,2],[0,1,1]]",16,"[1,2,2]","[0,2,2]","[0,0,1]","[0,1,2]",4
1086,002/010/211,6,4980,"[[0,0,2],[0,1,1],[0,1,2]]",17,"[1,2,2]","[0,2,2]","[0,1,1]","[0,0,1]",5
1087,002/010/212,6,13719,"[[0,0,2],[0,1,1],[0,2,2]]",21,"[2,2,2]","[1,2,2]","[0,1,2]","[0,1,2]",5
1088,002/010/220,6,5931,"[[0,0,2],[0,0,2],[0,1,2]]",18,"[0,2,2]","[0,2,3]","[0,0,1]","[0,1,2]",4
1089,002/010/221,6,6438,"[[0,0,2],[0,1,2],[0,1,2]]",16,"[0,2,2]","[0,2,3]","[0,1,1]","[0,0,1]",4
1090,002/011/000,6,342,"[[0,0,0],[0,0,1],[0,1,2]]",23,"[1,2,2]","[1,1,2]","[0,0,1]","[0,1,2]",7
1091,002/011/001,6,3513,"[[0,0,0],[0,0,1],[1,1,2]]",21,"[1,2,2]","[1,1,2]","[0,1,1]","[0,1,1]",5
1092,002/011/002,6,13464,"[[0,0,0],[0,0,1],[1,2,2]]",23,"[2,2,2]","[1,2,2]","[0,1,2]","[0,1,2]",5
1093,002/011/010,6,2529,"[[0,0,0],[0,1,1],[0,1,2]]",22,"[2,2,2]","[1,1,2]","[0,0,1]","[0,1,2]",6
1094,002/011/012,6,15651,"[[0,0,0],[0,1,1],[1,2,2]]",25,"[2,2,3]","[1,2,2]","[0,1,2]","[0,1,2]",5
1095,002/011/020,6,4716,"[[0,0,0],[0,1,2],[0,1,2]]",19,"[1,2,2]","[1,1,3]","[0,0,1]","[0,1,2]",6
1096,002/011/021,6,4242,"[[0,0,0],[0,1,2],[1,1,2]]",19,"[1,2,2]","[1,1,3]","[0,1,1]","[0,1,1]",5
1097,002/011/022,6,17094,"[[0,0,0],[0,1,2],[1,2,2]]",23,"[2,2,2]","[1,2,3]","[0,1,2]","[0,1,2]",6
1098,002/011/100,6,1071,"[[0,0,1],[0,0,1],[0,1,2]]",16,"[0,2,2]","[1,1,2]","[0,0,1]","[0,1,2]",6
1099,002/011/101,6,1326,"[[0,0,1],[0,0,1],[1,1,2]]",15,"[0,2,2]","[1,1,2]","[0,1,1]","[0,1,1]",6
1100,002/011/102,6,14193,"[[0,0,1],[0,0,1],[1,2,2]]",17,"[1,2,2]","[1,2,2]","[0,1,2]","[0,1,2]",5
1101,002/011/110,6,3258,"[[0,0,1],[0,1,1],[0,1,2]]",17,"[1,2,2]","[1,1,2]","[0,0,1]","[0,1,2]",5
1102,002/011/120,6,5445,"[[0,0,1],[0,1,2],[0,1,2]]",15,"[0,2,2]","[1,1,3]","[0,0,1]","[0,1,2]",5
1103,002/011/121,6,2055,"[[0,0,1],[0,1,2],[1,1,2]]",17,"[0,2,2]","[1,1,3]","[0,1,1]","[0,1,1]",6
1104,002/011/200,6,1800,"[[0,0,1],[0,0,2],[0,1,2]]",16,"[0,2,2]","[1,2,2]","[0,0,1]","[0,1,2]",6
1105,002/011/201,6,5700,"[[0,0,1],[0,0,2],[1,1,2]]",17,"[0,2,2]","[1,2,2]","[0,1,1]","[0,1,1]",5
1106,002/011/210,6,3987,"[[0,0,2],[0,1,1],[0,1,2]]",14,"[1,2,2]","[1,2,2]","[0,0,1]","[0,1,2]",5
1107,002/011/212,2,17109,"[[0,0,2],[0,1,1],[1,2,2]]",21,"[2,2,2]","[2,2,2]","[0,1,2]","[0,1,2]",6
1108,002/011/220,6,6174,"[[0,0,2],[0,1,2],[0,1,2]]",15,"[0,2,2]","[1,2,3]","[0,0,1]","[0,1,2]",5
1109,002/011/221,6,6429,"[[0,0,2],[0,1,2],[1,1,2]]",17,"[0,2,2]","[1,2,3]","[0,1,1]","[0,1,1]",5
1110,002/012/000,6,585,"[[0,0,0],[0,0,1],[0,2,2]]",27,"[1,2,3]","[0,1,2]","[0,0,1]","[0,1,2]",6
1111,002/012/001,6,3531,"[[0,0,0],[0,0,1],[1,2,2]]",23,"[1,2,3]","[0,1,2]","[0,1,1]","[0,1,2]",4
1112,002/012/002,6,13707,"[[0,0,0],[0,0,1],[2,2,2]]",27,"[2,2,3]","[1,1,2]","[0,1,2]","[0,1,2]",4
1113,002/012/010,6,2772,"[[0,0,0],[0,1,1],[0,2,2]]",26,"[2,2,3]","[0,1,2]","[0,0,1]","[0,1,2]",5
1114,002/012/011,6,2802,"[[0,0,0],[0,1,1],[1,2,2]]",25,"[2,2,3]","[0,1,2]","[0,1,1]","[0,1,2]",5
1115,002/012/012,6,15654,"[[0,0,0],[0,1,1],[2,2,2]]",27,"[2,3,3]","[1,1,2]","[0,1,2]","[0,1,2]",4
1116,002/012/020,6,4959,"[[0,0,0],[0,1,2],[0,2,2]]",23,"[1,2,3]","[0,1,3]","[0,0,1]","[0,1,2]",5
1117,002/012/021,6,4260,"[[0,0,0],[0,1,2],[1,2,2]]",19,"[1,2,3]","[0,1,3]","[0,1,1]","[0,1,2]",4
1118,002/012/022,3,15636,"[[0,0,0],[0,1,2],[2,2,2]]",25,"[2,2,3]","[1,1,3]","[0,1,2]","[0,1,2]",5
1119,002/012/100,6,1314,"[[0,0,1],[0,0,1],[0,2,2]]",21,"[0,2,3]","[0,1,2]","[0,0,1]","[0,1,2]",5
1120,002/012/101,6,1344,"[[0,0,1],[0,0,1],[1,2,2]]",18,"[0,2,3]","[0,1,2]","[0,1,1]","[0,1,2]",5
1121,002/012/102,6,14436,"[[0,0,1],[0,0,1],[2,2,2]]",23,"[1,2,3]","[1,1,2]","[0,1,2]","[0,1,2]",4
1122,002/012/110,6,3501,"[[0,0,1],[0,1,1],[0,2,2]]",22,"[1,2,3]","[0,1,2]","[0,0,1]","[0,1,2]",4
1123,002/012/111,6,615,"[[0,0,1],[0,1,1],[1,2,2]]",24,"[1,2,3]","[0,1,2]","[0,1,1]","[0,1,2]",6
1124,002/012/112,6,13737,"[[0,0,1],[0,1,1],[2,2,2]]",25,"[2,2,3]","[1,1,2]","[0,1,2]","[0,1,2]",4
1125,002/012/120,6,5688,"[[0,0,1],[0,1,2],[0,2,2]]",18,"[0,2,3]","[0,1,3]","[0,0,1]","[0,1,2]",4
1126,002/012/121,6,2073,"[[0,0,1],[0,1,2],[1,2,2]]",17,"[0,2,3]","[0,1,3]","[0,1,1]","[0,1,2]",5
1127,002/012/200,6,2043,"[[0,0,1],[0,0,2],[0,2,2]]",21,"[0,2,3]","[0,2,2]","[0,0,1]","[0,1,2]",5
1128,002/012/201,6,5718,"[[0,0,1],[0,0,2],[1,2,2]]",19,"[0,2,3]","[0,2,2]","[0,1,1]","[0,1,2]",4
1129,002/012/210,6,4230,"[[0,0,2],[0,1,1],[0,2,2]]",20,"[1,2,3]","[0,2,2]","[0,0,1]","[0,1,2]",4
1130,002/012/211,6,4989,"[[0,0,2],[0,1,1],[1,2,2]]",22,"[1,2,3]","[0,2,2]","[0,1,1]","[0,1,2]",5
1131,002/012/220,6,6417,"[[0,0,2],[0,1,2],[0,2,2]]",18,"[0,2,3]","[0,2,3]","[0,0,1]","[0,1,2]",4
1132,002/012/221,6,6447,"[[0,0,2],[0,1,2],[1,2,2]]",17,"[0,2,3]","[0,2,3]","[0,1,1]","[0,1,2]",4
1133,002/020/000,6,180,"[[0,0,0],[0,0,2],[0,0,2]]",23,"[1,1,2]","[0,1,1]","[0,0,2]","[0,0,2]",6
1134,002/020/001,6,3254,"[[0,0,0],[0,0,2],[0,1,2]]",17,"[1,1,2]","[0,1,1]","[0,1,2]","[0,0,0]",4
1135,002/020/002,6,3252,"[[0,0,0],[0,0,2],[0,2,2]]",20,"[1,2,2]","[1,1,1]","[0,2,2]","[0,0,2]",4
1136,002/020/010,6,2367,"[[0,0,0],[0,0,2],[0,1,2]]",22,"[1,2,2]","[0,1,1]","[0,0,2]","[0,1,2]",5
1137,002/020/011,6,2795,"[[0,0,0],[0,1,2],[0,1,2]]",16,"[1,2,2]","[0,1,1]","[0,1,2]","[0,0,1]",5
1138,002/020/012,6,3261,"[[0,0,0],[0,1,2],[0,2,2]]",23,"[1,2,3]","[1,1,1]","[0,2,2]","[0,1,2]",4
1139,002/020/020,6,3244,"[[0,0,0],[0,0,2],[0,2,2]]",20,"[1,1,2]","[0,1,2]","[0,0,2]","[0,2,2]",5
1140,002/020/021,6,3245,"[[0,0,0],[0,1,2],[0,2,2]]",15,"[1,1,2]","[0,1,2]","[0,1,2]","[0,0,2]",4
1141,002/020/022,6,3243,"[[0,0,0],[0,2,2],[0,2,2]]",19,"[1,2,2]","[1,1,2]","[0,2,2]","[0,2,2]",5
1142,002/020/100,6,909,"[[0,0,1],[0,0,2],[0,0,2]]",12,"[0,1,2]","[0,1,1]","[0,0,2]","[0,0,2]",5
1143,002/020/101,6,1337,"[[0,0,1],[0,0,2],[0,1,2]]",6,"[0,1,2]","[0,1,1]","[0,1,2]","[0,0,0]",5
1144,002/020/102,6,3255,"[[0,0,1],[0,0,2],[0,2,2]]",11,"[1,1,2]","[1,1,1]","[0,2,2]","[0,0,2]",4
1145,002/020/110,6,3096,"[[0,0,1],[0,0,2],[0,1,2]]",11,"[1,1,2]","[0,1,1]","[0,0,2]","[0,1,2]",4
1146,002/020/111,6,608,"[[0,0,1],[0,1,2],[0,1,2]]",7,"[1,1,2]","[0,1,1]","[0,1,2]","[0,0,1]",6
1147,002/020/112,6,3264,"[[0,0,1],[0,1,2],[0,2,2]]",13,"[1,2,2]","[1,1,1]","[0,2,2]","[0,1,2]",4
1148,002/020/120,6,3247,"[[0,0,1],[0,0,2],[0,2,2]]",12,"[0,1,2]","[0,1,2]","[0,0,2]","[0,2,2]",4
1149,002/020/121,6,2066,"[[0,0,1],[0,1,2],[0,2,2]]",9,"[0,1,2]","[0,1,2]","[0,1,2]","[0,0,2]",5
1150,002/020/200,6,1638,"[[0,0,2],[0,0,2],[0,0,2]]",14,"[0,1,2]","[0,1,2]","[0,0,2]","[0,0,2]",5
1151,002/020/201,6,3251,"[[0,0,2],[0,0,2],[0,1,2]]",10,"[0,1,2]","[0,1,2]","[0,1,2]","[0,0,0]",4
1152,002/020/210,6,3259,"[[0,0,2],[0,0,2],[0,1,2]]",12,"[1,1,2]","[0,1,2]","[0,0,2]","[0,1,2]",4
1153,002/020/211,6,3260,"[[0,0,2],[0,1,2],[0,1,2]]",11,"[1,1,2]","[0,1,2]","[0,1,2]","[0,0,1]",5
1154,002/020/220,6,3241,"[[0,0,2],[0,0,2],[0,2,2]]",14,"[0,1,2]","[0,2,2]","[0,0,2]","[0,2,2]",4
1155,002/020/221,6,3242,"[[0,0,2],[0,1,2],[0,2,2]]",12,"[0,1,2]","[0,2,2]","[0,1,2]","[0,0,2]",4
1156,002/021/000,6,423,"[[0,0,0],[0,0,2],[0,1,2]]",19,"[1,1,2]","[1,1,1]","[0,0,2]","[0,0,2]",6
1157,002/021/001,6,3515,"[[0,0,0],[0,0,2],[1,1,2]]",17,"[1,1,2]","[1,1,1]","[0,1,2]","[0,0,1]",4
1158,002/021/002,6,3981,"[[0,0,0],[0,0,2],[1,2,2]]",17,"[1,2,2]","[1,1,2]","[0,2,2]","[0,0,2]",4
1159,002/021/010,6,2610,"[[0,0,0],[0,1,2],[0,1,2]]",16,"[1,2,2]","[1,1,1]","[0,0,2]","[0,1,2]",5
1160,002/021/011,6,2786,"[[0,0,0],[0,1,2],[1,1,2]]",15,"[1,2,2]","[1,1,1]","[0,1,2]","[0,1,1]",5
1161,002/021/012,6,3990,"[[0,0,0],[0,1,2],[1,2,2]]",19,"[1,2,3]","[1,1,2]","[0,2,2]","[0,1,2]",4
1162,002/021/020,6,3973,"[[0,0,0],[0,1,2],[0,2,2]]",17,"[1,1,2]","[1,1,2]","[0,0,2]","[0,2,2]",5
1163,002/021/021,6,3974,"[[0,0,0],[0,2,2],[1,1,2]]",19,"[1,1,2]","[1,1,2]","[0,1,2]","[0,1,2]",4
1164,002/021/022,6,3972,"[[0,0,0],[0,2,2],[1,2,2]]",19,"[1,2,2]","[1,2,2]","[0,2,2]","[0,2,2]",5
1165,002/021/100,6,1152,"[[0,0,1],[0,0,2],[0,1,2]]",10,"[0,1,2]","[1,1,1]","[0,0,2]","[0,0,2]",5
1166,002/021/101,6,1328,"[[0,0,1],[0,0,2],[1,1,2]]",8,"[0,1,2]","[1,1,1]","[0,1,2]","[0,0,1]",5
1167,002/021/102,6,3984,"[[0,0,1],[0,0,2],[1,2,2]]",9,"[1,1,2]","[1,1,2]","[0,2,2]","[0,0,2]",4
1168,002/021/110,6,3339,"[[0,0,1],[0,1,2],[0,1,2]]",7,"[1,1,2]","[1,1,1]","[0,0,2]","[0,1,2]",4
1169,002/021/111,6,599,"[[0,0,1],[0,1,2],[1,1,2]]",7,"[1,1,2]","[1,1,1]","[0,1,2]","[0,1,1]",6
1170,002/021/112,6,3993,"[[0,0,1],[0,1,2],[1,2,2]]",11,"[1,2,2]","[1,1,2]","[0,2,2]","[0,1,2]",4
1171,002/021/120,6,3976,"[[0,0,1],[0,1,2],[0,2,2]]",11,"[0,1,2]","[1,1,2]","[0,0,2]","[0,2,2]",4
1172,002/021/121,6,2057,"[[0,0,1],[0,2,2],[1,1,2]]",15,"[0,1,2]","[1,1,2]","[0,1,2]","[0,1,2]",5
1173,002/021/200,6,1881,"[[0,0,2],[0,0,2],[0,1,2]]",11,"[0,1,2]","[1,1,2]","[0,0,2]","[0,0,2]",5
1174,002/021/201,6,3980,"[[0,0,2],[0,0,2],[1,1,2]]",12,"[0,1,2]","[1,1,2]","[0,1,2]","[0,0,1]",4
1175,002/021/210,6,3988,"[[0,0,2],[0,1,2],[0,1,2]]",7,"[1,1,2]","[1,1,2]","[0,0,2]","[0,1,2]",4
1176,002/021/211,6,3989,"[[0,0,2],[0,1,2],[1,1,2]]",10,"[1,1,2]","[1,1,2]","[0,1,2]","[0,1,1]",5
1177,002/021/220,6,3970,"[[0,0,2],[0,1,2],[0,2,2]]",12,"[0,1,2]","[1,2,2]","[0,0,2]","[0,2,2]",4
1178,002/021/221,6,3971,"[[0,0,2],[0,2,2],[1,1,2]]",16,"[0,1,2]","[1,2,2]","[0,1,2]","[0,1,2]",4
1179,002/022/000,6,666,"[[0,0,0],[0,0,2],[0,2,2]]",23,"[1,2,2]","[0,1,1]","[0,0,2]","[0,0,2]",7
1180,002/022/001,6,2525,"[[0,0,0],[0,0,2],[1,2,2]]",16,"[1,2,2]","[0,1,1]","[0,1,2]","[0,0,2]",5
1181,002/022/002,6,2523,"[[0,0,0],[0,0,2],[2,2,2]]",23,"[2,2,2]","[1,1,1]","[0,2,2]","[0,0,2]",5
1182,002/022/010,6,2533,"[[0,0,0],[0,1,2],[0,2,2]]",20,"[2,2,2]","[0,1,1]","[0,0,2]","[0,1,2]",6
1183,002/022/011,6,2534,"[[0,0,0],[0,1,2],[1,2,2]]",15,"[2,2,2]","[0,1,1]","[0,1,2]","[0,1,2]",6
1184,002/022/012,6,2532,"[[0,0,0],[0,1,2],[2,2,2]]",25,"[2,2,3]","[1,1,1]","[0,2,2]","[0,1,2]",5
1185,002/022/020,6,2515,"[[0,0,0],[0,2,2],[0,2,2]]",19,"[1,2,2]","[0,1,2]","[0,0,2]","[0,2,2]",6
1186,002/022/021,6,2516,"[[0,0,0],[0,2,2],[1,2,2]]",15,"[1,2,2]","[0,1,2]","[0,1,2]","[0,2,2]",5
1187,002/022/100,6,1395,"[[0,0,1],[0,0,2],[0,2,2]]",14,"[0,2,2]","[0,1,1]","[0,0,2]","[0,0,2]",6
1188,002/022/101,6,1346,"[[0,0,1],[0,0,2],[1,2,2]]",7,"[0,2,2]","[0,1,1]","[0,1,2]","[0,0,2]",6
1189,002/022/102,6,2526,"[[0,0,1],[0,0,2],[2,2,2]]",16,"[1,2,2]","[1,1,1]","[0,2,2]","[0,0,2]",5
1190,002/022/110,6,2536,"[[0,0,1],[0,1,2],[0,2,2]]",11,"[1,2,2]","[0,1,1]","[0,0,2]","[0,1,2]",5
1191,002/022/111,6,617,"[[0,0,1],[0,1,2],[1,2,2]]",7,"[1,2,2]","[0,1,1]","[0,1,2]","[0,1,2]",7
1192,002/022/112,6,2535,"[[0,0,1],[0,1,2],[2,2,2]]",18,"[2,2,2]","[1,1,1]","[0,2,2]","[0,1,2]",5
1193,002/022/120,6,2518,"[[0,0,1],[0,2,2],[0,2,2]]",11,"[0,2,2]","[0,1,2]","[0,0,2]","[0,2,2]",5
1194,002/022/121,6,2075,"[[0,0,1],[0,2,2],[1,2,2]]",10,"[0,2,2]","[0,1,2]","[0,1,2]","[0,2,2]",6
1195,002/022/200,6,2124,"[[0,0,2],[0,0,2],[0,2,2]]",16,"[0,2,2]","[0,1,2]","[0,0,2]","[0,0,2]",6
1196,002/022/201,6,2522,"[[0,0,2],[0,0,2],[1,2,2]]",11,"[0,2,2]","[0,1,2]","[0,1,2]","[0,0,2]",5
1197,002/022/210,6,2530,"[[0,0,2],[0,1,2],[0,2,2]]",13,"[1,2,2]","[0,1,2]","[0,0,2]","[0,1,2]",5
1198,002/022/211,6,2531,"[[0,0,2],[0,1,2],[1,2,2]]",11,"[1,2,2]","[0,1,2]","[0,1,2]","[0,1,2]",6
1199,002/022/220,6,2512,"[[0,0,2],[0,2,2],[0,2,2]]",13,"[0,2,2]","[0,2,2]","[0,0,2]","[0,2,2]",5
1200,002/022/221,6,2513,"[[0,0,2],[0,2,2],[1,2,2]]",12,"[0,2,2]","[0,2,2]","[0,1,2]","[0,2,2]",5
1201,002/100/000,6,45,"[[0,0,0],[0,0,1],[0,0,2]]",19,"[0,1,2]","[0,1,2]","[0,0,0]","[0,0,2]",7
1202,002/100/001,6,1623,"[[0,0,0],[0,0,1],[0,1,2]]",16,"[0,1,2]","[0,1,2]","[0,0,1]","[0,0,0]",5
1203,002/100/002,6,1542,"[[0,0,0],[0,0,1],[0,2,2]]",19,"[0,2,2]","[1,1,2]","[0,0,2]","[0,0,2]",5
1204,002/100/010,6,1947,"[[0,0,1],[0,0,1],[0,0,2]]",18,"[0,2,2]","[0,1,2]","[0,0,0]","[0,0,2]",6
1205,002/100/011,6,2109,"[[0,0,1],[0,0,1],[0,1,2]]",16,"[0,2,2]","[0,1,2]","[0,0,1]","[0,0,0]",6
1206,002/100/012,6,2028,"[[0,0,1],[0,0,1],[0,2,2]]",21,"[0,2,3]","[1,1,2]","[0,0,2]","[0,0,2]",5
1207,002/100/020,6,1704,"[[0,0,1],[0,0,2],[0,0,2]]",16,"[0,1,2]","[0,2,2]","[0,0,0]","[0,0,2]",6
1208,002/100/021,6,1866,"[[0,0,1],[0,0,2],[0,1,2]]",11,"[0,1,2]","[0,2,2]","[0,0,1]","[0,0,0]",5
1209,002/100/022,6,1785,"[[0,0,1],[0,0,2],[0,2,2]]",16,"[0,2,2]","[1,2,2]","[0,0,2]","[0,0,2]",6
1210,002/100/100,6,774,"[[0,0,0],[0,0,2],[0,1,1]]",12,"[0,0,2]","[0,1,2]","[0,0,0]","[0,0,2]",6
1211,002/100/101,6,1333,"[[0,0,0],[0,1,1],[0,1,2]]",14,"[0,0,2]","[0,1,2]","[0,0,1]","[0,0,0]",6
1212,002/100/102,6,1596,"[[0,0,0],[0,1,1],[0,2,2]]",15,"[0,1,2]","[1,1,2]","[0,0,2]","[0,0,2]",5
1213,002/100/110,6,2001,"[[0,0,1],[0,0,2],[0,1,1]]",11,"[0,1,2]","[0,1,2]","[0,0,0]","[0,0,2]",5
1214,002/100/111,6,604,"[[0,0,1],[0,1,1],[0,1,2]]",10,"[0,1,2]","[0,1,2]","[0,0,1]","[0,0,0]",7
1215,002/100/112,6,2082,"[[0,0,1],[0,1,1],[0,2,2]]",14,"[0,2,2]","[1,1,2]","[0,0,2]","[0,0,2]",5
1216,002/100/120,6,1758,"[[0,0,2],[0,0,2],[0,1,1]]",12,"[0,0,2]","[0,2,2]","[0,0,0]","[0,0,2]",5
1217,002/100/121,6,1920,"[[0,0,2],[0,1,1],[0,1,2]]",12,"[0,0,2]","[0,2,2]","[0,0,1]","[0,0,0]",6
1218,002/100/200,6,1488,"[[0,0,0],[0,0,2],[0,1,2]]",11,"[0,0,2]","[0,1,3]","[0,0,0]","[0,0,2]",6
1219,002/100/201,6,1650,"[[0,0,0],[0,1,2],[0,1,2]]",12,"[0,0,2]","[0,1,3]","[0,0,1]","[0,0,0]",5
1220,002/100/210,6,1974,"[[0,0,1],[0,0,2],[0,1,2]]",11,"[0,1,2]","[0,1,3]","[0,0,0]","[0,0,2]",5
1221,002/100/211,6,2136,"[[0,0,1],[0,1,2],[0,1,2]]",12,"[0,1,2]","[0,1,3]","[0,0,1]","[0,0,0]",6
1222,002/100/220,6,1731,"[[0,0,2],[0,0,2],[0,1,2]]",13,"[0,0,2]","[0,2,3]","[0,0,0]","[0,0,2]",5
1223,002/100/221,6,1893,"[[0,0,2],[0,1,2],[0,1,2]]",13,"[0,0,2]","[0,2,3]","[0,0,1]","[0,0,0]",5
1224,002/101/000,6,288,"[[0,0,0],[0,0,1],[0,1,2]]",21,"[0,1,2]","[1,1,2]","[0,0,0]","[0,0,2]",6
1225,002/101/001,6,3511,"[[0,0,0],[0,0,1],[1,1,2]]",18,"[0,1,2]","[1,1,2]","[0,0,1]","[0,0,1]",4
1226,002/101/002,6,5916,"[[0,0,0],[0,0,1],[1,2,2]]",20,"[0,2,2]","[1,2,2]","[0,0,2]","[0,0,2]",4
1227,002/101/010,6,2475,"[[0,0,1],[0,0,1],[0,1,2]]",19,"[0,2,2]","[1,1,2]","[0,0,0]","[0,0,2]",5
1228,002/101/011,6,2782,"[[0,0,1],[0,0,1],[1,1,2]]",15,"[0,2,2]","[1,1,2]","[0,0,1]","[0,0,1]",5
1229,002/101/012,6,6402,"[[0,0,1],[0,0,1],[1,2,2]]",20,"[0,2,3]","[1,2,2]","[0,0,2]","[0,0,2]",4
1230,002/101/020,6,4662,"[[0,0,1],[0,0,2],[0,1,2]]",16,"[0,1,2]","[1,2,2]","[0,0,0]","[0,0,2]",5
1231,002/101/021,6,4240,"[[0,0,1],[0,0,2],[1,1,2]]",14,"[0,1,2]","[1,2,2]","[0,0,1]","[0,0,1]",4
1232,002/101/022,6,6159,"[[0,0,1],[0,0,2],[1,2,2]]",17,"[0,2,2]","[2,2,2]","[0,0,2]","[0,0,2]",5
1233,002/101/100,6,1017,"[[0,0,0],[0,1,1],[0,1,2]]",15,"[0,0,2]","[1,1,2]","[0,0,0]","[0,0,2]",5
1234,002/101/101,6,1324,"[[0,0,0],[0,1,1],[1,1,2]]",17,"[0,0,2]","[1,1,2]","[0,0,1]","[0,0,1]",5
1235,002/101/102,6,5970,"[[0,0,0],[0,1,1],[1,2,2]]",16,"[0,1,2]","[1,2,2]","[0,0,2]","[0,0,2]",4
1236,002/101/110,6,3204,"[[0,0,1],[0,1,1],[0,1,2]]",11,"[0,1,2]","[1,1,2]","[0,0,0]","[0,0,2]",4
1237,002/101/111,6,595,"[[0,0,1],[0,1,1],[1,1,2]]",10,"[0,1,2]","[1,1,2]","[0,0,1]","[0,0,1]",6
1238,002/101/112,6,6456,"[[0,0,1],[0,1,1],[1,2,2]]",14,"[0,2,2]","[1,2,2]","[0,0,2]","[0,0,2]",4
1239,002/101/120,6,5391,"[[0,0,2],[0,1,1],[0,1,2]]",13,"[0,0,2]","[1,2,2]","[0,0,0]","[0,0,2]",4
1240,002/101/121,6,2053,"[[0,0,2],[0,1,1],[1,1,2]]",16,"[0,0,2]","[1,2,2]","[0,0,1]","[0,0,1]",5
1241,002/101/200,6,1746,"[[0,0,0],[0,1,2],[0,1,2]]",13,"[0,0,2]","[1,1,3]","[0,0,0]","[0,0,2]",5
1242,002/101/201,6,5698,"[[0,0,0],[0,1,2],[1,1,2]]",15,"[0,0,2]","[1,1,3]","[0,0,1]","[0,0,1]",4
1243,002/101/210,6,3933,"[[0,0,1],[0,1,2],[0,1,2]]",12,"[0,1,2]","[1,1,3]","[0,0,0]","[0,0,2]",4
1244,002/101/211,6,4969,"[[0,0,1],[0,1,2],[1,1,2]]",13,"[0,1,2]","[1,1,3]","[0,0,1]","[0,0,1]",5
1245,002/101/220,6,6105,"[[0,0,2],[0,1,2],[0,1,2]]",13,"[0,0,2]","[1,2,3]","[0,0,0]","[0,0,2]",4
1246,002/101/221,6,6267,"[[0,0,2],[0,1,2],[1,1,2]]",15,"[0,0,2]","[1,2,3]","[0,0,1]","[0,0,1]",4
1247,002/102/000,6,531,"[[0,0,0],[0,0,1],[0,2,2]]",22,"[1,1,2]","[0,1,2]","[0,0,0]","[0,0,2]",6
1248,002/102/001,6,3529,"[[0,0,0],[0,0,1],[1,2,2]]",17,"[1,1,2]","[0,1,2]","[0,0,1]","[0,0,2]",4
1249,002/102/002,6,3729,"[[0,0,0],[0,0,1],[2,2,2]]",23,"[1,2,2]","[1,1,2]","[0,0,2]","[0,0,2]",4
1250,002/102/010,6,2718,"[[0,0,1],[0,0,1],[0,2,2]]",22,"[1,2,2]","[0,1,2]","[0,0,0]","[0,0,2]",5
1251,002/102/011,6,2800,"[[0,0,1],[0,0,1],[1,2,2]]",18,"[1,2,2]","[0,1,2]","[0,0,1]","[0,0,2]",5
1252,002/102/012,6,4215,"[[0,0,1],[0,0,1],[2,2,2]]",25,"[1,2,3]","[1,1,2]","[0,0,2]","[0,0,2]",4
1253,002/102/020,6,3891,"[[0,0,1],[0,0,2],[0,2,2]]",18,"[1,1,2]","[0,2,2]","[0,0,0]","[0,0,2]",5
1254,002/102/021,6,4053,"[[0,0,1],[0,0,2],[1,2,2]]",12,"[1,1,2]","[0,2,2]","[0,0,1]","[0,0,2]",4
1255,002/102/100,6,1260,"[[0,0,0],[0,1,1],[0,2,2]]",17,"[0,1,2]","[0,1,2]","[0,0,0]","[0,0,2]",5
1256,002/102/101,6,1342,"[[0,0,0],[0,1,1],[1,2,2]]",17,"[0,1,2]","[0,1,2]","[0,0,1]","[0,0,2]",5
1257,002/102/102,6,3783,"[[0,0,0],[0,1,1],[2,2,2]]",21,"[1,1,2]","[1,1,2]","[0,0,2]","[0,0,2]",4
1258,002/102/110,6,3447,"[[0,0,1],[0,1,1],[0,2,2]]",11,"[1,1,2]","[0,1,2]","[0,0,0]","[0,0,2]",4
1259,002/102/111,6,613,"[[0,0,1],[0,1,1],[1,2,2]]",10,"[1,1,2]","[0,1,2]","[0,0,1]","[0,0,2]",6
1260,002/102/112,6,4269,"[[0,0,1],[0,1,1],[2,2,2]]",17,"[1,2,2]","[1,1,2]","[0,0,2]","[0,0,2]",4
1261,002/102/120,6,3945,"[[0,0,2],[0,1,1],[0,2,2]]",12,"[0,1,2]","[0,2,2]","[0,0,0]","[0,0,2]",4
1262,002/102/121,6,2071,"[[0,0,2],[0,1,1],[1,2,2]]",12,"[0,1,2]","[0,2,2]","[0,0,1]","[0,0,2]",5
1263,002/102/200,6,1989,"[[0,0,0],[0,1,2],[0,2,2]]",14,"[0,1,2]","[0,1,3]","[0,0,0]","[0,0,2]",5
1264,002/102/201,6,3837,"[[0,0,0],[0,1,2],[1,2,2]]",13,"[0,1,2]","[0,1,3]","[0,0,1]","[0,0,2]",4
1265,002/102/210,6,4161,"[[0,0,1],[0,1,2],[0,2,2]]",12,"[1,1,2]","[0,1,3]","[0,0,0]","[0,0,2]",4
1266,002/102/211,6,4323,"[[0,0,1],[0,1,2],[1,2,2]]",12,"[1,1,2]","[0,1,3]","[0,0,1]","[0,0,2]",5
1267,002/102/220,6,3918,"[[0,0,2],[0,1,2],[0,2,2]]",15,"[0,1,2]","[0,2,3]","[0,0,0]","[0,0,2]",4
1268,002/102/221,6,4080,"[[0,0,2],[0,1,2],[1,2,2]]",14,"[0,1,2]","[0,2,3]","[0,0,1]","[0,0,2]",4
1269,002/112/000,6,612,"[[0,0,1],[0,0,1],[0,2,2]]",24,"[1,2,2]","[0,2,2]","[0,0,1]","[0,1,2]",7
1270,002/112/001,6,3528,"[[0,0,1],[0,0,1],[1,2,2]]",19,"[1,2,2]","[0,2,2]","[0,1,1]","[0,1,2]",5
1271,002/112/002,6,13734,"[[0,0,1],[0,0,1],[2,2,2]]",25,"[2,2,2]","[1,2,2]","[0,1,2]","[0,1,2]",5
1272,002/112/010,6,2799,"[[0,0,1],[0,1,1],[0,2,2]]",24,"[2,2,2]","[0,2,2]","[0,0,1]","[0,1,2]",6
1273,002/112/012,3,15921,"[[0,0,1],[0,1,1],[2,2,2]]",27,"[2,2,3]","[1,2,2]","[0,1,2]","[0,1,2]",5
1274,002/112/020,6,4986,"[[0,0,1],[0,1,2],[0,2,2]]",20,"[1,2,2]","[0,2,3]","[0,0,1]","[0,1,2]",6
1275,002/112/021,6,4257,"[[0,0,1],[0,1,2],[1,2,2]]",16,"[1,2,2]","[0,2,3]","[0,1,1]","[0,1,2]",5
1276,002/112/100,6,1341,"[[0,0,1],[0,1,1],[0,2,2]]",19,"[0,2,2]","[0,2,2]","[0,0,1]","[0,1,2]",6
1277,002/112/102,3,14463,"[[0,0,1],[0,1,1],[2,2,2]]",23,"[1,2,2]","[1,2,2]","[0,1,2]","[0,1,2]",5
1278,002/112/120,6,5715,"[[0,1,1],[0,1,2],[0,2,2]]",16,"[0,2,2]","[0,2,3]","[0,0,1]","[0,1,2]",5
1279,002/112/121,6,2070,"[[0,1,1],[0,1,2],[1,2,2]]",17,"[0,2,2]","[0,2,3]","[0,1,1]","[0,1,2]",6
1280,002/112/220,6,6444,"[[0,1,2],[0,1,2],[0,2,2]]",17,"[0,2,2]","[0,3,3]","[0,0,1]","[0,1,2]",5
1281,002/120/000,6,207,"[[0,0,1],[0,0,2],[0,0,2]]",17,"[0,1,2]","[0,1,2]","[0,0,2]","[0,0,2]",6
1282,002/120/001,6,3521,"[[0,0,1],[0,0,2],[0,1,2]]",10,"[0,1,2]","[0,1,2]","[0,1,2]","[0,0,0]",4
1283,002/120/002,6,5439,"[[0,0,1],[0,0,2],[0,2,2]]",15,"[0,2,2]","[1,1,2]","[0,2,2]","[0,0,2]",4
1284,002/120/010,6,2394,"[[0,0,1],[0,0,2],[0,1,2]]",15,"[0,2,2]","[0,1,2]","[0,0,2]","[0,1,2]",5
1285,002/120/011,6,2792,"[[0,0,1],[0,1,2],[0,1,2]]",10,"[0,2,2]","[0,1,2]","[0,1,2]","[0,0,1]",5
1286,002/120/012,6,5448,"[[0,0,1],[0,1,2],[0,2,2]]",18,"[0,2,3]","[1,1,2]","[0,2,2]","[0,1,2]",4
1287,002/120/020,6,4581,"[[0,0,1],[0,0,2],[0,2,2]]",14,"[0,1,2]","[0,2,2]","[0,0,2]","[0,2,2]",5
1288,002/120/021,6,4250,"[[0,0,1],[0,1,2],[0,2,2]]",9,"[0,1,2]","[0,2,2]","[0,1,2]","[0,0,2]",4
1289,002/120/022,6,5430,"[[0,0,1],[0,2,2],[0,2,2]]",14,"[0,2,2]","[1,2,2]","[0,2,2]","[0,2,2]",5
1290,002/120/100,6,936,"[[0,0,2],[0,0,2],[0,1,1]]",11,"[0,0,2]","[0,1,2]","[0,0,2]","[0,0,2]",5
1291,002/120/101,6,1334,"[[0,0,2],[0,1,1],[0,1,2]]",8,"[0,0,2]","[0,1,2]","[0,1,2]","[0,0,0]",5
1292,002/120/102,6,5442,"[[0,0,2],[0,1,1],[0,2,2]]",12,"[0,1,2]","[1,1,2]","[0,2,2]","[0,0,2]",4
1293,002/120/110,6,3123,"[[0,0,2],[0,1,1],[0,1,2]]",9,"[0,1,2]","[0,1,2]","[0,0,2]","[0,1,2]",4
1294,002/120/111,6,605,"[[0,1,1],[0,1,2],[0,1,2]]",6,"[0,1,2]","[0,1,2]","[0,1,2]","[0,0,1]",6
1295,002/120/112,6,5451,"[[0,1,1],[0,1,2],[0,2,2]]",12,"[0,2,2]","[1,1,2]","[0,2,2]","[0,1,2]",4
1296,002/120/120,6,5310,"[[0,0,2],[0,1,1],[0,2,2]]",11,"[0,0,2]","[0,2,2]","[0,0,2]","[0,2,2]",4
1297,002/120/121,6,2063,"[[0,1,1],[0,1,2],[0,2,2]]",10,"[0,0,2]","[0,2,2]","[0,1,2]","[0,0,2]",5
1298,002/120/200,6,1665,"[[0,0,2],[0,0,2],[0,1,2]]",10,"[0,0,2]","[0,1,3]","[0,0,2]","[0,0,2]",5
1299,002/120/201,6,5438,"[[0,0,2],[0,1,2],[0,1,2]]",7,"[0,0,2]","[0,1,3]","[0,1,2]","[0,0,0]",4
1300,002/120/210,6,3852,"[[0,0,2],[0,1,2],[0,1,2]]",9,"[0,1,2]","[0,1,3]","[0,0,2]","[0,1,2]",4
1301,002/120/211,6,4979,"[[0,1,2],[0,1,2],[0,1,2]]",9,"[0,1,2]","[0,1,3]","[0,1,2]","[0,0,1]",5
1302,002/120/220,6,5428,"[[0,0,2],[0,1,2],[0,2,2]]",12,"[0,0,2]","[0,2,3]","[0,0,2]","[0,2,2]",4
1303,002/120/221,6,5429,"[[0,1,2],[0,1,2],[0,2,2]]",11,"[0,0,2]","[0,2,3]","[0,1,2]","[0,0,2]",4
1304,002/121/000,6,450,"[[0,0,1],[0,0,2],[0,1,2]]",18,"[0,1,2]","[1,1,2]","[0,0,2]","[0,0,2]",6
1305,002/121/001,6,3512,"[[0,0,1],[0,0,2],[1,1,2]]",14,"[0,1,2]","[1,1,2]","[0,1,2]","[0,0,1]",4
1306,002/121/002,6,6168,"[[0,0,1],[0,0,2],[1,2,2]]",16,"[0,2,2]","[1,2,2]","[0,2,2]","[0,0,2]",4
1307,002/121/010,6,2637,"[[0,0,1],[0,1,2],[0,1,2]]",15,"[0,2,2]","[1,1,2]","[0,0,2]","[0,1,2]",5
1308,002/121/011,6,2783,"[[0,0,1],[0,1,2],[1,1,2]]",12,"[0,2,2]","[1,1,2]","[0,1,2]","[0,1,1]",5
1309,002/121/012,6,6177,"[[0,0,1],[0,1,2],[1,2,2]]",17,"[0,2,3]","[1,2,2]","[0,2,2]","[0,1,2]",4
1310,002/121/020,6,4824,"[[0,0,1],[0,1,2],[0,2,2]]",15,"[0,1,2]","[1,2,2]","[0,0,2]","[0,2,2]",5
1311,002/121/021,6,4241,"[[0,0,1],[0,2,2],[1,1,2]]",16,"[0,1,2]","[1,2,2]","[0,1,2]","[0,1,2]",4
1312,002/121/100,6,1179,"[[0,0,2],[0,1,1],[0,1,2]]",13,"[0,0,2]","[1,1,2]","[0,0,2]","[0,0,2]",5
1313,002/121/101,6,1325,"[[0,0,2],[0,1,1],[1,1,2]]",13,"[0,0,2]","[1,1,2]","[0,1,2]","[0,0,1]",5
1314,002/121/102,6,6171,"[[0,0,2],[0,1,1],[1,2,2]]",13,"[0,1,2]","[1,2,2]","[0,2,2]","[0,0,2]",4
1315,002/121/110,6,3366,"[[0,1,1],[0,1,2],[0,1,2]]",8,"[0,1,2]","[1,1,2]","[0,0,2]","[0,1,2]",4
1316,002/121/111,6,596,"[[0,1,1],[0,1,2],[1,1,2]]",8,"[0,1,2]","[1,1,2]","[0,1,2]","[0,1,1]",6
1317,002/121/112,6,6180,"[[0,1,1],[0,1,2],[1,2,2]]",12,"[0,2,2]","[1,2,2]","[0,2,2]","[0,1,2]",4
1318,002/121/120,6,5553,"[[0,1,1],[0,1,2],[0,2,2]]",13,"[0,0,2]","[1,2,2]","[0,0,2]","[0,2,2]",4
1319,002/121/121,6,2054,"[[0,1,1],[0,2,2],[1,1,2]]",18,"[0,0,2]","[1,2,2]","[0,1,2]","[0,1,2]",5
1320,002/121/200,6,1908,"[[0,0,2],[0,1,2],[0,1,2]]",11,"[0,0,2]","[1,1,3]","[0,0,2]","[0,0,2]",5
1321,002/121/201,6,5699,"[[0,0,2],[0,1,2],[1,1,2]]",12,"[0,0,2]","[1,1,3]","[0,1,2]","[0,0,1]",4
1322,002/121/210,6,4095,"[[0,1,2],[0,1,2],[0,1,2]]",9,"[0,1,2]","[1,1,3]","[0,0,2]","[0,1,2]",4
1323,002/121/211,6,4970,"[[0,1,2],[0,1,2],[1,1,2]]",11,"[0,1,2]","[1,1,3]","[0,1,2]","[0,1,1]",5
1324,002/121/220,6,6157,"[[0,1,2],[0,1,2],[0,2,2]]",13,"[0,0,2]","[1,2,3]","[0,0,2]","[0,2,2]",4
1325,002/121/221,6,6158,"[[0,1,2],[0,2,2],[1,1,2]]",17,"[0,0,2]","[1,2,3]","[0,1,2]","[0,1,2]",4
1326,002/122/000,6,693,"[[0,0,1],[0,0,2],[0,2,2]]",18,"[1,1,2]","[0,1,2]","[0,0,2]","[0,0,2]",7
1327,002/122/001,6,3530,"[[0,0,1],[0,0,2],[1,2,2]]",12,"[1,1,2]","[0,1,2]","[0,1,2]","[0,0,2]",5
1328,002/122/002,6,4710,"[[0,0,1],[0,0,2],[2,2,2]]",20,"[1,2,2]","[1,1,2]","[0,2,2]","[0,0,2]",5
1329,002/122/010,6,2880,"[[0,0,1],[0,1,2],[0,2,2]]",16,"[1,2,2]","[0,1,2]","[0,0,2]","[0,1,2]",6
1330,002/122/011,6,2801,"[[0,0,1],[0,1,2],[1,2,2]]",12,"[1,2,2]","[0,1,2]","[0,1,2]","[0,1,2]",6
1331,002/122/012,6,4719,"[[0,0,1],[0,1,2],[2,2,2]]",23,"[1,2,3]","[1,1,2]","[0,2,2]","[0,1,2]",5
1332,002/122/020,6,4702,"[[0,0,1],[0,2,2],[0,2,2]]",15,"[1,1,2]","[0,2,2]","[0,0,2]","[0,2,2]",6
1333,002/122/021,6,4259,"[[0,0,1],[0,2,2],[1,2,2]]",11,"[1,1,2]","[0,2,2]","[0,1,2]","[0,2,2]",5
1334,002/122/100,6,1422,"[[0,0,2],[0,1,1],[0,2,2]]",12,"[0,1,2]","[0,1,2]","[0,0,2]","[0,0,2]",6
1335,002/122/101,6,1343,"[[0,0,2],[0,1,1],[1,2,2]]",10,"[0,1,2]","[0,1,2]","[0,1,2]","[0,0,2]",6
1336,002/122/102,6,4713,"[[0,0,2],[0,1,1],[2,2,2]]",17,"[1,1,2]","[1,1,2]","[0,2,2]","[0,0,2]",5
1337,002/122/110,6,3609,"[[0,1,1],[0,1,2],[0,2,2]]",7,"[1,1,2]","[0,1,2]","[0,0,2]","[0,1,2]",5
1338,002/122/111,6,614,"[[0,1,1],[0,1,2],[1,2,2]]",6,"[1,1,2]","[0,1,2]","[0,1,2]","[0,1,2]",7
1339,002/122/112,6,4722,"[[0,1,1],[0,1,2],[2,2,2]]",17,"[1,2,2]","[1,1,2]","[0,2,2]","[0,1,2]",5
1340,002/122/120,6,4705,"[[0,1,1],[0,2,2],[0,2,2]]",11,"[0,1,2]","[0,2,2]","[0,0,2]","[0,2,2]",5
1341,002/122/121,6,2072,"[[0,1,1],[0,2,2],[1,2,2]]",12,"[0,1,2]","[0,2,2]","[0,1,2]","[0,2,2]",6
1342,002/122/200,6,2151,"[[0,0,2],[0,1,2],[0,2,2]]",11,"[0,1,2]","[0,1,3]","[0,0,2]","[0,0,2]",6
1343,002/122/201,6,4709,"[[0,0,2],[0,1,2],[1,2,2]]",9,"[0,1,2]","[0,1,3]","[0,1,2]","[0,0,2]",5
1344,002/122/210,6,4338,"[[0,1,2],[0,1,2],[0,2,2]]",8,"[1,1,2]","[0,1,3]","[0,0,2]","[0,1,2]",5
1345,002/122/211,6,4718,"[[0,1,2],[0,1,2],[1,2,2]]",8,"[1,1,2]","[0,1,3]","[0,1,2]","[0,1,2]",6
1346,002/122/220,6,4699,"[[0,1,2],[0,2,2],[0,2,2]]",12,"[0,1,2]","[0,2,3]","[0,0,2]","[0,2,2]",5
1347,002/122/221,6,4700,"[[0,1,2],[0,2,2],[1,2,2]]",12,"[0,1,2]","[0,2,3]","[0,1,2]","[0,2,2]",5
1348,002/200/000,6,72,"[[0,0,0],[0,0,2],[0,0,2]]",18,"[0,1,2]","[0,1,1]","[0,0,0]","[0,0,2]",7
1349,002/200/001,6,894,"[[0,0,0],[0,0,2],[0,1,2]]",14,"[0,1,2]","[0,1,1]","[0,0,1]","[0,0,0]",5
1350,002/200/002,6,813,"[[0,0,0],[0,0,2],[0,2,2]]",18,"[0,2,2]","[1,1,1]","[0,0,2]","[0,0,2]",5
1351,002/200/010,6,1218,"[[0,0,1],[0,0,2],[0,0,2]]",16,"[0,2,2]","[0,1,1]","[0,0,0]","[0,0,2]",6
1352,002/200/011,6,1380,"[[0,0,1],[0,0,2],[0,1,2]]",14,"[0,2,2]","[0,1,1]","[0,0,1]","[0,0,0]",6
1353,002/200/012,6,1299,"[[0,0,1],[0,0,2],[0,2,2]]",21,"[0,2,3]","[1,1,1]","[0,0,2]","[0,0,2]",5
1354,002/200/020,6,975,"[[0,0,2],[0,0,2],[0,0,2]]",16,"[0,1,2]","[0,1,2]","[0,0,0]","[0,0,2]",6
1355,002/200/021,6,1137,"[[0,0,2],[0,0,2],[0,1,2]]",10,"[0,1,2]","[0,1,2]","[0,0,1]","[0,0,0]",5
1356,002/200/022,6,1056,"[[0,0,2],[0,0,2],[0,2,2]]",16,"[0,2,2]","[1,1,2]","[0,0,2]","[0,0,2]",6
1357,002/200/100,6,786,"[[0,0,0],[0,0,2],[0,1,2]]",7,"[0,0,2]","[0,1,1]","[0,0,0]","[0,0,2]",6
1358,002/200/101,6,948,"[[0,0,0],[0,1,2],[0,1,2]]",7,"[0,0,2]","[0,1,1]","[0,0,1]","[0,0,0]",6
1359,002/200/102,6,867,"[[0,0,0],[0,1,2],[0,2,2]]",10,"[0,1,2]","[1,1,1]","[0,0,2]","[0,0,2]",5
1360,002/200/110,6,1272,"[[0,0,1],[0,0,2],[0,1,2]]",7,"[0,1,2]","[0,1,1]","[0,0,0]","[0,0,2]",5
1361,002/200/111,6,610,"[[0,0,1],[0,1,2],[0,1,2]]",6,"[0,1,2]","[0,1,1]","[0,0,1]","[0,0,0]",7
1362,002/200/112,6,1353,"[[0,0,1],[0,1,2],[0,2,2]]",11,"[0,2,2]","[1,1,1]","[0,0,2]","[0,0,2]",5
1363,002/200/120,6,1029,"[[0,0,2],[0,0,2],[0,1,2]]",7,"[0,0,2]","[0,1,2]","[0,0,0]","[0,0,2]",5
1364,002/200/121,6,1191,"[[0,0,2],[0,1,2],[0,1,2]]",7,"[0,0,2]","[0,1,2]","[0,0,1]","[0,0,0]",6
1365,002/200/200,6,759,"[[0,0,0],[0,0,2],[0,2,2]]",8,"[0,0,2]","[0,1,2]","[0,0,0]","[0,0,2]",6
1366,002/200/201,6,921,"[[0,0,0],[0,1,2],[0,2,2]]",10,"[0,0,2]","[0,1,2]","[0,0,1]","[0,0,0]",5
1367,002/200/210,6,1245,"[[0,0,1],[0,0,2],[0,2,2]]",10,"[0,1,2]","[0,1,2]","[0,0,0]","[0,0,2]",5
1368,002/200/211,6,1407,"[[0,0,1],[0,1,2],[0,2,2]]",9,"[0,1,2]","[0,1,2]","[0,0,1]","[0,0,0]",6
1369,002/200/220,6,1002,"[[0,0,2],[0,0,2],[0,2,2]]",11,"[0,0,2]","[0,2,2]","[0,0,0]","[0,0,2]",5
1370,002/200/221,6,1164,"[[0,0,2],[0,1,2],[0,2,2]]",11,"[0,0,2]","[0,2,2]","[0,0,1]","[0,0,0]",5
1371,002/201/000,6,315,"[[0,0,0],[0,0,2],[0,1,2]]",18,"[0,1,2]","[1,1,1]","[0,0,0]","[0,0,2]",6
1372,002/201/001,6,3517,"[[0,0,0],[0,0,2],[1,1,2]]",14,"[0,1,2]","[1,1,1]","[0,0,1]","[0,0,1]",4
1373,002/201/002,6,5187,"[[0,0,0],[0,0,2],[1,2,2]]",17,"[0,2,2]","[1,1,2]","[0,0,2]","[0,0,2]",4
1374,002/201/010,6,2502,"[[0,0,1],[0,0,2],[0,1,2]]",15,"[0,2,2]","[1,1,1]","[0,0,0]","[0,0,2]",5
1375,002/201/011,6,2788,"[[0,0,1],[0,0,2],[1,1,2]]",12,"[0,2,2]","[1,1,1]","[0,0,1]","[0,0,1]",5
1376,002/201/012,6,5673,"[[0,0,1],[0,0,2],[1,2,2]]",19,"[0,2,3]","[1,1,2]","[0,0,2]","[0,0,2]",4
1377,002/201/020,6,4689,"[[0,0,2],[0,0,2],[0,1,2]]",13,"[0,1,2]","[1,1,2]","[0,0,0]","[0,0,2]",5
1378,002/201/021,6,4246,"[[0,0,2],[0,0,2],[1,1,2]]",10,"[0,1,2]","[1,1,2]","[0,0,1]","[0,0,1]",4
1379,002/201/100,6,1044,"[[0,0,0],[0,1,2],[0,1,2]]",10,"[0,0,2]","[1,1,1]","[0,0,0]","[0,0,2]",5
1380,002/201/101,6,1330,"[[0,0,0],[0,1,2],[1,1,2]]",10,"[0,0,2]","[1,1,1]","[0,0,1]","[0,0,1]",5
1381,002/201/102,6,5241,"[[0,0,0],[0,1,2],[1,2,2]]",11,"[0,1,2]","[1,1,2]","[0,0,2]","[0,0,2]",4
1382,002/201/110,6,3231,"[[0,0,1],[0,1,2],[0,1,2]]",8,"[0,1,2]","[1,1,1]","[0,0,0]","[0,0,2]",4
1383,002/201/111,6,601,"[[0,0,1],[0,1,2],[1,1,2]]",7,"[0,1,2]","[1,1,1]","[0,0,1]","[0,0,1]",6
1384,002/201/112,6,5727,"[[0,0,1],[0,1,2],[1,2,2]]",12,"[0,2,2]","[1,1,2]","[0,0,2]","[0,0,2]",4
1385,002/201/120,6,5403,"[[0,0,2],[0,1,2],[0,1,2]]",7,"[0,0,2]","[1,1,2]","[0,0,0]","[0,0,2]",4
1386,002/201/121,6,2059,"[[0,0,2],[0,1,2],[1,1,2]]",10,"[0,0,2]","[1,1,2]","[0,0,1]","[0,0,1]",5
1387,002/201/200,6,1773,"[[0,0,0],[0,1,2],[0,2,2]]",12,"[0,0,2]","[1,1,2]","[0,0,0]","[0,0,2]",5
1388,002/201/201,6,5295,"[[0,0,0],[0,2,2],[1,1,2]]",15,"[0,0,2]","[1,1,2]","[0,0,1]","[0,0,1]",4
1389,002/201/210,6,3960,"[[0,0,1],[0,1,2],[0,2,2]]",10,"[0,1,2]","[1,1,2]","[0,0,0]","[0,0,2]",4
1390,002/201/211,6,4975,"[[0,0,1],[0,2,2],[1,1,2]]",13,"[0,1,2]","[1,1,2]","[0,0,1]","[0,0,1]",5
1391,002/201/220,6,5376,"[[0,0,2],[0,1,2],[0,2,2]]",12,"[0,0,2]","[1,2,2]","[0,0,0]","[0,0,2]",4
1392,002/201/221,6,5538,"[[0,0,2],[0,2,2],[1,1,2]]",14,"[0,0,2]","[1,2,2]","[0,0,1]","[0,0,1]",4
1393,002/202/000,6,558,"[[0,0,0],[0,0,2],[0,2,2]]",19,"[1,1,2]","[0,1,1]","[0,0,0]","[0,0,2]",6
1394,002/202/001,6,3081,"[[0,0,0],[0,0,2],[1,2,2]]",13,"[1,1,2]","[0,1,1]","[0,0,1]","[0,0,2]",4
1395,002/202/002,6,3000,"[[0,0,0],[0,0,2],[2,2,2]]",22,"[1,2,2]","[1,1,1]","[0,0,2]","[0,0,2]",4
1396,002/202/010,6,2745,"[[0,0,1],[0,0,2],[0,2,2]]",17,"[1,2,2]","[0,1,1]","[0,0,0]","[0,0,2]",5
1397,002/202/011,6,2806,"[[0,0,1],[0,0,2],[1,2,2]]",13,"[1,2,2]","[0,1,1]","[0,0,1]","[0,0,2]",5
1398,002/202/012,6,3486,"[[0,0,1],[0,0,2],[2,2,2]]",24,"[1,2,3]","[1,1,1]","[0,0,2]","[0,0,2]",4
1399,002/202/020,6,3162,"[[0,0,2],[0,0,2],[0,2,2]]",16,"[1,1,2]","[0,1,2]","[0,0,0]","[0,0,2]",5
1400,002/202/021,6,3324,"[[0,0,2],[0,0,2],[1,2,2]]",9,"[1,1,2]","[0,1,2]","[0,0,1]","[0,0,2]",4
1401,002/202/100,6,1287,"[[0,0,0],[0,1,2],[0,2,2]]",12,"[0,1,2]","[0,1,1]","[0,0,0]","[0,0,2]",5
1402,002/202/101,6,1348,"[[0,0,0],[0,1,2],[1,2,2]]",9,"[0,1,2]","[0,1,1]","[0,0,1]","[0,0,2]",5
1403,002/202/102,6,3054,"[[0,0,0],[0,1,2],[2,2,2]]",16,"[1,1,2]","[1,1,1]","[0,0,2]","[0,0,2]",4
1404,002/202/110,6,3459,"[[0,0,1],[0,1,2],[0,2,2]]",10,"[1,1,2]","[0,1,1]","[0,0,0]","[0,0,2]",4
1405,002/202/111,6,619,"[[0,0,1],[0,1,2],[1,2,2]]",7,"[1,1,2]","[0,1,1]","[0,0,1]","[0,0,2]",6
1406,002/202/112,6,3540,"[[0,0,1],[0,1,2],[2,2,2]]",16,"[1,2,2]","[1,1,1]","[0,0,2]","[0,0,2]",4
1407,002/202/120,6,3216,"[[0,0,2],[0,1,2],[0,2,2]]",9,"[0,1,2]","[0,1,2]","[0,0,0]","[0,0,2]",4
1408,002/202/121,6,2077,"[[0,0,2],[0,1,2],[1,2,2]]",8,"[0,1,2]","[0,1,2]","[0,0,1]","[0,0,2]",5
1409,002/202/200,6,2016,"[[0,0,0],[0,2,2],[0,2,2]]",13,"[0,1,2]","[0,1,2]","[0,0,0]","[0,0,2]",5
1410,002/202/201,6,3108,"[[0,0,0],[0,2,2],[1,2,2]]",13,"[0,1,2]","[0,1,2]","[0,0,1]","[0,0,2]",4
1411,002/202/210,6,3432,"[[0,0,1],[0,2,2],[0,2,2]]",10,"[1,1,2]","[0,1,2]","[0,0,0]","[0,0,2]",4
1412,002/202/211,6,3594,"[[0,0,1],[0,2,2],[1,2,2]]",10,"[1,1,2]","[0,1,2]","[0,0,1]","[0,0,2]",5
1413,002/202/220,6,3189,"[[0,0,2],[0,2,2],[0,2,2]]",13,"[0,1,2]","[0,2,2]","[0,0,0]","[0,0,2]",4
1414,002/202/221,6,3351,"[[0,0,2],[0,2,2],[1,2,2]]",12,"[0,1,2]","[0,2,2]","[0,0,1]","[0,0,2]",4
1415,002/210/000,6,153,"[[0,0,1],[0,0,2],[0,0,2]]",21,"[1,1,2]","[0,1,2]","[0,0,1]","[0,1,2]",6
1416,002/210/001,6,3525,"[[0,0,1],[0,0,2],[0,1,2]]",15,"[1,1,2]","[0,1,2]","[0,1,1]","[0,0,1]",4
1417,002/210/002,6,13275,"[[0,0,1],[0,0,2],[0,2,2]]",21,"[1,2,2]","[1,1,2]","[0,1,2]","[0,1,2]",4
1418,002/210/010,6,2340,"[[0,0,2],[0,0,2],[0,1,1]]",18,"[1,2,2]","[0,1,2]","[0,0,1]","[0,1,2]",5
1419,002/210/011,6,2796,"[[0,0,2],[0,1,1],[0,1,2]]",16,"[1,2,2]","[0,1,2]","[0,1,1]","[0,0,1]",5
1420,002/210/012,6,14196,"[[0,0,2],[0,1,1],[0,2,2]]",23,"[1,2,3]","[1,1,2]","[0,1,2]","[0,1,2]",4
1421,002/210/020,6,4527,"[[0,0,2],[0,0,2],[0,1,2]]",19,"[1,1,2]","[0,1,3]","[0,0,1]","[0,1,2]",5
1422,002/210/021,6,4254,"[[0,0,2],[0,1,2],[0,1,2]]",13,"[1,1,2]","[0,1,3]","[0,1,1]","[0,0,1]",4
1423,002/210/022,3,14178,"[[0,0,2],[0,1,2],[0,2,2]]",21,"[1,2,2]","[1,1,3]","[0,1,2]","[0,1,2]",5
1424,002/210/100,6,882,"[[0,0,1],[0,0,2],[0,1,2]]",12,"[0,1,2]","[0,1,2]","[0,0,1]","[0,1,2]",5
1425,002/210/101,6,1338,"[[0,0,1],[0,1,2],[0,1,2]]",10,"[0,1,2]","[0,1,2]","[0,1,1]","[0,0,1]",5
1426,002/210/102,6,13989,"[[0,0,1],[0,1,2],[0,2,2]]",15,"[1,1,2]","[1,1,2]","[0,1,2]","[0,1,2]",4
1427,002/210/110,6,3069,"[[0,0,2],[0,1,1],[0,1,2]]",11,"[1,1,2]","[0,1,2]","[0,0,1]","[0,1,2]",4
1428,002/210/111,6,609,"[[0,1,1],[0,1,2],[0,1,2]]",16,"[1,1,2]","[0,1,2]","[0,1,1]","[0,0,1]",6
1429,002/210/112,6,13731,"[[0,1,1],[0,1,2],[0,2,2]]",16,"[1,2,2]","[1,1,2]","[0,1,2]","[0,1,2]",4
1430,002/210/120,6,5256,"[[0,0,2],[0,1,2],[0,1,2]]",12,"[0,1,2]","[0,1,3]","[0,0,1]","[0,1,2]",4
1431,002/210/121,6,2067,"[[0,1,2],[0,1,2],[0,1,2]]",11,"[0,1,2]","[0,1,3]","[0,1,1]","[0,0,1]",5
1432,002/210/200,6,1611,"[[0,0,1],[0,0,2],[0,2,2]]",11,"[0,1,2]","[0,2,2]","[0,0,1]","[0,1,2]",5
1433,002/210/201,6,5712,"[[0,0,1],[0,1,2],[0,2,2]]",11,"[0,1,2]","[0,2,2]","[0,1,1]","[0,0,1]",4
1434,002/210/210,6,3798,"[[0,0,2],[0,1,1],[0,2,2]]",12,"[1,1,2]","[0,2,2]","[0,0,1]","[0,1,2]",4
1435,002/210/211,6,4983,"[[0,1,1],[0,1,2],[0,2,2]]",12,"[1,1,2]","[0,2,2]","[0,1,1]","[0,0,1]",5
1436,002/210/220,6,5985,"[[0,0,2],[0,1,2],[0,2,2]]",14,"[0,1,2]","[0,2,3]","[0,0,1]","[0,1,2]",4
1437,002/210/221,6,6441,"[[0,1,2],[0,1,2],[0,2,2]]",13,"[0,1,2]","[0,2,3]","[0,1,1]","[0,0,1]",4
1438,002/212/000,6,639,"[[0,0,1],[0,0,2],[0,2,2]]",20,"[1,2,2]","[0,1,2]","[0,0,1]","[0,1,2]",6
1439,002/212/001,6,3534,"[[0,0,1],[0,0,2],[1,2,2]]",14,"[1,2,2]","[0,1,2]","[0,1,1]","[0,1,2]",4
1440,002/212/002,6,13458,"[[0,0,1],[0,0,2],[2,2,2]]",23,"[2,2,2]","[1,1,2]","[0,1,2]","[0,1,2]",4
1441,002/212/010,6,2826,"[[0,0,2],[0,1,1],[0,2,2]]",18,"[2,2,2]","[0,1,2]","[0,0,1]","[0,1,2]",5
1442,002/212/011,6,2805,"[[0,0,2],[0,1,1],[1,2,2]]",18,"[2,2,2]","[0,1,2]","[0,1,1]","[0,1,2]",5
1443,002/212/012,6,13467,"[[0,0,2],[0,1,1],[2,2,2]]",25,"[2,2,3]","[1,1,2]","[0,1,2]","[0,1,2]",4
1444,002/212/020,6,5013,"[[0,0,2],[0,1,2],[0,2,2]]",18,"[1,2,2]","[0,1,3]","[0,0,1]","[0,1,2]",5
1445,002/212/021,6,4263,"[[0,0,2],[0,1,2],[1,2,2]]",13,"[1,2,2]","[0,1,3]","[0,1,1]","[0,1,2]",4
1446,002/212/100,6,1368,"[[0,0,1],[0,1,2],[0,2,2]]",14,"[0,2,2]","[0,1,2]","[0,0,1]","[0,1,2]",5
1447,002/212/101,6,1347,"[[0,0,1],[0,1,2],[1,2,2]]",13,"[0,2,2]","[0,1,2]","[0,1,1]","[0,1,2]",5
1448,002/212/102,6,13461,"[[0,0,1],[0,1,2],[2,2,2]]",19,"[1,2,2]","[1,1,2]","[0,1,2]","[0,1,2]",4
1449,002/212/110,6,3555,"[[0,1,1],[0,1,2],[0,2,2]]",13,"[1,2,2]","[0,1,2]","[0,0,1]","[0,1,2]",4
1450,002/212/111,6,618,"[[0,1,1],[0,1,2],[1,2,2]]",20,"[1,2,2]","[0,1,2]","[0,1,1]","[0,1,2]",6
1451,002/212/112,6,13470,"[[0,1,1],[0,1,2],[2,2,2]]",21,"[2,2,2]","[1,1,2]","[0,1,2]","[0,1,2]",4
1452,002/212/120,6,5742,"[[0,1,2],[0,1,2],[0,2,2]]",12,"[0,2,2]","[0,1,3]","[0,0,1]","[0,1,2]",4
1453,002/212/121,6,2076,"[[0,1,2],[0,1,2],[1,2,2]]",14,"[0,2,2]","[0,1,3]","[0,1,1]","[0,1,2]",5
1454,002/212/200,6,2097,"[[0,0,1],[0,2,2],[0,2,2]]",13,"[0,2,2]","[0,2,2]","[0,0,1]","[0,1,2]",5
1455,002/212/201,6,5721,"[[0,0,1],[0,2,2],[1,2,2]]",13,"[0,2,2]","[0,2,2]","[0,1,1]","[0,1,2]",4
1456,002/212/210,6,4284,"[[0,1,1],[0,2,2],[0,2,2]]",12,"[1,2,2]","[0,2,2]","[0,0,1]","[0,1,2]",4
1457,002/212/211,6,4992,"[[0,1,1],[0,2,2],[1,2,2]]",16,"[1,2,2]","[0,2,2]","[0,1,1]","[0,1,2]",5
1458,002/212/220,6,6471,"[[0,1,2],[0,2,2],[0,2,2]]",14,"[0,2,2]","[0,2,3]","[0,0,1]","[0,1,2]",4
1459,002/212/221,6,6450,"[[0,1,2],[0,2,2],[1,2,2]]",14,"[0,2,2]","[0,2,3]","[0,1,1]","[0,1,2]",4
1460,002/220/000,6,234,"[[0,0,2],[0,0,2],[0,0,2]]",20,"[0,1,2]","[0,1,1]","[0,0,2]","[0,0,2]",7
1461,002/220/001,6,1067,"[[0,0,2],[0,0,2],[0,1,2]]",11,"[0,1,2]","[0,1,1]","[0,1,2]","[0,0,0]",5
1462,002/220/002,6,1065,"[[0,0,2],[0,0,2],[0,2,2]]",18,"[0,2,2]","[1,1,1]","[0,2,2]","[0,0,2]",5
1463,002/220/010,6,1075,"[[0,0,2],[0,0,2],[0,1,2]]",16,"[0,2,2]","[0,1,1]","[0,0,2]","[0,1,2]",6
1464,002/220/011,6,1076,"[[0,0,2],[0,1,2],[0,1,2]]",10,"[0,2,2]","[0,1,1]","[0,1,2]","[0,0,1]",6
1465,002/220/012,6,1074,"[[0,0,2],[0,1,2],[0,2,2]]",21,"[0,2,3]","[1,1,1]","[0,2,2]","[0,1,2]",5
1466,002/220/020,6,1057,"[[0,0,2],[0,0,2],[0,2,2]]",16,"[0,1,2]","[0,1,2]","[0,0,2]","[0,2,2]",6
1467,002/220/021,6,1058,"[[0,0,2],[0,1,2],[0,2,2]]",9,"[0,1,2]","[0,1,2]","[0,1,2]","[0,0,2]",5
1468,002/220/100,6,963,"[[0,0,2],[0,0,2],[0,1,2]]",11,"[0,0,2]","[0,1,1]","[0,0,2]","[0,0,2]",6
1469,002/220/101,6,1070,"[[0,0,2],[0,1,2],[0,1,2]]",5,"[0,0,2]","[0,1,1]","[0,1,2]","[0,0,0]",6
1470,002/220/102,6,1068,"[[0,0,2],[0,1,2],[0,2,2]]",12,"[0,1,2]","[1,1,1]","[0,2,2]","[0,0,2]",5
1471,002/220/110,6,1078,"[[0,0,2],[0,1,2],[0,1,2]]",8,"[0,1,2]","[0,1,1]","[0,0,2]","[0,1,2]",5
1472,002/220/111,6,611,"[[0,1,2],[0,1,2],[0,1,2]]",5,"[0,1,2]","[0,1,1]","[0,1,2]","[0,0,1]",7
1473,002/220/112,6,1077,"[[0,1,2],[0,1,2],[0,2,2]]",14,"[0,2,2]","[1,1,1]","[0,2,2]","[0,1,2]",5
1474,002/220/120,6,1060,"[[0,0,2],[0,1,2],[0,2,2]]",9,"[0,0,2]","[0,1,2]","[0,0,2]","[0,2,2]",5
1475,002/220/121,6,1061,"[[0,1,2],[0,1,2],[0,2,2]]",7,"[0,0,2]","[0,1,2]","[0,1,2]","[0,0,2]",6
1476,002/220/200,6,1063,"[[0,0,2],[0,0,2],[0,2,2]]",11,"[0,0,2]","[0,1,2]","[0,0,2]","[0,0,2]",6
1477,002/220/201,6,1064,"[[0,0,2],[0,1,2],[0,2,2]]",8,"[0,0,2]","[0,1,2]","[0,1,2]","[0,0,0]",5
1478,002/220/210,6,1072,"[[0,0,2],[0,1,2],[0,2,2]]",11,"[0,1,2]","[0,1,2]","[0,0,2]","[0,1,2]",5
1479,002/220/211,6,1073,"[[0,1,2],[0,1,2],[0,2,2]]",8,"[0,1,2]","[0,1,2]","[0,1,2]","[0,0,1]",6
1480,002/220/220,6,1054,"[[0,0,2],[0,2,2],[0,2,2]]",12,"[0,0,2]","[0,2,2]","[0,0,2]","[0,2,2]",5
1481,002/220/221,6,1055,"[[0,1,2],[0,2,2],[0,2,2]]",10,"[0,0,2]","[0,2,2]","[0,1,2]","[0,0,2]",5
1482,002/221/000,6,477,"[[0,0,2],[0,0,2],[0,1,2]]",16,"[0,1,2]","[1,1,1]","[0,0,2]","[0,0,2]",7
1483,002/221/001,6,1796,"[[0,0,2],[0,0,2],[1,1,2]]",11,"[0,1,2]","[1,1,1]","[0,1,2]","[0,0,1]",5
1484,002/221/002,6,1794,"[[0,0,2],[0,0,2],[1,2,2]]",14,"[0,2,2]","[1,1,2]","[0,2,2]","[0,0,2]",5
1485,002/221/010,6,1804,"[[0,0,2],[0,1,2],[0,1,2]]",13,"[0,2,2]","[1,1,1]","[0,0,2]","[0,1,2]",6
1486,002/221/011,6,1805,"[[0,0,2],[0,1,2],[1,1,2]]",11,"[0,2,2]","[1,1,1]","[0,1,2]","[0,1,1]",6
1487,002/221/012,6,1803,"[[0,0,2],[0,1,2],[1,2,2]]",18,"[0,2,3]","[1,1,2]","[0,2,2]","[0,1,2]",5
1488,002/221/020,6,1786,"[[0,0,2],[0,1,2],[0,2,2]]",14,"[0,1,2]","[1,1,2]","[0,0,2]","[0,2,2]",6
1489,002/221/021,6,1787,"[[0,0,2],[0,2,2],[1,1,2]]",14,"[0,1,2]","[1,1,2]","[0,1,2]","[0,1,2]",5
1490,002/221/100,6,1206,"[[0,0,2],[0,1,2],[0,1,2]]",9,"[0,0,2]","[1,1,1]","[0,0,2]","[0,0,2]",6
1491,002/221/101,6,1331,"[[0,0,2],[0,1,2],[1,1,2]]",7,"[0,0,2]","[1,1,1]","[0,1,2]","[0,0,1]",6
1492,002/221/102,6,1797,"[[0,0,2],[0,1,2],[1,2,2]]",9,"[0,1,2]","[1,1,2]","[0,2,2]","[0,0,2]",5
1493,002/221/110,6,1807,"[[0,1,2],[0,1,2],[0,1,2]]",6,"[0,1,2]","[1,1,1]","[0,0,2]","[0,1,2]",5
1494,002/221/111,6,602,"[[0,1,2],[0,1,2],[1,1,2]]",7,"[0,1,2]","[1,1,1]","[0,1,2]","[0,1,1]",7
1495,002/221/112,6,1806,"[[0,1,2],[0,1,2],[1,2,2]]",13,"[0,2,2]","[1,1,2]","[0,2,2]","[0,1,2]",5
1496,002/221/120,6,1789,"[[0,1,2],[0,1,2],[0,2,2]]",9,"[0,0,2]","[1,1,2]","[0,0,2]","[0,2,2]",5
1497,002/221/121,6,1790,"[[0,1,2],[0,2,2],[1,1,2]]",14,"[0,0,2]","[1,1,2]","[0,1,2]","[0,1,2]",6
1498,002/221/200,6,1792,"[[0,0,2],[0,1,2],[0,2,2]]",10,"[0,0,2]","[1,1,2]","[0,0,2]","[0,0,2]",6
1499,002/221/201,6,1793,"[[0,0,2],[0,2,2],[1,1,2]]",12,"[0,0,2]","[1,1,2]","[0,1,2]","[0,0,1]",5
1500,002/221/210,6,1801,"[[0,1,2],[0,1,2],[0,2,2]]",8,"[0,1,2]","[1,1,2]","[0,0,2]","[0,1,2]",5
1501,002/221/211,6,1802,"[[0,1,2],[0,2,2],[1,1,2]]",12,"[0,1,2]","[1,1,2]","[0,1,2]","[0,1,1]",6
1502,002/221/220,6,1783,"[[0,1,2],[0,2,2],[0,2,2]]",13,"[0,0,2]","[1,2,2]","[0,0,2]","[0,2,2]",5
1503,002/221/221,6,1784,"[[0,2,2],[0,2,2],[1,1,2]]",17,"[0,0,2]","[1,2,2]","[0,1,2]","[0,1,2]",5
1504,002/222/000,6,337,"[[0,0,2],[0,0,2],[0,2,2]]",16,"[1,1,2]","[0,1,1]","[0,0,2]","[0,0,2]",8
1505,002/222/001,6,338,"[[0,0,2],[0,0,2],[1,2,2]]",8,"[1,1,2]","[0,1,1]","[0,1,2]","[0,0,2]",6
1506,002/222/002,6,336,"[[0,0,2],[0,0,2],[2,2,2]]",23,"[1,2,2]","[1,1,1]","[0,2,2]","[0,0,2]",6
1507,002/222/010,6,346,"[[0,0,2],[0,1,2],[0,2,2]]",12,"[1,2,2]","[0,1,1]","[0,0,2]","[0,1,2]",7
1508,002/222/011,6,347,"[[0,0,2],[0,1,2],[1,2,2]]",8,"[1,2,2]","[0,1,1]","[0,1,2]","[0,1,2]",7
1509,002/222/012,6,345,"[[0,0,2],[0,1,2],[2,2,2]]",25,"[1,2,3]","[1,1,1]","[0,2,2]","[0,1,2]",6
1510,002/222/020,6,328,"[[0,0,2],[0,2,2],[0,2,2]]",13,"[1,1,2]","[0,1,2]","[0,0,2]","[0,2,2]",7
1511,002/222/021,6,329,"[[0,0,2],[0,2,2],[1,2,2]]",8,"[1,1,2]","[0,1,2]","[0,1,2]","[0,2,2]",6
1512,002/222/100,6,340,"[[0,0,2],[0,1,2],[0,2,2]]",9,"[0,1,2]","[0,1,1]","[0,0,2]","[0,0,2]",7
1513,002/222/101,6,341,"[[0,0,2],[0,1,2],[1,2,2]]",4,"[0,1,2]","[0,1,1]","[0,1,2]","[0,0,2]",7
1514,002/222/102,6,339,"[[0,0,2],[0,1,2],[2,2,2]]",19,"[1,1,2]","[1,1,1]","[0,2,2]","[0,0,2]",6
1515,002/222/110,6,349,"[[0,1,2],[0,1,2],[0,2,2]]",5,"[1,1,2]","[0,1,1]","[0,0,2]","[0,1,2]",6
1516,002/222/111,6,350,"[[0,1,2],[0,1,2],[1,2,2]]",4,"[1,1,2]","[0,1,1]","[0,1,2]","[0,1,2]",8
1517,002/222/112,6,348,"[[0,1,2],[0,1,2],[2,2,2]]",21,"[1,2,2]","[1,1,1]","[0,2,2]","[0,1,2]",6
1518,002/222/120,6,331,"[[0,1,2],[0,2,2],[0,2,2]]",6,"[0,1,2]","[0,1,2]","[0,0,2]","[0,2,2]",6
1519,002/222/121,6,332,"[[0,1,2],[0,2,2],[1,2,2]]",7,"[0,1,2]","[0,1,2]","[0,1,2]","[0,2,2]",7
1520,002/222/200,6,334,"[[0,0,2],[0,2,2],[0,2,2]]",9,"[0,1,2]","[0,1,2]","[0,0,2]","[0,0,2]",7
1521,002/222/201,6,335,"[[0,0,2],[0,2,2],[1,2,2]]",7,"[0,1,2]","[0,1,2]","[0,1,2]","[0,0,2]",6
1522,002/222/210,6,343,"[[0,1,2],[0,2,2],[0,2,2]]",6,"[1,1,2]","[0,1,2]","[0,0,2]","[0,1,2]",6
1523,002/222/211,6,344,"[[0,1,2],[0,2,2],[1,2,2]]",6,"[1,1,2]","[0,1,2]","[0,1,2]","[0,1,2]",7
1524,002/222/220,6,325,"[[0,2,2],[0,2,2],[0,2,2]]",9,"[0,1,2]","[0,2,2]","[0,0,2]","[0,2,2]",6
1525,002/222/221,6,326,"[[0,2,2],[0,2,2],[1,2,2]]",9,"[0,1,2]","[0,2,2]","[0,1,2]","[0,2,2]",6
1526,011/000/000,6,12,"[[0,0,0],[0,0,1],[0,0,1]]",27,"[1,1,2]","[0,0,1]","[0,0,0]","[0,1,1]",7
1527,011/000/001,6,186,"[[0,0,0],[0,0,1],[0,1,1]]",24,"[1,1,2]","[0,0,1]","[0,0,1]","[0,0,1]",5
1528,011/000/002,6,105,"[[0,0,0],[0,0,1],[0,1,2]]",24,"[1,2,2]","[0,1,1]","[0,0,2]","[0,1,2]",5
1529,011/000/010,6,510,"[[0,0,0],[0,0,1],[0,1,1]]",25,"[1,2,2]","[0,0,1]","[0,0,0]","[0,1,1]",6
1530,011/000/011,6,672,"[[0,0,0],[0,1,1],[0,1,1]]",23,"[1,2,2]","[0,0,1]","[0,0,1]","[0,0,1]",6
1531,011/000/012,6,591,"[[0,0,0],[0,1,1],[0,1,2]]",25,"[1,2,3]","[0,1,1]","[0,0,2]","[0,1,2]",5
1532,011/000/020,6,267,"[[0,0,0],[0,0,1],[0,1,2]]",23,"[1,1,2]","[0,1,1]","[0,0,0]","[0,1,1]",6
1533,011/000/021,6,429,"[[0,0,0],[0,1,1],[0,1,2]]",19,"[1,1,2]","[0,1,1]","[0,0,1]","[0,0,1]",5
1534,011/000/100,6,78,"[[0,0,1],[0,0,1],[0,0,1]]",20,"[0,1,2]","[0,0,1]","[0,0,0]","[0,1,1]",6
1535,011/000/101,6,240,"[[0,0,1],[0,0,1],[0,1,1]]",22,"[0,1,2]","[0,0,1]","[0,0,1]","[0,0,1]",6
1536,011/000/102,6,159,"[[0,0,1],[0,0,1],[0,1,2]]",23,"[1,1,2]","[0,1,1]","[0,0,2]","[0,1,2]",5
1537,011/000/110,6,564,"[[0,0,1],[0,0,1],[0,1,1]]",18,"[1,1,2]","[0,0,1]","[0,0,0]","[0,1,1]",5
1538,011/000/111,6,94,"[[0,0,1],[0,1,1],[0,1,1]]",15,"[1,1,2]","[0,0,1]","[0,0,1]","[0,0,1]",7
1539,011/000/112,6,645,"[[0,0,1],[0,1,1],[0,1,2]]",18,"[1,2,2]","[0,1,1]","[0,0,2]","[0,1,2]",5
1540,011/000/120,6,321,"[[0,0,1],[0,0,1],[0,1,2]]",17,"[0,1,2]","[0,1,1]","[0,0,0]","[0,1,1]",5
1541,011/000/121,6,483,"[[0,0,1],[0,1,1],[0,1,2]]",16,"[0,1,2]","[0,1,1]","[0,0,1]","[0,0,1]",6
1542,011/000/200,6,51,"[[0,0,1],[0,0,1],[0,0,2]]",17,"[0,1,2]","[0,0,2]","[0,0,0]","[0,1,1]",6
1543,011/000/201,6,213,"[[0,0,1],[0,0,2],[0,1,1]]",18,"[0,1,2]","[0,0,2]","[0,0,1]","[0,0,1]",5
1544,011/000/210,6,537,"[[0,0,1],[0,0,2],[0,1,1]]",18,"[1,1,2]","[0,0,2]","[0,0,0]","[0,1,1]",5
1545,011/000/211,6,699,"[[0,0,2],[0,1,1],[0,1,1]]",17,"[1,1,2]","[0,0,2]","[0,0,1]","[0,0,1]",6
1546,011/000/220,6,294,"[[0,0,1],[0,0,2],[0,1,2]]",18,"[0,1,2]","[0,1,2]","[0,0,0]","[0,1,1]",5
1547,011/000/221,6,456,"[[0,0,2],[0,1,1],[0,1,2]]",17,"[0,1,2]","[0,1,2]","[0,0,1]","[0,0,1]",5
1548,011/001/000,6,255,"[[0,0,0],[0,0,1],[0,1,1]]",24,"[1,1,2]","[0,1,1]","[0,0,0]","[0,1,1]",6
1549,011/001/001,6,3001,"[[0,0,0],[0,0,1],[1,1,1]]",21,"[1,1,2]","[0,1,1]","[0,0,1]","[0,1,1]",4
1550,011/001/002,6,4479,"[[0,0,0],[0,0,1],[1,1,2]]",20,"[1,2,2]","[0,1,2]","[0,0,2]","[0,1,2]",4
1551,011/001/010,6,2442,"[[0,0,0],[0,1,1],[0,1,1]]",21,"[1,2,2]","[0,1,1]","[0,0,0]","[0,1,1]",5
1552,011/001/011,6,2272,"[[0,0,0],[0,1,1],[1,1,1]]",19,"[1,2,2]","[0,1,1]","[0,0,1]","[0,1,1]",5
1553,011/001/012,6,4965,"[[0,0,0],[0,1,1],[1,1,2]]",21,"[1,2,3]","[0,1,2]","[0,0,2]","[0,1,2]",4
1554,011/001/020,6,4629,"[[0,0,0],[0,1,1],[0,1,2]]",18,"[1,1,2]","[1,1,1]","[0,0,0]","[0,1,1]",5
1555,011/001/021,6,3730,"[[0,0,0],[0,1,2],[1,1,1]]",17,"[1,1,2]","[1,1,1]","[0,0,1]","[0,1,1]",4
1556,011/001/100,6,984,"[[0,0,1],[0,0,1],[0,1,1]]",18,"[0,1,2]","[0,1,1]","[0,0,0]","[0,1,1]",5
1557,011/001/101,6,814,"[[0,0,1],[0,0,1],[1,1,1]]",18,"[0,1,2]","[0,1,1]","[0,0,1]","[0,1,1]",5
1558,011/001/102,6,4533,"[[0,0,1],[0,0,1],[1,1,2]]",17,"[1,1,2]","[0,1,2]","[0,0,2]","[0,1,2]",4
1559,011/001/110,6,3171,"[[0,0,1],[0,1,1],[0,1,1]]",15,"[1,1,2]","[0,1,1]","[0,0,0]","[0,1,1]",4
1560,011/001/111,6,85,"[[0,0,1],[0,1,1],[1,1,1]]",12,"[1,1,2]","[0,1,1]","[0,0,1]","[0,1,1]",6
1561,011/001/112,6,5019,"[[0,0,1],[0,1,1],[1,1,2]]",16,"[1,2,2]","[0,1,2]","[0,0,2]","[0,1,2]",4
1562,011/001/120,6,4695,"[[0,0,1],[0,1,1],[0,1,2]]",12,"[0,1,2]","[1,1,1]","[0,0,0]","[0,1,1]",4
1563,011/001/121,6,1543,"[[0,0,1],[0,1,2],[1,1,1]]",14,"[0,1,2]","[1,1,1]","[0,0,1]","[0,1,1]",5
1564,011/001/200,6,1713,"[[0,0,1],[0,0,2],[0,1,1]]",14,"[0,1,2]","[0,1,2]","[0,0,0]","[0,1,1]",5
1565,011/001/201,6,4587,"[[0,0,1],[0,0,2],[1,1,1]]",15,"[0,1,2]","[0,1,2]","[0,0,1]","[0,1,1]",4
1566,011/001/210,6,3900,"[[0,0,2],[0,1,1],[0,1,1]]",14,"[1,1,2]","[0,1,2]","[0,0,0]","[0,1,1]",4
1567,011/001/211,6,4459,"[[0,0,2],[0,1,1],[1,1,1]]",14,"[1,1,2]","[0,1,2]","[0,0,1]","[0,1,1]",5
1568,011/001/220,6,4668,"[[0,0,2],[0,1,1],[0,1,2]]",13,"[0,1,2]","[1,1,2]","[0,0,0]","[0,1,1]",4
1569,011/001/221,6,4830,"[[0,0,2],[0,1,2],[1,1,1]]",14,"[0,1,2]","[1,1,2]","[0,0,1]","[0,1,1]",4
1570,011/002/000,6,498,"[[0,0,0],[0,0,1],[0,1,2]]",24,"[1,2,2]","[0,0,1]","[0,0,0]","[0,1,1]",6
1571,011/002/001,6,2373,"[[0,0,0],[0,0,1],[1,1,2]]",21,"[1,2,2]","[0,0,1]","[0,0,1]","[0,1,2]",4
1572,011/002/002,6,2292,"[[0,0,0],[0,0,1],[1,2,2]]",21,"[2,2,2]","[0,1,1]","[0,0,2]","[0,1,2]",4
1573,011/002/010,6,2685,"[[0,0,0],[0,1,1],[0,1,2]]",22,"[2,2,2]","[0,0,1]","[0,0,0]","[0,1,1]",5
1574,011/002/011,6,2290,"[[0,0,0],[0,1,1],[1,1,2]]",18,"[2,2,2]","[0,0,1]","[0,0,1]","[0,1,2]",5
1575,011/002/012,6,2778,"[[0,0,0],[0,1,1],[1,2,2]]",22,"[2,2,3]","[0,1,1]","[0,0,2]","[0,1,2]",4
1576,011/002/020,6,2454,"[[0,0,0],[0,1,2],[0,1,2]]",19,"[1,2,2]","[0,1,1]","[0,0,0]","[0,1,1]",5
1577,011/002/021,6,2616,"[[0,0,0],[0,1,2],[1,1,2]]",14,"[1,2,2]","[0,1,1]","[0,0,1]","[0,1,2]",4
1578,011/002/100,6,1227,"[[0,0,1],[0,0,1],[0,1,2]]",16,"[0,2,2]","[0,0,1]","[0,0,0]","[0,1,1]",5
1579,011/002/101,6,832,"[[0,0,1],[0,0,1],[1,1,2]]",16,"[0,2,2]","[0,0,1]","[0,0,1]","[0,1,2]",5
1580,011/002/102,6,2346,"[[0,0,1],[0,0,1],[1,2,2]]",16,"[1,2,2]","[0,1,1]","[0,0,2]","[0,1,2]",4
1581,011/002/110,6,2751,"[[0,0,1],[0,1,1],[0,1,2]]",14,"[1,2,2]","[0,0,1]","[0,0,0]","[0,1,1]",4
1582,011/002/111,6,103,"[[0,0,1],[0,1,1],[1,1,2]]",9,"[1,2,2]","[0,0,1]","[0,0,1]","[0,1,2]",6
1583,011/002/112,6,2832,"[[0,0,1],[0,1,1],[1,2,2]]",14,"[2,2,2]","[0,1,1]","[0,0,2]","[0,1,2]",4
1584,011/002/120,6,2508,"[[0,0,1],[0,1,2],[0,1,2]]",12,"[0,2,2]","[0,1,1]","[0,0,0]","[0,1,1]",4
1585,011/002/121,6,1561,"[[0,0,1],[0,1,2],[1,1,2]]",11,"[0,2,2]","[0,1,1]","[0,0,1]","[0,1,2]",5
1586,011/002/200,6,1956,"[[0,0,1],[0,0,2],[0,1,2]]",14,"[0,2,2]","[0,0,2]","[0,0,0]","[0,1,1]",5
1587,011/002/201,6,2400,"[[0,0,1],[0,0,2],[1,1,2]]",14,"[0,2,2]","[0,0,2]","[0,0,1]","[0,1,2]",4
1588,011/002/210,6,2724,"[[0,0,2],[0,1,1],[0,1,2]]",16,"[1,2,2]","[0,0,2]","[0,0,0]","[0,1,1]",4
1589,011/002/211,6,2886,"[[0,0,2],[0,1,1],[1,1,2]]",13,"[1,2,2]","[0,0,2]","[0,0,1]","[0,1,2]",5
1590,011/002/220,6,2481,"[[0,0,2],[0,1,2],[0,1,2]]",14,"[0,2,2]","[0,1,2]","[0,0,0]","[0,1,1]",4
1591,011/002/221,6,2643,"[[0,0,2],[0,1,2],[1,1,2]]",12,"[0,2,2]","[0,1,2]","[0,0,1]","[0,1,2]",4
1592,011/010/000,6,93,"[[0,0,0],[0,0,1],[0,1,1]]",22,"[1,2,2]","[0,1,1]","[0,0,1]","[0,1,1]",5
1593,011/010/001,6,3009,"[[0,0,0],[0,1,1],[0,1,1]]",19,"[1,2,2]","[0,1,1]","[0,1,1]","[0,0,1]",3
1594,011/010/002,6,13215,"[[0,0,0],[0,1,1],[0,1,2]]",21,"[2,2,2]","[1,1,1]","[0,1,2]","[0,1,2]",3
1595,011/010/010,6,2280,"[[0,0,0],[0,0,1],[1,1,1]]",23,"[2,2,2]","[0,1,1]","[0,0,1]","[0,1,1]",4
1596,011/010/012,3,13713,"[[0,0,0],[0,1,2],[1,1,1]]",25,"[2,2,3]","[1,1,1]","[0,1,2]","[0,1,2]",3
1597,011/010/020,6,4467,"[[0,0,0],[0,0,1],[1,1,2]]",19,"[1,2,2]","[0,1,2]","[0,0,1]","[0,1,1]",4
1598,011/010/021,6,3738,"[[0,0,0],[0,1,1],[1,1,2]]",17,"[1,2,2]","[0,1,2]","[0,1,1]","[0,0,1]",3
1599,011/010/100,6,822,"[[0,0,1],[0,0,1],[0,1,1]]",16,"[0,2,2]","[0,1,1]","[0,0,1]","[0,1,1]",4
1600,011/010/102,3,13281,"[[0,0,1],[0,1,1],[0,1,2]]",21,"[1,2,2]","[1,1,1]","[0,1,2]","[0,1,2]",3
1601,011/010/120,6,5196,"[[0,0,1],[0,0,1],[1,1,2]]",14,"[0,2,2]","[0,1,2]","[0,0,1]","[0,1,1]",3
1602,011/010/121,6,1551,"[[0,0,1],[0,1,1],[1,1,2]]",13,"[0,2,2]","[0,1,2]","[0,1,1]","[0,0,1]",4
1603,011/010/220,6,5925,"[[0,0,1],[0,0,2],[1,1,2]]",15,"[0,2,2]","[0,2,2]","[0,0,1]","[0,1,1]",3
1604,011/012/000,6,579,"[[0,0,0],[0,1,1],[0,1,2]]",25,"[1,2,3]","[0,1,1]","[0,0,1]","[0,1,1]",5
1605,011/012/001,6,3018,"[[0,0,0],[0,1,1],[1,1,2]]",24,"[1,2,3]","[0,1,1]","[0,1,1]","[0,1,2]",3
1606,011/012/002,6,13701,"[[0,0,0],[0,1,1],[1,2,2]]",24,"[2,2,3]","[1,1,1]","[0,1,2]","[0,1,2]",3
1607,011/012/010,6,2766,"[[0,0,0],[0,1,2],[1,1,1]]",25,"[2,2,3]","[0,1,1]","[0,0,1]","[0,1,1]",4
1608,011/012/011,6,2289,"[[0,0,0],[1,1,1],[1,1,2]]",27,"[2,2,3]","[0,1,1]","[0,1,1]","[0,1,2]",4
1609,011/012/012,6,13710,"[[0,0,0],[1,1,1],[1,2,2]]",27,"[2,3,3]","[1,1,1]","[0,1,2]","[0,1,2]",3
1610,011/012/020,6,4953,"[[0,0,0],[0,1,2],[1,1,2]]",22,"[1,2,3]","[0,1,2]","[0,0,1]","[0,1,1]",4
1611,011/012/021,6,3747,"[[0,0,0],[1,1,2],[1,1,2]]",21,"[1,2,3]","[0,1,2]","[0,1,1]","[0,1,2]",3
1612,011/012/100,6,1308,"[[0,0,1],[0,1,1],[0,1,2]]",21,"[0,2,3]","[0,1,1]","[0,0,1]","[0,1,1]",4
1613,011/012/101,6,831,"[[0,0,1],[0,1,1],[1,1,2]]",21,"[0,2,3]","[0,1,1]","[0,1,1]","[0,1,2]",4
1614,011/012/102,6,13278,"[[0,0,1],[0,1,1],[1,2,2]]",23,"[1,2,3]","[1,1,1]","[0,1,2]","[0,1,2]",3
1615,011/012/110,6,3495,"[[0,0,1],[0,1,2],[1,1,1]]",23,"[1,2,3]","[0,1,1]","[0,0,1]","[0,1,1]",3
1616,011/012/111,6,102,"[[0,0,1],[1,1,1],[1,1,2]]",26,"[1,2,3]","[0,1,1]","[0,1,1]","[0,1,2]",5
1617,011/012/112,3,13224,"[[0,0,1],[1,1,1],[1,2,2]]",25,"[2,2,3]","[1,1,1]","[0,1,2]","[0,1,2]",3
1618,011/012/120,6,5682,"[[0,0,1],[0,1,2],[1,1,2]]",18,"[0,2,3]","[0,1,2]","[0,0,1]","[0,1,1]",3
1619,011/012/121,6,1560,"[[0,0,1],[1,1,2],[1,1,2]]",19,"[0,2,3]","[0,1,2]","[0,1,1]","[0,1,2]",4
1620,011/012/200,6,2037,"[[0,0,2],[0,1,1],[0,1,2]]",17,"[0,2,3]","[0,1,2]","[0,0,1]","[0,1,1]",4
1621,011/012/201,6,5205,"[[0,0,2],[0,1,1],[1,1,2]]",19,"[0,2,3]","[0,1,2]","[0,1,1]","[0,1,2]",3
1622,011/012/210,6,4224,"[[0,0,2],[0,1,2],[1,1,1]]",21,"[1,2,3]","[0,1,2]","[0,0,1]","[0,1,1]",3
1623,011/012/211,6,4476,"[[0,0,2],[1,1,1],[1,1,2]]",24,"[1,2,3]","[0,1,2]","[0,1,1]","[0,1,2]",4
1624,011/012/220,6,6411,"[[0,0,2],[0,1,2],[1,1,2]]",17,"[0,2,3]","[0,2,2]","[0,0,1]","[0,1,1]",3
1625,011/012/221,6,5934,"[[0,0,2],[1,1,2],[1,1,2]]",18,"[0,2,3]","[0,2,2]","[0,1,1]","[0,1,2]",3
1626,011/020/000,6,174,"[[0,0,0],[0,0,1],[0,1,2]]",20,"[1,1,2]","[0,0,1]","[0,0,2]","[0,0,1]",5
1627,011/020/001,6,3011,"[[0,0,0],[0,1,1],[0,1,2]]",14,"[1,1,2]","[0,0,1]","[0,1,2]","[0,0,0]",3
1628,011/020/002,6,3549,"[[0,0,0],[0,1,2],[0,1,2]]",16,"[1,2,2]","[0,1,1]","[0,2,2]","[0,0,2]",3
1629,011/020/010,6,2361,"[[0,0,0],[0,0,1],[1,1,2]]",18,"[1,2,2]","[0,0,1]","[0,0,2]","[0,1,1]",4
1630,011/020/011,6,2282,"[[0,0,0],[0,1,1],[1,1,2]]",14,"[1,2,2]","[0,0,1]","[0,1,2]","[0,0,1]",4
1631,011/020/012,6,3558,"[[0,0,0],[0,1,2],[1,1,2]]",19,"[1,2,3]","[0,1,1]","[0,2,2]","[0,1,2]",3
1632,011/020/020,6,3541,"[[0,0,0],[0,0,1],[1,2,2]]",17,"[1,1,2]","[0,1,1]","[0,0,2]","[0,1,2]",4
1633,011/020/021,6,3542,"[[0,0,0],[0,1,1],[1,2,2]]",14,"[1,1,2]","[0,1,1]","[0,1,2]","[0,0,2]",3
1634,011/020/100,6,903,"[[0,0,1],[0,0,1],[0,1,2]]",11,"[0,1,2]","[0,0,1]","[0,0,2]","[0,0,1]",4
1635,011/020/101,6,824,"[[0,0,1],[0,1,1],[0,1,2]]",8,"[0,1,2]","[0,0,1]","[0,1,2]","[0,0,0]",4
1636,011/020/102,6,3552,"[[0,0,1],[0,1,2],[0,1,2]]",13,"[1,1,2]","[0,1,1]","[0,2,2]","[0,0,2]",3
1637,011/020/110,6,3090,"[[0,0,1],[0,0,1],[1,1,2]]",9,"[1,1,2]","[0,0,1]","[0,0,2]","[0,1,1]",3
1638,011/020/111,6,95,"[[0,0,1],[0,1,1],[1,1,2]]",5,"[1,1,2]","[0,0,1]","[0,1,2]","[0,0,1]",5
1639,011/020/112,6,3561,"[[0,0,1],[0,1,2],[1,1,2]]",10,"[1,2,2]","[0,1,1]","[0,2,2]","[0,1,2]",3
1640,011/020/120,6,3544,"[[0,0,1],[0,0,1],[1,2,2]]",9,"[0,1,2]","[0,1,1]","[0,0,2]","[0,1,2]",3
1641,011/020/121,6,1553,"[[0,0,1],[0,1,1],[1,2,2]]",9,"[0,1,2]","[0,1,1]","[0,1,2]","[0,0,2]",4
1642,011/020/200,6,1632,"[[0,0,1],[0,0,2],[0,1,2]]",9,"[0,1,2]","[0,0,2]","[0,0,2]","[0,0,1]",4
1643,011/020/201,6,3548,"[[0,0,2],[0,1,1],[0,1,2]]",7,"[0,1,2]","[0,0,2]","[0,1,2]","[0,0,0]",3
1644,011/020/210,6,3556,"[[0,0,1],[0,0,2],[1,1,2]]",10,"[1,1,2]","[0,0,2]","[0,0,2]","[0,1,1]",3
1645,011/020/211,6,3557,"[[0,0,2],[0,1,1],[1,1,2]]",9,"[1,1,2]","[0,0,2]","[0,1,2]","[0,0,1]",4
1646,011/020/220,6,3538,"[[0,0,1],[0,0,2],[1,2,2]]",11,"[0,1,2]","[0,1,2]","[0,0,2]","[0,1,2]",3
1647,011/020/221,6,3539,"[[0,0,2],[0,1,1],[1,2,2]]",10,"[0,1,2]","[0,1,2]","[0,1,2]","[0,0,2]",3
1648,011/021/000,6,417,"[[0,0,0],[0,1,1],[0,1,2]]",17,"[1,1,2]","[0,1,1]","[0,0,2]","[0,0,1]",5
1649,011/021/001,6,3002,"[[0,0,0],[0,1,2],[1,1,1]]",15,"[1,1,2]","[0,1,1]","[0,1,2]","[0,0,1]",3
1650,011/021/002,6,4278,"[[0,0,0],[0,1,2],[1,1,2]]",14,"[1,2,2]","[0,1,2]","[0,2,2]","[0,0,2]",3
1651,011/021/010,6,2604,"[[0,0,0],[0,1,1],[1,1,2]]",14,"[1,2,2]","[0,1,1]","[0,0,2]","[0,1,1]",4
1652,011/021/011,6,2273,"[[0,0,0],[1,1,1],[1,1,2]]",15,"[1,2,2]","[0,1,1]","[0,1,2]","[0,1,1]",4
1653,011/021/012,6,4287,"[[0,0,0],[1,1,2],[1,1,2]]",17,"[1,2,3]","[0,1,2]","[0,2,2]","[0,1,2]",3
1654,011/021/020,6,4270,"[[0,0,0],[0,1,1],[1,2,2]]",15,"[1,1,2]","[1,1,1]","[0,0,2]","[0,1,2]",4
1655,011/021/021,6,3731,"[[0,0,0],[1,1,1],[1,2,2]]",19,"[1,1,2]","[1,1,1]","[0,1,2]","[0,1,2]",3
1656,011/021/100,6,1146,"[[0,0,1],[0,1,1],[0,1,2]]",10,"[0,1,2]","[0,1,1]","[0,0,2]","[0,0,1]",4
1657,011/021/101,6,815,"[[0,0,1],[0,1,2],[1,1,1]]",9,"[0,1,2]","[0,1,1]","[0,1,2]","[0,0,1]",4
1658,011/021/102,6,4281,"[[0,0,1],[0,1,2],[1,1,2]]",10,"[1,1,2]","[0,1,2]","[0,2,2]","[0,0,2]",3
1659,011/021/110,6,3333,"[[0,0,1],[0,1,1],[1,1,2]]",7,"[1,1,2]","[0,1,1]","[0,0,2]","[0,1,1]",3
1660,011/021/111,6,86,"[[0,0,1],[1,1,1],[1,1,2]]",7,"[1,1,2]","[0,1,1]","[0,1,2]","[0,1,1]",5
1661,011/021/112,6,4290,"[[0,0,1],[1,1,2],[1,1,2]]",11,"[1,2,2]","[0,1,2]","[0,2,2]","[0,1,2]",3
1662,011/021/120,6,4273,"[[0,0,1],[0,1,1],[1,2,2]]",8,"[0,1,2]","[1,1,1]","[0,0,2]","[0,1,2]",3
1663,011/021/121,6,1544,"[[0,0,1],[1,1,1],[1,2,2]]",15,"[0,1,2]","[1,1,1]","[0,1,2]","[0,1,2]",4
1664,011/021/200,6,1875,"[[0,0,2],[0,1,1],[0,1,2]]",7,"[0,1,2]","[0,1,2]","[0,0,2]","[0,0,1]",4
1665,011/021/201,6,4277,"[[0,0,2],[0,1,2],[1,1,1]]",9,"[0,1,2]","[0,1,2]","[0,1,2]","[0,0,1]",3
1666,011/021/210,6,4062,"[[0,0,2],[0,1,1],[1,1,2]]",7,"[1,1,2]","[0,1,2]","[0,0,2]","[0,1,1]",3
1667,011/021/211,6,4286,"[[0,0,2],[1,1,1],[1,1,2]]",10,"[1,1,2]","[0,1,2]","[0,1,2]","[0,1,1]",4
1668,011/021/220,6,4267,"[[0,0,2],[0,1,1],[1,2,2]]",10,"[0,1,2]","[1,1,2]","[0,0,2]","[0,1,2]",3
1669,011/021/221,6,4268,"[[0,0,2],[1,1,1],[1,2,2]]",15,"[0,1,2]","[1,1,2]","[0,1,2]","[0,1,2]",3
1670,011/022/000,6,660,"[[0,0,0],[0,1,2],[0,1,2]]",19,"[1,2,2]","[0,0,1]","[0,0,2]","[0,0,1]",6
1671,011/022/001,6,2822,"[[0,0,0],[0,1,2],[1,1,2]]",14,"[1,2,2]","[0,0,1]","[0,1,2]","[0,0,2]",4
1672,011/022/002,6,2820,"[[0,0,0],[0,1,2],[1,2,2]]",17,"[2,2,2]","[0,1,1]","[0,2,2]","[0,0,2]",4
1673,011/022/010,6,2830,"[[0,0,0],[0,1,2],[1,1,2]]",16,"[2,2,2]","[0,0,1]","[0,0,2]","[0,1,1]",5
1674,011/022/011,6,2291,"[[0,0,0],[1,1,2],[1,1,2]]",13,"[2,2,2]","[0,0,1]","[0,1,2]","[0,1,2]",5
1675,011/022/012,6,2829,"[[0,0,0],[1,1,2],[1,2,2]]",21,"[2,2,3]","[0,1,1]","[0,2,2]","[0,1,2]",4
1676,011/022/020,6,2812,"[[0,0,0],[0,1,2],[1,2,2]]",15,"[1,2,2]","[0,1,1]","[0,0,2]","[0,1,2]",5
1677,011/022/021,6,2813,"[[0,0,0],[1,1,2],[1,2,2]]",13,"[1,2,2]","[0,1,1]","[0,1,2]","[0,2,2]",4
1678,011/022/100,6,1389,"[[0,0,1],[0,1,2],[0,1,2]]",12,"[0,2,2]","[0,0,1]","[0,0,2]","[0,0,1]",5
1679,011/022/101,6,833,"[[0,0,1],[0,1,2],[1,1,2]]",8,"[0,2,2]","[0,0,1]","[0,1,2]","[0,0,2]",5
1680,011/022/102,6,2823,"[[0,0,1],[0,1,2],[1,2,2]]",13,"[1,2,2]","[0,1,1]","[0,2,2]","[0,0,2]",4
1681,011/022/110,6,2833,"[[0,0,1],[0,1,2],[1,1,2]]",9,"[1,2,2]","[0,0,1]","[0,0,2]","[0,1,1]",4
1682,011/022/111,6,104,"[[0,0,1],[1,1,2],[1,1,2]]",5,"[1,2,2]","[0,0,1]","[0,1,2]","[0,1,2]",6
1683,011/022/120,6,2815,"[[0,0,1],[0,1,2],[1,2,2]]",8,"[0,2,2]","[0,1,1]","[0,0,2]","[0,1,2]",4
1684,011/022/121,6,1562,"[[0,0,1],[1,1,2],[1,2,2]]",10,"[0,2,2]","[0,1,1]","[0,1,2]","[0,2,2]",5
1685,011/022/200,6,2118,"[[0,0,2],[0,1,2],[0,1,2]]",10,"[0,2,2]","[0,0,2]","[0,0,2]","[0,0,1]",5
1686,011/022/201,6,2819,"[[0,0,2],[0,1,2],[1,1,2]]",8,"[0,2,2]","[0,0,2]","[0,1,2]","[0,0,2]",4
1687,011/022/210,6,2827,"[[0,0,2],[0,1,2],[1,1,2]]",11,"[1,2,2]","[0,0,2]","[0,0,2]","[0,1,1]",4
1688,011/022/211,6,2828,"[[0,0,2],[1,1,2],[1,1,2]]",9,"[1,2,2]","[0,0,2]","[0,1,2]","[0,1,2]",5
1689,011/022/220,6,2809,"[[0,0,2],[0,1,2],[1,2,2]]",9,"[0,2,2]","[0,1,2]","[0,0,2]","[0,1,2]",4
1690,011/022/221,6,2810,"[[0,0,2],[1,1,2],[1,2,2]]",9,"[0,2,2]","[0,1,2]","[0,1,2]","[0,2,2]",4
1691,011/100/000,6,39,"[[0,0,1],[0,0,1],[0,0,1]]",18,"[0,1,2]","[0,0,2]","[0,0,0]","[0,1,1]",6
1692,011/100/001,6,1644,"[[0,0,1],[0,0,1],[0,1,1]]",14,"[0,1,2]","[0,0,2]","[0,0,1]","[0,0,1]",4
1693,011/100/002,6,1563,"[[0,0,1],[0,0,1],[0,1,2]]",16,"[0,2,2]","[0,1,2]","[0,0,2]","[0,1,2]",4
1694,011/100/010,6,1968,"[[0,0,1],[0,0,1],[0,1,1]]",16,"[0,2,2]","[0,0,2]","[0,0,0]","[0,1,1]",5
1695,011/100/011,6,2130,"[[0,0,1],[0,1,1],[0,1,1]]",15,"[0,2,2]","[0,0,2]","[0,0,1]","[0,0,1]",5
1696,011/100/012,6,2049,"[[0,0,1],[0,1,1],[0,1,2]]",18,"[0,2,3]","[0,1,2]","[0,0,2]","[0,1,2]",4
1697,011/100/020,6,1725,"[[0,0,1],[0,0,1],[0,1,2]]",14,"[0,1,2]","[0,1,2]","[0,0,0]","[0,1,1]",5
1698,011/100/021,6,1887,"[[0,0,1],[0,1,1],[0,1,2]]",10,"[0,1,2]","[0,1,2]","[0,0,1]","[0,0,1]",4
1699,011/100/100,6,768,"[[0,0,1],[0,0,1],[0,1,1]]",9,"[0,0,2]","[0,0,2]","[0,0,0]","[0,1,1]",5
1700,011/100/101,6,820,"[[0,0,1],[0,1,1],[0,1,1]]",14,"[0,0,2]","[0,0,2]","[0,0,1]","[0,0,1]",5
1701,011/100/102,6,1617,"[[0,0,1],[0,1,1],[0,1,2]]",14,"[0,1,2]","[0,1,2]","[0,0,2]","[0,1,2]",4
1702,011/100/110,6,2022,"[[0,0,1],[0,1,1],[0,1,1]]",13,"[0,1,2]","[0,0,2]","[0,0,0]","[0,1,1]",4
1703,011/100/111,6,91,"[[0,1,1],[0,1,1],[0,1,1]]",9,"[0,1,2]","[0,0,2]","[0,0,1]","[0,0,1]",6
1704,011/100/112,6,2103,"[[0,1,1],[0,1,1],[0,1,2]]",12,"[0,2,2]","[0,1,2]","[0,0,2]","[0,1,2]",4
1705,011/100/120,6,1779,"[[0,0,1],[0,1,1],[0,1,2]]",11,"[0,0,2]","[0,1,2]","[0,0,0]","[0,1,1]",4
1706,011/100/121,6,1549,"[[0,1,1],[0,1,1],[0,1,2]]",11,"[0,0,2]","[0,1,2]","[0,0,1]","[0,0,1]",5
1707,011/100/200,6,1497,"[[0,0,1],[0,0,1],[0,1,2]]",9,"[0,0,2]","[0,0,3]","[0,0,0]","[0,1,1]",5
1708,011/100/201,6,1671,"[[0,0,1],[0,1,1],[0,1,2]]",11,"[0,0,2]","[0,0,3]","[0,0,1]","[0,0,1]",4
1709,011/100/210,6,1995,"[[0,0,1],[0,1,1],[0,1,2]]",11,"[0,1,2]","[0,0,3]","[0,0,0]","[0,1,1]",4
1710,011/100/211,6,2157,"[[0,1,1],[0,1,1],[0,1,2]]",11,"[0,1,2]","[0,0,3]","[0,0,1]","[0,0,1]",5
1711,011/100/220,6,1752,"[[0,0,1],[0,1,2],[0,1,2]]",11,"[0,0,2]","[0,1,3]","[0,0,0]","[0,1,1]",4
1712,011/100/221,6,1914,"[[0,1,1],[0,1,2],[0,1,2]]",11,"[0,0,2]","[0,1,3]","[0,0,1]","[0,0,1]",4
1713,011/101/000,6,282,"[[0,0,1],[0,0,1],[0,1,1]]",18,"[0,1,2]","[0,1,2]","[0,0,0]","[0,1,1]",5
1714,011/101/001,6,2998,"[[0,0,1],[0,0,1],[1,1,1]]",14,"[0,1,2]","[0,1,2]","[0,0,1]","[0,1,1]",3
1715,011/101/002,6,5937,"[[0,0,1],[0,0,1],[1,1,2]]",15,"[0,2,2]","[0,2,2]","[0,0,2]","[0,1,2]",3
1716,011/101/010,6,2469,"[[0,0,1],[0,1,1],[0,1,1]]",15,"[0,2,2]","[0,1,2]","[0,0,0]","[0,1,1]",4
1717,011/101/011,6,2269,"[[0,0,1],[0,1,1],[1,1,1]]",12,"[0,2,2]","[0,1,2]","[0,0,1]","[0,1,1]",4
1718,011/101/012,6,6423,"[[0,0,1],[0,1,1],[1,1,2]]",15,"[0,2,3]","[0,2,2]","[0,0,2]","[0,1,2]",3
1719,011/101/020,6,4656,"[[0,0,1],[0,1,1],[0,1,2]]",12,"[0,1,2]","[1,1,2]","[0,0,0]","[0,1,1]",4
1720,011/101/021,6,3727,"[[0,0,1],[0,1,2],[1,1,1]]",11,"[0,1,2]","[1,1,2]","[0,0,1]","[0,1,1]",3
1721,011/101/100,6,1011,"[[0,0,1],[0,1,1],[0,1,1]]",12,"[0,0,2]","[0,1,2]","[0,0,0]","[0,1,1]",4
1722,011/101/101,6,811,"[[0,0,1],[0,1,1],[1,1,1]]",15,"[0,0,2]","[0,1,2]","[0,0,1]","[0,1,1]",4
1723,011/101/102,6,5991,"[[0,0,1],[0,1,1],[1,1,2]]",13,"[0,1,2]","[0,2,2]","[0,0,2]","[0,1,2]",3
1724,011/101/110,6,3198,"[[0,1,1],[0,1,1],[0,1,1]]",13,"[0,1,2]","[0,1,2]","[0,0,0]","[0,1,1]",3
1725,011/101/111,6,82,"[[0,1,1],[0,1,1],[1,1,1]]",9,"[0,1,2]","[0,1,2]","[0,0,1]","[0,1,1]",5
1726,011/101/112,6,6477,"[[0,1,1],[0,1,1],[1,1,2]]",13,"[0,2,2]","[0,2,2]","[0,0,2]","[0,1,2]",3
1727,011/101/120,6,5385,"[[0,1,1],[0,1,1],[0,1,2]]",11,"[0,0,2]","[1,1,2]","[0,0,0]","[0,1,1]",3
1728,011/101/121,6,1540,"[[0,1,1],[0,1,2],[1,1,1]]",14,"[0,0,2]","[1,1,2]","[0,0,1]","[0,1,1]",4
1729,011/101/200,6,1740,"[[0,0,1],[0,1,1],[0,1,2]]",11,"[0,0,2]","[0,1,3]","[0,0,0]","[0,1,1]",4
1730,011/101/201,6,5185,"[[0,0,1],[0,1,2],[1,1,1]]",13,"[0,0,2]","[0,1,3]","[0,0,1]","[0,1,1]",3
1731,011/101/210,6,3927,"[[0,1,1],[0,1,1],[0,1,2]]",12,"[0,1,2]","[0,1,3]","[0,0,0]","[0,1,1]",3
1732,011/101/211,6,4456,"[[0,1,1],[0,1,2],[1,1,1]]",12,"[0,1,2]","[0,1,3]","[0,0,1]","[0,1,1]",4
1733,011/101/220,6,6114,"[[0,1,1],[0,1,2],[0,1,2]]",11,"[0,0,2]","[1,1,3]","[0,0,0]","[0,1,1]",3
1734,011/101/221,6,5914,"[[0,1,2],[0,1,2],[1,1,1]]",13,"[0,0,2]","[1,1,3]","[0,0,1]","[0,1,1]",3
1735,011/102/000,6,525,"[[0,0,1],[0,0,1],[0,1,2]]",16,"[1,1,2]","[0,0,2]","[0,0,0]","[0,1,1]",5
1736,011/102/001,6,3016,"[[0,0,1],[0,0,1],[1,1,2]]",12,"[1,1,2]","[0,0,2]","[0,0,1]","[0,1,2]",3
1737,011/102/002,6,3750,"[[0,0,1],[0,0,1],[1,2,2]]",14,"[1,2,2]","[0,1,2]","[0,0,2]","[0,1,2]",3
1738,011/102/010,6,2712,"[[0,0,1],[0,1,1],[0,1,2]]",15,"[1,2,2]","[0,0,2]","[0,0,0]","[0,1,1]",4
1739,011/102/011,6,2287,"[[0,0,1],[0,1,1],[1,1,2]]",12,"[1,2,2]","[0,0,2]","[0,0,1]","[0,1,2]",4
1740,011/102/012,6,4236,"[[0,0,1],[0,1,1],[1,2,2]]",17,"[1,2,3]","[0,1,2]","[0,0,2]","[0,1,2]",3
1741,011/102/020,6,3912,"[[0,0,1],[0,1,2],[0,1,2]]",11,"[1,1,2]","[0,1,2]","[0,0,0]","[0,1,1]",4
1742,011/102/021,6,3745,"[[0,0,1],[0,1,2],[1,1,2]]",6,"[1,1,2]","[0,1,2]","[0,0,1]","[0,1,2]",3
1743,011/102/100,6,1254,"[[0,0,1],[0,1,1],[0,1,2]]",11,"[0,1,2]","[0,0,2]","[0,0,0]","[0,1,1]",4
1744,011/102/101,6,829,"[[0,0,1],[0,1,1],[1,1,2]]",14,"[0,1,2]","[0,0,2]","[0,0,1]","[0,1,2]",4
1745,011/102/102,6,3804,"[[0,0,1],[0,1,1],[1,2,2]]",13,"[1,1,2]","[0,1,2]","[0,0,2]","[0,1,2]",3
1746,011/102/110,6,3441,"[[0,1,1],[0,1,1],[0,1,2]]",10,"[1,1,2]","[0,0,2]","[0,0,0]","[0,1,1]",3
1747,011/102/111,6,100,"[[0,1,1],[0,1,1],[1,1,2]]",6,"[1,1,2]","[0,0,2]","[0,0,1]","[0,1,2]",5
1748,011/102/120,6,3966,"[[0,1,1],[0,1,2],[0,1,2]]",9,"[0,1,2]","[0,1,2]","[0,0,0]","[0,1,1]",3
1749,011/102/121,6,1558,"[[0,1,1],[0,1,2],[1,1,2]]",9,"[0,1,2]","[0,1,2]","[0,0,1]","[0,1,2]",4
1750,011/102/200,6,1983,"[[0,0,1],[0,1,2],[0,1,2]]",9,"[0,1,2]","[0,0,3]","[0,0,0]","[0,1,1]",4
1751,011/102/201,6,3858,"[[0,0,1],[0,1,2],[1,1,2]]",10,"[0,1,2]","[0,0,3]","[0,0,1]","[0,1,2]",3
1752,011/102/210,6,4170,"[[0,1,1],[0,1,2],[0,1,2]]",9,"[1,1,2]","[0,0,3]","[0,0,0]","[0,1,1]",3
1753,011/102/211,6,4344,"[[0,1,1],[0,1,2],[1,1,2]]",8,"[1,1,2]","[0,0,3]","[0,0,1]","[0,1,2]",4
1754,011/102/220,6,3939,"[[0,1,2],[0,1,2],[0,1,2]]",10,"[0,1,2]","[0,1,3]","[0,0,0]","[0,1,1]",3
1755,011/102/221,6,4101,"[[0,1,2],[0,1,2],[1,1,2]]",9,"[0,1,2]","[0,1,3]","[0,0,1]","[0,1,2]",3
1756,011/120/000,6,201,"[[0,0,1],[0,0,1],[0,1,2]]",16,"[0,1,2]","[0,0,2]","[0,0,2]","[0,0,1]",5
1757,011/120/001,6,3008,"[[0,0,1],[0,1,1],[0,1,2]]",9,"[0,1,2]","[0,0,2]","[0,1,2]","[0,0,0]",3
1758,011/120/002,6,5736,"[[0,0,1],[0,1,2],[0,1,2]]",13,"[0,2,2]","[0,1,2]","[0,2,2]","[0,0,2]",3
1759,011/120/010,6,2388,"[[0,0,1],[0,0,1],[1,1,2]]",12,"[0,2,2]","[0,0,2]","[0,0,2]","[0,1,1]",4
1760,011/120/011,6,2279,"[[0,0,1],[0,1,1],[1,1,2]]",9,"[0,2,2]","[0,0,2]","[0,1,2]","[0,0,1]",4
1761,011/120/012,6,5745,"[[0,0,1],[0,1,2],[1,1,2]]",15,"[0,2,3]","[0,1,2]","[0,2,2]","[0,1,2]",3
1762,011/120/020,6,4575,"[[0,0,1],[0,0,1],[1,2,2]]",12,"[0,1,2]","[0,1,2]","[0,0,2]","[0,1,2]",4
1763,011/120/021,6,3737,"[[0,0,1],[0,1,1],[1,2,2]]",9,"[0,1,2]","[0,1,2]","[0,1,2]","[0,0,2]",3
1764,011/120/100,6,930,"[[0,0,1],[0,1,1],[0,1,2]]",9,"[0,0,2]","[0,0,2]","[0,0,2]","[0,0,1]",4
1765,011/120/101,6,821,"[[0,1,1],[0,1,1],[0,1,2]]",9,"[0,0,2]","[0,0,2]","[0,1,2]","[0,0,0]",4
1766,011/120/102,6,5739,"[[0,1,1],[0,1,2],[0,1,2]]",13,"[0,1,2]","[0,1,2]","[0,2,2]","[0,0,2]",3
1767,011/120/110,6,3117,"[[0,0,1],[0,1,1],[1,1,2]]",11,"[0,1,2]","[0,0,2]","[0,0,2]","[0,1,1]",3
1768,011/120/111,6,92,"[[0,1,1],[0,1,1],[1,1,2]]",6,"[0,1,2]","[0,0,2]","[0,1,2]","[0,0,1]",5
1769,011/120/112,6,5748,"[[0,1,1],[0,1,2],[1,1,2]]",11,"[0,2,2]","[0,1,2]","[0,2,2]","[0,1,2]",3
1770,011/120/120,6,5304,"[[0,0,1],[0,1,1],[1,2,2]]",11,"[0,0,2]","[0,1,2]","[0,0,2]","[0,1,2]",3
1771,011/120/121,6,1550,"[[0,1,1],[0,1,1],[1,2,2]]",12,"[0,0,2]","[0,1,2]","[0,1,2]","[0,0,2]",4
1772,011/120/200,6,1659,"[[0,0,1],[0,1,2],[0,1,2]]",8,"[0,0,2]","[0,0,3]","[0,0,2]","[0,0,1]",4
1773,011/120/201,6,5195,"[[0,1,1],[0,1,2],[0,1,2]]",7,"[0,0,2]","[0,0,3]","[0,1,2]","[0,0,0]",3
1774,011/120/210,6,3846,"[[0,0,1],[0,1,2],[1,1,2]]",8,"[0,1,2]","[0,0,3]","[0,0,2]","[0,1,1]",3
1775,011/120/211,6,4466,"[[0,1,1],[0,1,2],[1,1,2]]",8,"[0,1,2]","[0,0,3]","[0,1,2]","[0,0,1]",4
1776,011/120/220,6,5725,"[[0,0,1],[0,1,2],[1,2,2]]",10,"[0,0,2]","[0,1,3]","[0,0,2]","[0,1,2]",3
1777,011/120/221,6,5726,"[[0,1,1],[0,1,2],[1,2,2]]",10,"[0,0,2]","[0,1,3]","[0,1,2]","[0,0,2]",3
1778,011/121/000,6,444,"[[0,0,1],[0,1,1],[0,1,2]]",15,"[0,1,2]","[0,1,2]","[0,0,2]","[0,0,1]",5
1779,011/121/001,6,2999,"[[0,0,1],[0,1,2],[1,1,1]]",11,"[0,1,2]","[0,1,2]","[0,1,2]","[0,0,1]",3
1780,011/121/002,6,6465,"[[0,0,1],[0,1,2],[1,1,2]]",12,"[0,2,2]","[0,2,2]","[0,2,2]","[0,0,2]",3
1781,011/121/010,6,2631,"[[0,0,1],[0,1,1],[1,1,2]]",12,"[0,2,2]","[0,1,2]","[0,0,2]","[0,1,1]",4
1782,011/121/011,6,2270,"[[0,0,1],[1,1,1],[1,1,2]]",11,"[0,2,2]","[0,1,2]","[0,1,2]","[0,1,1]",4
1783,011/121/012,6,6474,"[[0,0,1],[1,1,2],[1,1,2]]",14,"[0,2,3]","[0,2,2]","[0,2,2]","[0,1,2]",3
1784,011/121/020,6,4818,"[[0,0,1],[0,1,1],[1,2,2]]",12,"[0,1,2]","[1,1,2]","[0,0,2]","[0,1,2]",4
1785,011/121/021,6,3728,"[[0,0,1],[1,1,1],[1,2,2]]",15,"[0,1,2]","[1,1,2]","[0,1,2]","[0,1,2]",3
1786,011/121/100,6,1173,"[[0,1,1],[0,1,1],[0,1,2]]",10,"[0,0,2]","[0,1,2]","[0,0,2]","[0,0,1]",4
1787,011/121/101,6,812,"[[0,1,1],[0,1,2],[1,1,1]]",11,"[0,0,2]","[0,1,2]","[0,1,2]","[0,0,1]",4
1788,011/121/102,6,6468,"[[0,1,1],[0,1,2],[1,1,2]]",11,"[0,1,2]","[0,2,2]","[0,2,2]","[0,0,2]",3
1789,011/121/110,6,3360,"[[0,1,1],[0,1,1],[1,1,2]]",11,"[0,1,2]","[0,1,2]","[0,0,2]","[0,1,1]",3
1790,011/121/111,6,83,"[[0,1,1],[1,1,1],[1,1,2]]",9,"[0,1,2]","[0,1,2]","[0,1,2]","[0,1,1]",5
1791,011/121/120,6,5547,"[[0,1,1],[0,1,1],[1,2,2]]",12,"[0,0,2]","[1,1,2]","[0,0,2]","[0,1,2]",3
1792,011/121/121,6,1541,"[[0,1,1],[1,1,1],[1,2,2]]",19,"[0,0,2]","[1,1,2]","[0,1,2]","[0,1,2]",4
1793,011/121/200,6,1902,"[[0,1,1],[0,1,2],[0,1,2]]",9,"[0,0,2]","[0,1,3]","[0,0,2]","[0,0,1]",4
1794,011/121/201,6,5186,"[[0,1,2],[0,1,2],[1,1,1]]",11,"[0,0,2]","[0,1,3]","[0,1,2]","[0,0,1]",3
1795,011/121/210,6,4089,"[[0,1,1],[0,1,2],[1,1,2]]",10,"[0,1,2]","[0,1,3]","[0,0,2]","[0,1,1]",3
1796,011/121/211,6,4457,"[[0,1,2],[1,1,1],[1,1,2]]",12,"[0,1,2]","[0,1,3]","[0,1,2]","[0,1,1]",4
1797,011/121/220,6,6276,"[[0,1,1],[0,1,2],[1,2,2]]",12,"[0,0,2]","[1,1,3]","[0,0,2]","[0,1,2]",3
1798,011/121/221,6,5915,"[[0,1,2],[1,1,1],[1,2,2]]",17,"[0,0,2]","[1,1,3]","[0,1,2]","[0,1,2]",3
1799,011/122/000,6,687,"[[0,0,1],[0,1,2],[0,1,2]]",15,"[1,1,2]","[0,0,2]","[0,0,2]","[0,0,1]",6
1800,011/122/001,6,3017,"[[0,0,1],[0,1,2],[1,1,2]]",11,"[1,1,2]","[0,0,2]","[0,1,2]","[0,0,2]",4
1801,011/122/002,6,5007,"[[0,0,1],[0,1,2],[1,2,2]]",15,"[1,2,2]","[0,1,2]","[0,2,2]","[0,0,2]",4
1802,011/122/010,6,2874,"[[0,0,1],[0,1,2],[1,1,2]]",13,"[1,2,2]","[0,0,2]","[0,0,2]","[0,1,1]",5
1803,011/122/011,6,2288,"[[0,0,1],[1,1,2],[1,1,2]]",11,"[1,2,2]","[0,0,2]","[0,1,2]","[0,1,2]",5
1804,011/122/012,6,5016,"[[0,0,1],[1,1,2],[1,2,2]]",20,"[1,2,3]","[0,1,2]","[0,2,2]","[0,1,2]",4
1805,011/122/020,6,4999,"[[0,0,1],[0,1,2],[1,2,2]]",12,"[1,1,2]","[0,1,2]","[0,0,2]","[0,1,2]",5
1806,011/122/021,6,3746,"[[0,0,1],[1,1,2],[1,2,2]]",10,"[1,1,2]","[0,1,2]","[0,1,2]","[0,2,2]",4
1807,011/122/100,6,1416,"[[0,1,1],[0,1,2],[0,1,2]]",9,"[0,1,2]","[0,0,2]","[0,0,2]","[0,0,1]",5
1808,011/122/101,6,830,"[[0,1,1],[0,1,2],[1,1,2]]",10,"[0,1,2]","[0,0,2]","[0,1,2]","[0,0,2]",5
1809,011/122/102,6,5010,"[[0,1,1],[0,1,2],[1,2,2]]",13,"[1,1,2]","[0,1,2]","[0,2,2]","[0,0,2]",4
1810,011/122/110,6,3603,"[[0,1,1],[0,1,2],[1,1,2]]",10,"[1,1,2]","[0,0,2]","[0,0,2]","[0,1,1]",4
1811,011/122/111,6,101,"[[0,1,1],[1,1,2],[1,1,2]]",7,"[1,1,2]","[0,0,2]","[0,1,2]","[0,1,2]",6
1812,011/122/120,6,5002,"[[0,1,1],[0,1,2],[1,2,2]]",12,"[0,1,2]","[0,1,2]","[0,0,2]","[0,1,2]",4
1813,011/122/121,6,1559,"[[0,1,1],[1,1,2],[1,2,2]]",15,"[0,1,2]","[0,1,2]","[0,1,2]","[0,2,2]",5
1814,011/122/200,6,2145,"[[0,1,2],[0,1,2],[0,1,2]]",9,"[0,1,2]","[0,0,3]","[0,0,2]","[0,0,1]",5
1815,011/122/201,6,5006,"[[0,1,2],[0,1,2],[1,1,2]]",10,"[0,1,2]","[0,0,3]","[0,1,2]","[0,0,2]",4
1816,011/122/210,6,4332,"[[0,1,2],[0,1,2],[1,1,2]]",9,"[1,1,2]","[0,0,3]","[0,0,2]","[0,1,1]",4
1817,011/122/211,6,4475,"[[0,1,2],[1,1,2],[1,1,2]]",9,"[1,1,2]","[0,0,3]","[0,1,2]","[0,1,2]",5
1818,011/122/220,6,4996,"[[0,1,2],[0,1,2],[1,2,2]]",11,"[0,1,2]","[0,1,3]","[0,0,2]","[0,1,2]",4
1819,011/122/221,6,4997,"[[0,1,2],[1,1,2],[1,2,2]]",12,"[0,1,2]","[0,1,3]","[0,1,2]","[0,2,2]",4
1820,011/200/000,6,66,"[[0,0,1],[0,0,1],[0,0,2]]",18,"[0,1,2]","[0,0,1]","[0,0,0]","[0,1,1]",6
1821,011/200/001,6,915,"[[0,0,1],[0,0,2],[0,1,1]]",13,"[0,1,2]","[0,0,1]","[0,0,1]","[0,0,1]",4
1822,011/200/002,6,834,"[[0,0,1],[0,0,2],[0,1,2]]",16,"[0,2,2]","[0,1,1]","[0,0,2]","[0,1,2]",4
1823,011/200/010,6,1239,"[[0,0,1],[0,0,2],[0,1,1]]",15,"[0,2,2]","[0,0,1]","[0,0,0]","[0,1,1]",5
1824,011/200/011,6,1401,"[[0,0,2],[0,1,1],[0,1,1]]",14,"[0,2,2]","[0,0,1]","[0,0,1]","[0,0,1]",5
1825,011/200/012,6,1320,"[[0,0,2],[0,1,1],[0,1,2]]",19,"[0,2,3]","[0,1,1]","[0,0,2]","[0,1,2]",4
1826,011/200/020,6,996,"[[0,0,1],[0,0,2],[0,1,2]]",15,"[0,1,2]","[0,1,1]","[0,0,0]","[0,1,1]",5
1827,011/200/021,6,1158,"[[0,0,2],[0,1,1],[0,1,2]]",10,"[0,1,2]","[0,1,1]","[0,0,1]","[0,0,1]",4
1828,011/200/100,6,795,"[[0,0,1],[0,0,1],[0,1,2]]",7,"[0,0,2]","[0,0,1]","[0,0,0]","[0,1,1]",5
1829,011/200/101,6,826,"[[0,0,1],[0,1,1],[0,1,2]]",12,"[0,0,2]","[0,0,1]","[0,0,1]","[0,0,1]",5
1830,011/200/102,6,888,"[[0,0,1],[0,1,2],[0,1,2]]",13,"[0,1,2]","[0,1,1]","[0,0,2]","[0,1,2]",4
1831,011/200/110,6,1293,"[[0,0,1],[0,1,1],[0,1,2]]",10,"[0,1,2]","[0,0,1]","[0,0,0]","[0,1,1]",4
1832,011/200/111,6,97,"[[0,1,1],[0,1,1],[0,1,2]]",7,"[0,1,2]","[0,0,1]","[0,0,1]","[0,0,1]",6
1833,011/200/112,6,1374,"[[0,1,1],[0,1,2],[0,1,2]]",11,"[0,2,2]","[0,1,1]","[0,0,2]","[0,1,2]",4
1834,011/200/120,6,1050,"[[0,0,1],[0,1,2],[0,1,2]]",9,"[0,0,2]","[0,1,1]","[0,0,0]","[0,1,1]",4
1835,011/200/121,6,1212,"[[0,1,1],[0,1,2],[0,1,2]]",8,"[0,0,2]","[0,1,1]","[0,0,1]","[0,0,1]",5
1836,011/200/200,6,780,"[[0,0,1],[0,0,1],[0,2,2]]",7,"[0,0,2]","[0,0,2]","[0,0,0]","[0,1,1]",5
1837,011/200/201,6,942,"[[0,0,1],[0,1,1],[0,2,2]]",11,"[0,0,2]","[0,0,2]","[0,0,1]","[0,0,1]",4
1838,011/200/210,6,1266,"[[0,0,1],[0,1,1],[0,2,2]]",11,"[0,1,2]","[0,0,2]","[0,0,0]","[0,1,1]",4
1839,011/200/211,6,1428,"[[0,1,1],[0,1,1],[0,2,2]]",9,"[0,1,2]","[0,0,2]","[0,0,1]","[0,0,1]",5
1840,011/200/220,6,1023,"[[0,0,1],[0,1,2],[0,2,2]]",10,"[0,0,2]","[0,1,2]","[0,0,0]","[0,1,1]",4
1841,011/200/221,6,1185,"[[0,1,1],[0,1,2],[0,2,2]]",10,"[0,0,2]","[0,1,2]","[0,0,1]","[0,0,1]",4
1842,011/201/000,6,309,"[[0,0,1],[0,0,2],[0,1,1]]",19,"[0,1,2]","[0,1,1]","[0,0,0]","[0,1,1]",5
1843,011/201/001,6,3004,"[[0,0,1],[0,0,2],[1,1,1]]",14,"[0,1,2]","[0,1,1]","[0,0,1]","[0,1,1]",3
1844,011/201/002,6,5208,"[[0,0,1],[0,0,2],[1,1,2]]",16,"[0,2,2]","[0,1,2]","[0,0,2]","[0,1,2]",3
1845,011/201/010,6,2496,"[[0,0,2],[0,1,1],[0,1,1]]",13,"[0,2,2]","[0,1,1]","[0,0,0]","[0,1,1]",4
1846,011/201/011,6,2275,"[[0,0,2],[0,1,1],[1,1,1]]",11,"[0,2,2]","[0,1,1]","[0,0,1]","[0,1,1]",4
1847,011/201/012,6,5694,"[[0,0,2],[0,1,1],[1,1,2]]",16,"[0,2,3]","[0,1,2]","[0,0,2]","[0,1,2]",3
1848,011/201/020,6,4683,"[[0,0,2],[0,1,1],[0,1,2]]",12,"[0,1,2]","[1,1,1]","[0,0,0]","[0,1,1]",4
1849,011/201/021,6,3733,"[[0,0,2],[0,1,2],[1,1,1]]",10,"[0,1,2]","[1,1,1]","[0,0,1]","[0,1,1]",3
1850,011/201/100,6,1038,"[[0,0,1],[0,1,1],[0,1,2]]",10,"[0,0,2]","[0,1,1]","[0,0,0]","[0,1,1]",4
1851,011/201/101,6,817,"[[0,0,1],[0,1,2],[1,1,1]]",13,"[0,0,2]","[0,1,1]","[0,0,1]","[0,1,1]",4
1852,011/201/102,6,5262,"[[0,0,1],[0,1,2],[1,1,2]]",12,"[0,1,2]","[0,1,2]","[0,0,2]","[0,1,2]",3
1853,011/201/110,6,3225,"[[0,1,1],[0,1,1],[0,1,2]]",9,"[0,1,2]","[0,1,1]","[0,0,0]","[0,1,1]",3
1854,011/201/111,6,88,"[[0,1,1],[0,1,2],[1,1,1]]",6,"[0,1,2]","[0,1,1]","[0,0,1]","[0,1,1]",5
1855,011/201/120,6,5412,"[[0,1,1],[0,1,2],[0,1,2]]",7,"[0,0,2]","[1,1,1]","[0,0,0]","[0,1,1]",3
1856,011/201/121,6,1546,"[[0,1,2],[0,1,2],[1,1,1]]",9,"[0,0,2]","[1,1,1]","[0,0,1]","[0,1,1]",4
1857,011/201/200,6,1767,"[[0,0,1],[0,1,1],[0,2,2]]",11,"[0,0,2]","[0,1,2]","[0,0,0]","[0,1,1]",4
1858,011/201/201,6,5191,"[[0,0,1],[0,2,2],[1,1,1]]",15,"[0,0,2]","[0,1,2]","[0,0,1]","[0,1,1]",3
1859,011/201/210,6,3954,"[[0,1,1],[0,1,1],[0,2,2]]",9,"[0,1,2]","[0,1,2]","[0,0,0]","[0,1,1]",3
1860,011/201/211,6,4462,"[[0,1,1],[0,2,2],[1,1,1]]",11,"[0,1,2]","[0,1,2]","[0,0,1]","[0,1,1]",4
1861,011/201/220,6,5397,"[[0,1,1],[0,1,2],[0,2,2]]",10,"[0,0,2]","[1,1,2]","[0,0,0]","[0,1,1]",3
1862,011/201/221,6,5559,"[[0,1,2],[0,2,2],[1,1,1]]",12,"[0,0,2]","[1,1,2]","[0,0,1]","[0,1,1]",3
1863,011/202/000,6,552,"[[0,0,1],[0,0,2],[0,1,2]]",17,"[1,1,2]","[0,0,1]","[0,0,0]","[0,1,1]",5
1864,011/202/001,6,3022,"[[0,0,1],[0,0,2],[1,1,2]]",11,"[1,1,2]","[0,0,1]","[0,0,1]","[0,1,2]",3
1865,011/202/002,6,3021,"[[0,0,1],[0,0,2],[1,2,2]]",15,"[1,2,2]","[0,1,1]","[0,0,2]","[0,1,2]",3
1866,011/202/010,6,2739,"[[0,0,2],[0,1,1],[0,1,2]]",14,"[1,2,2]","[0,0,1]","[0,0,0]","[0,1,1]",4
1867,011/202/011,6,2293,"[[0,0,2],[0,1,1],[1,1,2]]",10,"[1,2,2]","[0,0,1]","[0,0,1]","[0,1,2]",4
1868,011/202/012,6,3507,"[[0,0,2],[0,1,1],[1,2,2]]",18,"[1,2,3]","[0,1,1]","[0,0,2]","[0,1,2]",3
1869,011/202/020,6,3183,"[[0,0,2],[0,1,2],[0,1,2]]",13,"[1,1,2]","[0,1,1]","[0,0,0]","[0,1,1]",4
1870,011/202/021,6,3345,"[[0,0,2],[0,1,2],[1,1,2]]",6,"[1,1,2]","[0,1,1]","[0,0,1]","[0,1,2]",3
1871,011/202/100,6,1281,"[[0,0,1],[0,1,2],[0,1,2]]",9,"[0,1,2]","[0,0,1]","[0,0,0]","[0,1,1]",4
1872,011/202/101,6,835,"[[0,0,1],[0,1,2],[1,1,2]]",10,"[0,1,2]","[0,0,1]","[0,0,1]","[0,1,2]",4
1873,011/202/102,6,3075,"[[0,0,1],[0,1,2],[1,2,2]]",10,"[1,1,2]","[0,1,1]","[0,0,2]","[0,1,2]",3
1874,011/202/110,6,3468,"[[0,1,1],[0,1,2],[0,1,2]]",10,"[1,1,2]","[0,0,1]","[0,0,0]","[0,1,1]",3
1875,011/202/111,6,106,"[[0,1,1],[0,1,2],[1,1,2]]",4,"[1,1,2]","[0,0,1]","[0,0,1]","[0,1,2]",5
1876,011/202/120,6,3237,"[[0,1,2],[0,1,2],[0,1,2]]",9,"[0,1,2]","[0,1,1]","[0,0,0]","[0,1,1]",3
1877,011/202/121,6,1564,"[[0,1,2],[0,1,2],[1,1,2]]",6,"[0,1,2]","[0,1,1]","[0,0,1]","[0,1,2]",4
1878,011/202/200,6,2010,"[[0,0,1],[0,1,2],[0,2,2]]",9,"[0,1,2]","[0,0,2]","[0,0,0]","[0,1,1]",4
1879,011/202/201,6,3129,"[[0,0,1],[0,2,2],[1,1,2]]",11,"[0,1,2]","[0,0,2]","[0,0,1]","[0,1,2]",3
1880,011/202/210,6,3453,"[[0,1,1],[0,1,2],[0,2,2]]",8,"[1,1,2]","[0,0,2]","[0,0,0]","[0,1,1]",3
1881,011/202/211,6,3615,"[[0,1,1],[0,2,2],[1,1,2]]",6,"[1,1,2]","[0,0,2]","[0,0,1]","[0,1,2]",4
1882,011/202/220,6,3210,"[[0,1,2],[0,1,2],[0,2,2]]",9,"[0,1,2]","[0,1,2]","[0,0,0]","[0,1,1]",3
1883,011/202/221,6,3372,"[[0,1,2],[0,2,2],[1,1,2]]",7,"[0,1,2]","[0,1,2]","[0,0,1]","[0,1,2]",3
1884,011/210/000,6,147,"[[0,0,1],[0,0,2],[0,1,1]]",16,"[1,1,2]","[0,1,1]","[0,0,1]","[0,1,1]",5
1885,011/210/001,6,3012,"[[0,0,2],[0,1,1],[0,1,1]]",11,"[1,1,2]","[0,1,1]","[0,1,1]","[0,0,1]",3
1886,011/210/002,6,13269,"[[0,0,2],[0,1,1],[0,1,2]]",16,"[1,2,2]","[1,1,1]","[0,1,2]","[0,1,2]",3
1887,011/210/010,6,2334,"[[0,0,1],[0,0,2],[1,1,1]]",16,"[1,2,2]","[0,1,1]","[0,0,1]","[0,1,1]",4
1888,011/210/011,6,2283,"[[0,0,2],[0,1,1],[1,1,1]]",17,"[1,2,2]","[0,1,1]","[0,1,1]","[0,0,1]",4
1889,011/210/012,6,13704,"[[0,0,2],[0,1,2],[1,1,1]]",22,"[1,2,3]","[1,1,1]","[0,1,2]","[0,1,2]",3
1890,011/210/020,6,4521,"[[0,0,1],[0,0,2],[1,1,2]]",13,"[1,1,2]","[0,1,2]","[0,0,1]","[0,1,1]",4
1891,011/210/021,6,3741,"[[0,0,2],[0,1,1],[1,1,2]]",10,"[1,1,2]","[0,1,2]","[0,1,1]","[0,0,1]",3
1892,011/210/100,6,876,"[[0,0,1],[0,1,1],[0,1,2]]",11,"[0,1,2]","[0,1,1]","[0,0,1]","[0,1,1]",4
1893,011/210/101,6,825,"[[0,1,1],[0,1,1],[0,1,2]]",14,"[0,1,2]","[0,1,1]","[0,1,1]","[0,0,1]",4
1894,011/210/102,6,13272,"[[0,1,1],[0,1,2],[0,1,2]]",19,"[1,1,2]","[1,1,1]","[0,1,2]","[0,1,2]",3
1895,011/210/110,6,3063,"[[0,0,1],[0,1,2],[1,1,1]]",17,"[1,1,2]","[0,1,1]","[0,0,1]","[0,1,1]",3
1896,011/210/111,6,96,"[[0,1,1],[0,1,2],[1,1,1]]",22,"[1,1,2]","[0,1,1]","[0,1,1]","[0,0,1]",5
1897,011/210/112,3,13218,"[[0,1,2],[0,1,2],[1,1,1]]",21,"[1,2,2]","[1,1,1]","[0,1,2]","[0,1,2]",3
1898,011/210/120,6,5250,"[[0,0,1],[0,1,2],[1,1,2]]",13,"[0,1,2]","[0,1,2]","[0,0,1]","[0,1,1]",3
1899,011/210/121,6,1554,"[[0,1,1],[0,1,2],[1,1,2]]",12,"[0,1,2]","[0,1,2]","[0,1,1]","[0,0,1]",4
1900,011/210/200,6,1605,"[[0,0,1],[0,1,1],[0,2,2]]",8,"[0,1,2]","[0,1,2]","[0,0,1]","[0,1,1]",4
1901,011/210/201,6,5199,"[[0,1,1],[0,1,1],[0,2,2]]",12,"[0,1,2]","[0,1,2]","[0,1,1]","[0,0,1]",3
1902,011/210/210,6,3792,"[[0,0,1],[0,2,2],[1,1,1]]",15,"[1,1,2]","[0,1,2]","[0,0,1]","[0,1,1]",3
1903,011/210/211,6,4470,"[[0,1,1],[0,2,2],[1,1,1]]",16,"[1,1,2]","[0,1,2]","[0,1,1]","[0,0,1]",4
1904,011/210/220,6,5979,"[[0,0,1],[0,2,2],[1,1,2]]",11,"[0,1,2]","[0,2,2]","[0,0,1]","[0,1,1]",3
1905,011/210/221,6,5928,"[[0,1,1],[0,2,2],[1,1,2]]",12,"[0,1,2]","[0,2,2]","[0,1,1]","[0,0,1]",3
1906,011/212/000,6,633,"[[0,0,2],[0,1,1],[0,1,2]]",17,"[1,2,2]","[0,1,1]","[0,0,1]","[0,1,1]",5
1907,011/212/002,2,13755,"[[0,0,2],[0,1,1],[1,2,2]]",18,"[2,2,2]","[1,1,1]","[0,1,2]","[0,1,2]",3
1908,011/212/100,6,1362,"[[0,1,1],[0,1,2],[0,1,2]]",11,"[0,2,2]","[0,1,1]","[0,0,1]","[0,1,1]",4
1909,011/212/200,6,2091,"[[0,1,1],[0,1,2],[0,2,2]]",10,"[0,2,2]","[0,1,2]","[0,0,1]","[0,1,1]",4
1910,011/220/000,6,228,"[[0,0,1],[0,0,2],[0,1,2]]",14,"[0,1,2]","[0,0,1]","[0,0,2]","[0,0,1]",6
1911,011/220/001,6,1364,"[[0,0,2],[0,1,1],[0,1,2]]",5,"[0,1,2]","[0,0,1]","[0,1,2]","[0,0,0]",4
1912,011/220/010,6,1372,"[[0,0,1],[0,0,2],[1,1,2]]",10,"[0,2,2]","[0,0,1]","[0,0,2]","[0,1,1]",5
1913,011/220/011,6,1373,"[[0,0,2],[0,1,1],[1,1,2]]",6,"[0,2,2]","[0,0,1]","[0,1,2]","[0,0,1]",5
1914,011/220/012,6,1371,"[[0,0,2],[0,1,2],[1,1,2]]",15,"[0,2,3]","[0,1,1]","[0,2,2]","[0,1,2]",4
1915,011/220/020,6,1354,"[[0,0,1],[0,0,2],[1,2,2]]",11,"[0,1,2]","[0,1,1]","[0,0,2]","[0,1,2]",5
1916,011/220/021,6,1355,"[[0,0,2],[0,1,1],[1,2,2]]",6,"[0,1,2]","[0,1,1]","[0,1,2]","[0,0,2]",4
1917,011/220/100,6,957,"[[0,0,1],[0,1,2],[0,1,2]]",6,"[0,0,2]","[0,0,1]","[0,0,2]","[0,0,1]",5
1918,011/220/101,6,827,"[[0,1,1],[0,1,2],[0,1,2]]",5,"[0,0,2]","[0,0,1]","[0,1,2]","[0,0,0]",5
1919,011/220/102,6,1365,"[[0,1,2],[0,1,2],[0,1,2]]",11,"[0,1,2]","[0,1,1]","[0,2,2]","[0,0,2]",4
1920,011/220/110,6,1375,"[[0,0,1],[0,1,2],[1,1,2]]",7,"[0,1,2]","[0,0,1]","[0,0,2]","[0,1,1]",4
1921,011/220/111,6,98,"[[0,1,1],[0,1,2],[1,1,2]]",3,"[0,1,2]","[0,0,1]","[0,1,2]","[0,0,1]",6
1922,011/220/120,6,1357,"[[0,0,1],[0,1,2],[1,2,2]]",8,"[0,0,2]","[0,1,1]","[0,0,2]","[0,1,2]",4
1923,011/220/121,6,1358,"[[0,1,1],[0,1,2],[1,2,2]]",7,"[0,0,2]","[0,1,1]","[0,1,2]","[0,0,2]",5
1924,011/220/200,6,1360,"[[0,0,1],[0,1,2],[0,2,2]]",8,"[0,0,2]","[0,0,2]","[0,0,2]","[0,0,1]",5
1925,011/220/201,6,1361,"[[0,1,1],[0,1,2],[0,2,2]]",8,"[0,0,2]","[0,0,2]","[0,1,2]","[0,0,0]",4
1926,011/220/210,6,1369,"[[0,0,1],[0,2,2],[1,1,2]]",11,"[0,1,2]","[0,0,2]","[0,0,2]","[0,1,1]",4
1927,011/220/211,6,1370,"[[0,1,1],[0,2,2],[1,1,2]]",8,"[0,1,2]","[0,0,2]","[0,1,2]","[0,0,1]",5
1928,011/220/220,6,1351,"[[0,0,1],[0,2,2],[1,2,2]]",11,"[0,0,2]","[0,1,2]","[0,0,2]","[0,1,2]",4
1929,011/220/221,6,1352,"[[0,1,1],[0,2,2],[1,2,2]]",10,"[0,0,2]","[0,1,2]","[0,1,2]","[0,0,2]",4
1930,011/221/000,6,471,"[[0,0,2],[0,1,1],[0,1,2]]",13,"[0,1,2]","[0,1,1]","[0,0,2]","[0,0,1]",6
1931,011/221/001,6,2093,"[[0,0,2],[0,1,2],[1,1,1]]",8,"[0,1,2]","[0,1,1]","[0,1,2]","[0,0,1]",4
1932,011/221/010,6,2101,"[[0,0,2],[0,1,1],[1,1,2]]",9,"[0,2,2]","[0,1,1]","[0,0,2]","[0,1,1]",5
1933,011/221/011,6,2102,"[[0,0,2],[1,1,1],[1,1,2]]",9,"[0,2,2]","[0,1,1]","[0,1,2]","[0,1,1]",5
1934,011/221/012,6,2100,"[[0,0,2],[1,1,2],[1,1,2]]",14,"[0,2,3]","[0,1,2]","[0,2,2]","[0,1,2]",4
1935,011/221/020,6,2083,"[[0,0,2],[0,1,1],[1,2,2]]",12,"[0,1,2]","[1,1,1]","[0,0,2]","[0,1,2]",5
1936,011/221/021,6,2084,"[[0,0,2],[1,1,1],[1,2,2]]",14,"[0,1,2]","[1,1,1]","[0,1,2]","[0,1,2]",4
1937,011/221/100,6,1200,"[[0,1,1],[0,1,2],[0,1,2]]",6,"[0,0,2]","[0,1,1]","[0,0,2]","[0,0,1]",5
1938,011/221/101,6,818,"[[0,1,2],[0,1,2],[1,1,1]]",7,"[0,0,2]","[0,1,1]","[0,1,2]","[0,0,1]",5
1939,011/221/102,6,2094,"[[0,1,2],[0,1,2],[1,1,2]]",8,"[0,1,2]","[0,1,2]","[0,2,2]","[0,0,2]",4
1940,011/221/110,6,2104,"[[0,1,1],[0,1,2],[1,1,2]]",6,"[0,1,2]","[0,1,1]","[0,0,2]","[0,1,1]",4
1941,011/221/111,6,89,"[[0,1,2],[1,1,1],[1,1,2]]",6,"[0,1,2]","[0,1,1]","[0,1,2]","[0,1,1]",6
1942,011/221/120,6,2086,"[[0,1,1],[0,1,2],[1,2,2]]",9,"[0,0,2]","[1,1,1]","[0,0,2]","[0,1,2]",4
1943,011/221/121,6,1547,"[[0,1,2],[1,1,1],[1,2,2]]",15,"[0,0,2]","[1,1,1]","[0,1,2]","[0,1,2]",5
1944,011/221/200,6,1929,"[[0,1,1],[0,1,2],[0,2,2]]",7,"[0,0,2]","[0,1,2]","[0,0,2]","[0,0,1]",5
1945,011/221/201,6,2090,"[[0,1,2],[0,2,2],[1,1,1]]",11,"[0,0,2]","[0,1,2]","[0,1,2]","[0,0,1]",4
1946,011/221/210,6,2098,"[[0,1,1],[0,2,2],[1,1,2]]",7,"[0,1,2]","[0,1,2]","[0,0,2]","[0,1,1]",4
1947,011/221/211,6,2099,"[[0,2,2],[1,1,1],[1,1,2]]",11,"[0,1,2]","[0,1,2]","[0,1,2]","[0,1,1]",5
1948,011/221/220,6,2080,"[[0,1,1],[0,2,2],[1,2,2]]",12,"[0,0,2]","[1,1,2]","[0,0,2]","[0,1,2]",4
1949,011/221/221,6,2081,"[[0,2,2],[1,1,1],[1,2,2]]",17,"[0,0,2]","[1,1,2]","[0,1,2]","[0,1,2]",4
1950,011/222/000,6,634,"[[0,0,2],[0,1,2],[0,1,2]]",12,"[1,1,2]","[0,0,1]","[0,0,2]","[0,0,1]",7
1951,011/222/001,6,635,"[[0,0,2],[0,1,2],[1,1,2]]",6,"[1,1,2]","[0,0,1]","[0,1,2]","[0,0,2]",5
1952,011/222/010,6,643,"[[0,0,2],[0,1,2],[1,1,2]]",8,"[1,2,2]","[0,0,1]","[0,0,2]","[0,1,1]",6
1953,011/222/011,6,644,"[[0,0,2],[1,1,2],[1,1,2]]",6,"[1,2,2]","[0,0,1]","[0,1,2]","[0,1,2]",6
1954,011/222/012,6,642,"[[0,0,2],[1,1,2],[1,2,2]]",21,"[1,2,3]","[0,1,1]","[0,2,2]","[0,1,2]",5
1955,011/222/020,6,625,"[[0,0,2],[0,1,2],[1,2,2]]",9,"[1,1,2]","[0,1,1]","[0,0,2]","[0,1,2]",6
1956,011/222/021,6,626,"[[0,0,2],[1,1,2],[1,2,2]]",6,"[1,1,2]","[0,1,1]","[0,1,2]","[0,2,2]",5
1957,011/222/100,6,637,"[[0,1,2],[0,1,2],[0,1,2]]",5,"[0,1,2]","[0,0,1]","[0,0,2]","[0,0,1]",6
1958,011/222/101,6,638,"[[0,1,2],[0,1,2],[1,1,2]]",5,"[0,1,2]","[0,0,1]","[0,1,2]","[0,0,2]",6
1959,011/222/102,6,636,"[[0,1,2],[0,1,2],[1,2,2]]",15,"[1,1,2]","[0,1,1]","[0,2,2]","[0,0,2]",5
1960,011/222/110,6,646,"[[0,1,2],[0,1,2],[1,1,2]]",5,"[1,1,2]","[0,0,1]","[0,0,2]","[0,1,1]",5
1961,011/222/111,6,107,"[[0,1,2],[1,1,2],[1,1,2]]",3,"[1,1,2]","[0,0,1]","[0,1,2]","[0,1,2]",7
1962,011/222/120,6,628,"[[0,1,2],[0,1,2],[1,2,2]]",6,"[0,1,2]","[0,1,1]","[0,0,2]","[0,1,2]",5
1963,011/222/121,6,629,"[[0,1,2],[1,1,2],[1,2,2]]",8,"[0,1,2]","[0,1,1]","[0,1,2]","[0,2,2]",6
1964,011/222/200,6,631,"[[0,1,2],[0,1,2],[0,2,2]]",5,"[0,1,2]","[0,0,2]","[0,0,2]","[0,0,1]",6
1965,011/222/201,6,632,"[[0,1,2],[0,2,2],[1,1,2]]",7,"[0,1,2]","[0,0,2]","[0,1,2]","[0,0,2]",5
1966,011/222/210,6,640,"[[0,1,2],[0,2,2],[1,1,2]]",5,"[1,1,2]","[0,0,2]","[0,0,2]","[0,1,1]",5
1967,011/222/211,6,641,"[[0,2,2],[1,1,2],[1,1,2]]",5,"[1,1,2]","[0,0,2]","[0,1,2]","[0,1,2]",6
1968,011/222/220,6,622,"[[0,1,2],[0,2,2],[1,2,2]]",6,"[0,1,2]","[0,1,2]","[0,0,2]","[0,1,2]",5
1969,011/222/221,6,623,"[[0,2,2],[1,1,2],[1,2,2]]",7,"[0,1,2]","[0,1,2]","[0,1,2]","[0,2,2]",5
1970,012/000/000,3,21,"[[0,0,0],[0,0,1],[0,0,2]]",27,"[1,1,3]","[0,0,1]","[0,0,0]","[0,1,2]",7
1971,012/000/001,6,183,"[[0,0,0],[0,0,1],[0,1,2]]",26,"[1,1,3]","[0,0,1]","[0,0,1]","[0,0,1]",5
1972,012/000/010,6,507,"[[0,0,0],[0,0,2],[0,1,1]]",27,"[1,2,3]","[0,0,1]","[0,0,0]","[0,1,2]",6
1973,012/000/011,6,669,"[[0,0,0],[0,1,1],[0,1,2]]",25,"[1,2,3]","[0,0,1]","[0,0,1]","[0,0,1]",6
1974,012/000/012,6,588,"[[0,0,0],[0,1,1],[0,2,2]]",27,"[1,3,3]","[0,1,1]","[0,0,2]","[0,1,2]",5
1975,012/000/020,6,264,"[[0,0,0],[0,0,2],[0,1,2]]",26,"[1,1,3]","[0,1,1]","[0,0,0]","[0,1,2]",6
1976,012/000/021,6,426,"[[0,0,0],[0,1,2],[0,1,2]]",23,"[1,1,3]","[0,1,1]","[0,0,1]","[0,0,1]",5
1977,012/000/100,6,75,"[[0,0,1],[0,0,1],[0,0,2]]",21,"[0,1,3]","[0,0,1]","[0,0,0]","[0,1,2]",6
1978,012/000/101,6,237,"[[0,0,1],[0,0,1],[0,1,2]]",23,"[0,1,3]","[0,0,1]","[0,0,1]","[0,0,1]",6
1979,012/000/102,6,156,"[[0,0,1],[0,0,1],[0,2,2]]",23,"[1,1,3]","[0,1,1]","[0,0,2]","[0,1,2]",5
1980,012/000/110,6,561,"[[0,0,1],[0,0,2],[0,1,1]]",21,"[1,1,3]","[0,0,1]","[0,0,0]","[0,1,2]",5
1981,012/000/111,6,580,"[[0,0,1],[0,1,1],[0,1,2]]",18,"[1,1,3]","[0,0,1]","[0,0,1]","[0,0,1]",7
1982,012/000/120,6,318,"[[0,0,1],[0,0,2],[0,1,2]]",20,"[0,1,3]","[0,1,1]","[0,0,0]","[0,1,2]",5
1983,012/000/121,6,480,"[[0,0,1],[0,1,2],[0,1,2]]",19,"[0,1,3]","[0,1,1]","[0,0,1]","[0,0,1]",6
1984,012/000/200,6,48,"[[0,0,1],[0,0,2],[0,0,2]]",19,"[0,1,3]","[0,0,2]","[0,0,0]","[0,1,2]",6
1985,012/000/201,6,210,"[[0,0,1],[0,0,2],[0,1,2]]",20,"[0,1,3]","[0,0,2]","[0,0,1]","[0,0,1]",5
1986,012/000/210,6,534,"[[0,0,2],[0,0,2],[0,1,1]]",20,"[1,1,3]","[0,0,2]","[0,0,0]","[0,1,2]",5
1987,012/000/211,6,696,"[[0,0,2],[0,1,1],[0,1,2]]",20,"[1,1,3]","[0,0,2]","[0,0,1]","[0,0,1]",6
1988,012/000/220,6,291,"[[0,0,2],[0,0,2],[0,1,2]]",19,"[0,1,3]","[0,1,2]","[0,0,0]","[0,1,2]",5
1989,012/000/221,6,453,"[[0,0,2],[0,1,2],[0,1,2]]",19,"[0,1,3]","[0,1,2]","[0,0,1]","[0,0,1]",5
1990,012/001/001,6,3487,"[[0,0,0],[0,0,1],[1,1,2]]",25,"[1,1,3]","[0,1,1]","[0,0,1]","[0,1,1]",4
1991,012/001/010,6,2451,"[[0,0,0],[0,1,1],[0,1,2]]",25,"[1,2,3]","[0,1,1]","[0,0,0]","[0,1,2]",5
1992,012/001/011,6,2758,"[[0,0,0],[0,1,1],[1,1,2]]",23,"[1,2,3]","[0,1,1]","[0,0,1]","[0,1,1]",5
1993,012/001/012,6,4962,"[[0,0,0],[0,1,1],[1,2,2]]",25,"[1,3,3]","[0,1,2]","[0,0,2]","[0,1,2]",4
1994,012/001/020,3,4638,"[[0,0,0],[0,1,2],[0,1,2]]",23,"[1,1,3]","[1,1,1]","[0,0,0]","[0,1,2]",5
1995,012/001/021,6,4216,"[[0,0,0],[0,1,2],[1,1,2]]",23,"[1,1,3]","[1,1,1]","[0,0,1]","[0,1,1]",4
1996,012/001/100,6,993,"[[0,0,1],[0,0,1],[0,1,2]]",21,"[0,1,3]","[0,1,1]","[0,0,0]","[0,1,2]",5
1997,012/001/101,6,1300,"[[0,0,1],[0,0,1],[1,1,2]]",21,"[0,1,3]","[0,1,1]","[0,0,1]","[0,1,1]",5
1998,012/001/102,6,4530,"[[0,0,1],[0,0,1],[1,2,2]]",21,"[1,1,3]","[0,1,2]","[0,0,2]","[0,1,2]",4
1999,012/001/110,6,3180,"[[0,0,1],[0,1,1],[0,1,2]]",20,"[1,1,3]","[0,1,1]","[0,0,0]","[0,1,2]",4
2000,012/001/111,6,571,"[[0,0,1],[0,1,1],[1,1,2]]",17,"[1,1,3]","[0,1,1]","[0,0,1]","[0,1,1]",6
2001,012/001/120,6,4692,"[[0,0,1],[0,1,2],[0,1,2]]",17,"[0,1,3]","[1,1,1]","[0,0,0]","[0,1,2]",4
2002,012/001/121,6,2029,"[[0,0,1],[0,1,2],[1,1,2]]",19,"[0,1,3]","[1,1,1]","[0,0,1]","[0,1,1]",5
2003,012/001/200,6,1722,"[[0,0,1],[0,0,2],[0,1,2]]",18,"[0,1,3]","[0,1,2]","[0,0,0]","[0,1,2]",5
2004,012/001/201,6,4584,"[[0,0,1],[0,0,2],[1,1,2]]",19,"[0,1,3]","[0,1,2]","[0,0,1]","[0,1,1]",4
2005,012/001/210,6,3909,"[[0,0,2],[0,1,1],[0,1,2]]",18,"[1,1,3]","[0,1,2]","[0,0,0]","[0,1,2]",4
2006,012/001/211,6,4945,"[[0,0,2],[0,1,1],[1,1,2]]",19,"[1,1,3]","[0,1,2]","[0,0,1]","[0,1,1]",5
2007,012/001/220,6,4665,"[[0,0,2],[0,1,2],[0,1,2]]",16,"[0,1,3]","[1,1,2]","[0,0,0]","[0,1,2]",4
2008,012/001/221,6,4827,"[[0,0,2],[0,1,2],[1,1,2]]",18,"[0,1,3]","[1,1,2]","[0,0,1]","[0,1,1]",4
2009,012/002/001,6,2370,"[[0,0,0],[0,0,1],[1,2,2]]",26,"[1,2,3]","[0,0,1]","[0,0,1]","[0,1,2]",4
2010,012/002/010,3,2694,"[[0,0,0],[0,1,1],[0,2,2]]",27,"[2,2,3]","[0,0,1]","[0,0,0]","[0,1,2]",5
2011,012/002/011,6,2776,"[[0,0,0],[0,1,1],[1,2,2]]",23,"[2,2,3]","[0,0,1]","[0,0,1]","[0,1,2]",5
2012,012/002/012,6,2775,"[[0,0,0],[0,1,1],[2,2,2]]",27,"[2,3,3]","[0,1,1]","[0,0,2]","[0,1,2]",4
2013,012/002/021,6,2613,"[[0,0,0],[0,1,2],[1,2,2]]",21,"[1,2,3]","[0,1,1]","[0,0,1]","[0,1,2]",4
2014,012/002/100,6,1236,"[[0,0,1],[0,0,1],[0,2,2]]",20,"[0,2,3]","[0,0,1]","[0,0,0]","[0,1,2]",5
2015,012/002/101,6,1318,"[[0,0,1],[0,0,1],[1,2,2]]",20,"[0,2,3]","[0,0,1]","[0,0,1]","[0,1,2]",5
2016,012/002/102,6,2343,"[[0,0,1],[0,0,1],[2,2,2]]",23,"[1,2,3]","[0,1,1]","[0,0,2]","[0,1,2]",4
2017,012/002/110,6,2748,"[[0,0,1],[0,1,1],[0,2,2]]",20,"[1,2,3]","[0,0,1]","[0,0,0]","[0,1,2]",4
2018,012/002/111,6,589,"[[0,0,1],[0,1,1],[1,2,2]]",15,"[1,2,3]","[0,0,1]","[0,0,1]","[0,1,2]",6
2019,012/002/120,6,2505,"[[0,0,1],[0,1,2],[0,2,2]]",18,"[0,2,3]","[0,1,1]","[0,0,0]","[0,1,2]",4
2020,012/002/121,6,2047,"[[0,0,1],[0,1,2],[1,2,2]]",17,"[0,2,3]","[0,1,1]","[0,0,1]","[0,1,2]",5
2021,012/002/200,6,1965,"[[0,0,1],[0,0,2],[0,2,2]]",19,"[0,2,3]","[0,0,2]","[0,0,0]","[0,1,2]",5
2022,012/002/201,6,2397,"[[0,0,1],[0,0,2],[1,2,2]]",19,"[0,2,3]","[0,0,2]","[0,0,1]","[0,1,2]",4
2023,012/002/210,6,2721,"[[0,0,2],[0,1,1],[0,2,2]]",21,"[1,2,3]","[0,0,2]","[0,0,0]","[0,1,2]",4
2024,012/002/211,6,2883,"[[0,0,2],[0,1,1],[1,2,2]]",19,"[1,2,3]","[0,0,2]","[0,0,1]","[0,1,2]",5
2025,012/002/220,6,2478,"[[0,0,2],[0,1,2],[0,2,2]]",18,"[0,2,3]","[0,1,2]","[0,0,0]","[0,1,2]",4
2026,012/002/221,6,2640,"[[0,0,2],[0,1,2],[1,2,2]]",17,"[0,2,3]","[0,1,2]","[0,0,1]","[0,1,2]",4
2027,012/012/001,6,3504,"[[0,0,0],[0,1,1],[1,2,2]]",26,"[1,3,3]","[0,1,1]","[0,1,1]","[0,1,2]",3
2028,012/012/012,1,15897,"[[0,0,0],[1,1,1],[2,2,2]]",27,"[3,3,3]","[1,1,1]","[0,1,2]","[0,1,2]",3
2029,012/012/021,6,4233,"[[0,0,0],[1,1,2],[1,2,2]]",23,"[1,3,3]","[0,1,2]","[0,1,1]","[0,1,2]",3
2030,012/012/100,6,1317,"[[0,0,1],[0,1,1],[0,2,2]]",24,"[0,3,3]","[0,1,1]","[0,0,1]","[0,1,2]",4
2031,012/012/102,3,14439,"[[0,0,1],[0,1,1],[2,2,2]]",27,"[1,3,3]","[1,1,1]","[0,1,2]","[0,1,2]",3
2032,012/012/120,6,5691,"[[0,0,1],[0,2,2],[1,1,2]]",21,"[0,3,3]","[0,1,2]","[0,0,1]","[0,1,2]",3
2033,012/012/121,6,2046,"[[0,0,1],[1,1,2],[1,2,2]]",21,"[0,3,3]","[0,1,2]","[0,1,1]","[0,1,2]",4
2034,012/012/220,6,6420,"[[0,0,2],[0,2,2],[1,1,2]]",18,"[0,3,3]","[0,2,2]","[0,0,1]","[0,1,2]",3
2035,012/020/001,3,3497,"[[0,0,0],[0,1,2],[0,1,2]]",21,"[1,1,3]","[0,0,1]","[0,1,2]","[0,0,0]",3
2036,012/020/011,6,2768,"[[0,0,0],[0,1,2],[1,1,2]]",21,"[1,2,3]","[0,0,1]","[0,1,2]","[0,0,1]",4
2037,012/020/021,6,3488,"[[0,0,0],[0,1,2],[1,2,2]]",22,"[1,1,3]","[0,1,1]","[0,1,2]","[0,0,2]",3
2038,012/020/100,6,912,"[[0,0,1],[0,0,2],[0,1,2]]",18,"[0,1,3]","[0,0,1]","[0,0,2]","[0,0,2]",4
2039,012/020/101,6,1310,"[[0,0,1],[0,1,2],[0,1,2]]",15,"[0,1,3]","[0,0,1]","[0,1,2]","[0,0,0]",4
2040,012/020/102,6,3498,"[[0,0,1],[0,1,2],[0,2,2]]",18,"[1,1,3]","[0,1,1]","[0,2,2]","[0,0,2]",3
2041,012/020/110,6,3099,"[[0,0,1],[0,0,2],[1,1,2]]",18,"[1,1,3]","[0,0,1]","[0,0,2]","[0,1,2]",3
2042,012/020/111,6,581,"[[0,0,1],[0,1,2],[1,1,2]]",13,"[1,1,3]","[0,0,1]","[0,1,2]","[0,0,1]",5
2043,012/020/120,6,3490,"[[0,0,1],[0,0,2],[1,2,2]]",17,"[0,1,3]","[0,1,1]","[0,0,2]","[0,2,2]",3
2044,012/020/121,6,2039,"[[0,0,1],[0,1,2],[1,2,2]]",15,"[0,1,3]","[0,1,1]","[0,1,2]","[0,0,2]",4
2045,012/020/200,6,1641,"[[0,0,2],[0,0,2],[0,1,2]]",17,"[0,1,3]","[0,0,2]","[0,0,2]","[0,0,2]",4
2046,012/020/201,6,3494,"[[0,0,2],[0,1,2],[0,1,2]]",14,"[0,1,3]","[0,0,2]","[0,1,2]","[0,0,0]",3
2047,012/020/210,6,3502,"[[0,0,2],[0,0,2],[1,1,2]]",18,"[1,1,3]","[0,0,2]","[0,0,2]","[0,1,2]",3
2048,012/020/211,6,3503,"[[0,0,2],[0,1,2],[1,1,2]]",17,"[1,1,3]","[0,0,2]","[0,1,2]","[0,0,1]",4
2049,012/020/220,6,3484,"[[0,0,2],[0,0,2],[1,2,2]]",17,"[0,1,3]","[0,1,2]","[0,0,2]","[0,2,2]",3
2050,012/020/221,6,3485,"[[0,0,2],[0,1,2],[1,2,2]]",16,"[0,1,3]","[0,1,2]","[0,1,2]","[0,0,2]",3
2051,012/021/011,6,2759,"[[0,0,0],[1,1,2],[1,1,2]]",21,"[1,2,3]","[0,1,1]","[0,1,2]","[0,1,1]",4
2052,012/021/021,3,4217,"[[0,0,0],[1,1,2],[1,2,2]]",27,"[1,1,3]","[1,1,1]","[0,1,2]","[0,1,2]",3
2053,012/021/100,6,1155,"[[0,0,1],[0,1,2],[0,1,2]]",17,"[0,1,3]","[0,1,1]","[0,0,2]","[0,0,2]",4
2054,012/021/101,6,1301,"[[0,0,1],[0,1,2],[1,1,2]]",16,"[0,1,3]","[0,1,1]","[0,1,2]","[0,0,1]",4
2055,012/021/102,6,4227,"[[0,0,1],[0,1,2],[1,2,2]]",17,"[1,1,3]","[0,1,2]","[0,2,2]","[0,0,2]",3
2056,012/021/110,6,3342,"[[0,0,1],[0,1,2],[1,1,2]]",15,"[1,1,3]","[0,1,1]","[0,0,2]","[0,1,2]",3
2057,012/021/111,6,572,"[[0,0,1],[1,1,2],[1,1,2]]",14,"[1,1,3]","[0,1,1]","[0,1,2]","[0,1,1]",5
2058,012/021/120,6,4219,"[[0,0,1],[0,1,2],[1,2,2]]",16,"[0,1,3]","[1,1,1]","[0,0,2]","[0,2,2]",3
2059,012/021/121,6,2030,"[[0,0,1],[1,1,2],[1,2,2]]",21,"[0,1,3]","[1,1,1]","[0,1,2]","[0,1,2]",4
2060,012/021/200,6,1884,"[[0,0,2],[0,1,2],[0,1,2]]",15,"[0,1,3]","[0,1,2]","[0,0,2]","[0,0,2]",4
2061,012/021/201,6,4223,"[[0,0,2],[0,1,2],[1,1,2]]",16,"[0,1,3]","[0,1,2]","[0,1,2]","[0,0,1]",3
2062,012/021/210,6,4071,"[[0,0,2],[0,1,2],[1,1,2]]",14,"[1,1,3]","[0,1,2]","[0,0,2]","[0,1,2]",3
2063,012/021/211,6,4232,"[[0,0,2],[1,1,2],[1,1,2]]",17,"[1,1,3]","[0,1,2]","[0,1,2]","[0,1,1]",4
2064,012/021/220,6,4213,"[[0,0,2],[0,1,2],[1,2,2]]",16,"[0,1,3]","[1,1,2]","[0,0,2]","[0,2,2]",3
2065,012/021/221,6,4214,"[[0,0,2],[1,1,2],[1,2,2]]",21,"[0,1,3]","[1,1,2]","[0,1,2]","[0,1,2]",3
2066,012/022/011,3,2777,"[[0,0,0],[1,1,2],[1,2,2]]",19,"[2,2,3]","[0,0,1]","[0,1,2]","[0,1,2]",5
2067,012/022/100,6,1398,"[[0,0,1],[0,1,2],[0,2,2]]",19,"[0,2,3]","[0,0,1]","[0,0,2]","[0,0,2]",5
2068,012/022/101,6,1319,"[[0,0,1],[0,1,2],[1,2,2]]",15,"[0,2,3]","[0,0,1]","[0,1,2]","[0,0,2]",5
2069,012/022/102,6,2769,"[[0,0,1],[0,1,2],[2,2,2]]",22,"[1,2,3]","[0,1,1]","[0,2,2]","[0,0,2]",4
2070,012/022/110,6,2779,"[[0,0,1],[0,2,2],[1,1,2]]",17,"[1,2,3]","[0,0,1]","[0,0,2]","[0,1,2]",4
2071,012/022/111,6,590,"[[0,0,1],[1,1,2],[1,2,2]]",12,"[1,2,3]","[0,0,1]","[0,1,2]","[0,1,2]",6
2072,012/022/120,6,2761,"[[0,0,1],[0,2,2],[1,2,2]]",16,"[0,2,3]","[0,1,1]","[0,0,2]","[0,2,2]",4
2073,012/022/121,6,2048,"[[0,0,1],[1,2,2],[1,2,2]]",16,"[0,2,3]","[0,1,1]","[0,1,2]","[0,2,2]",5
2074,012/022/200,6,2127,"[[0,0,2],[0,1,2],[0,2,2]]",18,"[0,2,3]","[0,0,2]","[0,0,2]","[0,0,2]",5
2075,012/022/201,6,2765,"[[0,0,2],[0,1,2],[1,2,2]]",15,"[0,2,3]","[0,0,2]","[0,1,2]","[0,0,2]",4
2076,012/022/210,6,2773,"[[0,0,2],[0,2,2],[1,1,2]]",18,"[1,2,3]","[0,0,2]","[0,0,2]","[0,1,2]",4
2077,012/022/211,6,2774,"[[0,0,2],[1,1,2],[1,2,2]]",16,"[1,2,3]","[0,0,2]","[0,1,2]","[0,1,2]",5
2078,012/022/220,6,2755,"[[0,0,2],[0,2,2],[1,2,2]]",15,"[0,2,3]","[0,1,2]","[0,0,2]","[0,2,2]",4
2079,012/022/221,6,2756,"[[0,0,2],[1,2,2],[1,2,2]]",15,"[0,2,3]","[0,1,2]","[0,1,2]","[0,2,2]",4
2080,012/100/100,6,777,"[[0,0,1],[0,0,2],[0,1,1]]",9,"[0,0,3]","[0,0,2]","[0,0,0]","[0,1,2]",5
2081,012/100/101,6,1306,"[[0,0,1],[0,1,1],[0,1,2]]",14,"[0,0,3]","[0,0,2]","[0,0,1]","[0,0,1]",5
2082,012/100/102,6,1614,"[[0,0,1],[0,1,1],[0,2,2]]",13,"[0,1,3]","[0,1,2]","[0,0,2]","[0,1,2]",4
2083,012/100/110,6,2019,"[[0,0,2],[0,1,1],[0,1,1]]",13,"[0,1,3]","[0,0,2]","[0,0,0]","[0,1,2]",4
2084,012/100/111,6,577,"[[0,1,1],[0,1,1],[0,1,2]]",11,"[0,1,3]","[0,0,2]","[0,0,1]","[0,0,1]",6
2085,012/100/120,6,1776,"[[0,0,2],[0,1,1],[0,1,2]]",12,"[0,0,3]","[0,1,2]","[0,0,0]","[0,1,2]",4
2086,012/100/121,6,1938,"[[0,1,1],[0,1,2],[0,1,2]]",13,"[0,0,3]","[0,1,2]","[0,0,1]","[0,0,1]",5
2087,012/100/200,3,1506,"[[0,0,1],[0,0,2],[0,1,2]]",9,"[0,0,3]","[0,0,3]","[0,0,0]","[0,1,2]",5
2088,012/100/201,6,1668,"[[0,0,1],[0,1,2],[0,1,2]]",11,"[0,0,3]","[0,0,3]","[0,0,1]","[0,0,1]",4
2089,012/100/210,6,1992,"[[0,0,2],[0,1,1],[0,1,2]]",12,"[0,1,3]","[0,0,3]","[0,0,0]","[0,1,2]",4
2090,012/100/211,6,2154,"[[0,1,1],[0,1,2],[0,1,2]]",13,"[0,1,3]","[0,0,3]","[0,0,1]","[0,0,1]",5
2091,012/100/220,6,1749,"[[0,0,2],[0,1,2],[0,1,2]]",11,"[0,0,3]","[0,1,3]","[0,0,0]","[0,1,2]",4
2092,012/100/221,6,1911,"[[0,1,2],[0,1,2],[0,1,2]]",12,"[0,0,3]","[0,1,3]","[0,0,1]","[0,0,1]",4
2093,012/101/100,6,1020,"[[0,0,1],[0,1,1],[0,1,2]]",12,"[0,0,3]","[0,1,2]","[0,0,0]","[0,1,2]",4
2094,012/101/101,6,1297,"[[0,0,1],[0,1,1],[1,1,2]]",15,"[0,0,3]","[0,1,2]","[0,0,1]","[0,1,1]",4
2095,012/101/102,6,5988,"[[0,0,1],[0,1,1],[1,2,2]]",14,"[0,1,3]","[0,2,2]","[0,0,2]","[0,1,2]",3
2096,012/101/110,6,3207,"[[0,1,1],[0,1,1],[0,1,2]]",13,"[0,1,3]","[0,1,2]","[0,0,0]","[0,1,2]",3
2097,012/101/111,6,568,"[[0,1,1],[0,1,1],[1,1,2]]",11,"[0,1,3]","[0,1,2]","[0,0,1]","[0,1,1]",5
2098,012/101/120,6,5394,"[[0,1,1],[0,1,2],[0,1,2]]",12,"[0,0,3]","[1,1,2]","[0,0,0]","[0,1,2]",3
2099,012/101/121,6,2026,"[[0,1,1],[0,1,2],[1,1,2]]",16,"[0,0,3]","[1,1,2]","[0,0,1]","[0,1,1]",4
2100,012/101/201,6,5671,"[[0,0,1],[0,1,2],[1,1,2]]",13,"[0,0,3]","[0,1,3]","[0,0,1]","[0,1,1]",3
2101,012/101/210,6,3936,"[[0,1,1],[0,1,2],[0,1,2]]",13,"[0,1,3]","[0,1,3]","[0,0,0]","[0,1,2]",3
2102,012/101/211,6,4942,"[[0,1,1],[0,1,2],[1,1,2]]",14,"[0,1,3]","[0,1,3]","[0,0,1]","[0,1,1]",4
2103,012/101/220,3,6123,"[[0,1,2],[0,1,2],[0,1,2]]",11,"[0,0,3]","[1,1,3]","[0,0,0]","[0,1,2]",3
2104,012/101/221,6,6285,"[[0,1,2],[0,1,2],[1,1,2]]",14,"[0,0,3]","[1,1,3]","[0,0,1]","[0,1,1]",3
2105,012/102/100,6,1263,"[[0,0,1],[0,1,1],[0,2,2]]",14,"[0,1,3]","[0,0,2]","[0,0,0]","[0,1,2]",4
2106,012/102/101,6,1315,"[[0,0,1],[0,1,1],[1,2,2]]",17,"[0,1,3]","[0,0,2]","[0,0,1]","[0,1,2]",4
2107,012/102/102,6,3801,"[[0,0,1],[0,1,1],[2,2,2]]",19,"[1,1,3]","[0,1,2]","[0,0,2]","[0,1,2]",3
2108,012/102/110,6,3450,"[[0,1,1],[0,1,1],[0,2,2]]",13,"[1,1,3]","[0,0,2]","[0,0,0]","[0,1,2]",3
2109,012/102/111,6,586,"[[0,1,1],[0,1,1],[1,2,2]]",11,"[1,1,3]","[0,0,2]","[0,0,1]","[0,1,2]",5
2110,012/102/120,6,3963,"[[0,1,1],[0,1,2],[0,2,2]]",13,"[0,1,3]","[0,1,2]","[0,0,0]","[0,1,2]",3
2111,012/102/121,6,2044,"[[0,1,1],[0,1,2],[1,2,2]]",14,"[0,1,3]","[0,1,2]","[0,0,1]","[0,1,2]",4
2112,012/102/201,6,3855,"[[0,0,1],[0,1,2],[1,2,2]]",13,"[0,1,3]","[0,0,3]","[0,0,1]","[0,1,2]",3
2113,012/102/210,3,4179,"[[0,1,1],[0,1,2],[0,2,2]]",13,"[1,1,3]","[0,0,3]","[0,0,0]","[0,1,2]",3
2114,012/102/211,6,4341,"[[0,1,1],[0,1,2],[1,2,2]]",13,"[1,1,3]","[0,0,3]","[0,0,1]","[0,1,2]",4
2115,012/102/221,6,4098,"[[0,1,2],[0,1,2],[1,2,2]]",13,"[0,1,3]","[0,1,3]","[0,0,1]","[0,1,2]",3
2116,012/120/100,6,939,"[[0,0,2],[0,1,1],[0,1,2]]",12,"[0,0,3]","[0,0,2]","[0,0,2]","[0,0,2]",4
2117,012/120/101,6,1307,"[[0,1,1],[0,1,2],[0,1,2]]",12,"[0,0,3]","[0,0,2]","[0,1,2]","[0,0,0]",4
2118,012/120/102,6,5685,"[[0,1,1],[0,1,2],[0,2,2]]",14,"[0,1,3]","[0,1,2]","[0,2,2]","[0,0,2]",3
2119,012/120/110,6,3126,"[[0,0,2],[0,1,1],[1,1,2]]",15,"[0,1,3]","[0,0,2]","[0,0,2]","[0,1,2]",3
2120,012/120/111,6,578,"[[0,1,1],[0,1,2],[1,1,2]]",11,"[0,1,3]","[0,0,2]","[0,1,2]","[0,0,1]",5
2121,012/120/120,6,5313,"[[0,0,2],[0,1,1],[1,2,2]]",15,"[0,0,3]","[0,1,2]","[0,0,2]","[0,2,2]",3
2122,012/120/121,6,2036,"[[0,1,1],[0,1,2],[1,2,2]]",15,"[0,0,3]","[0,1,2]","[0,1,2]","[0,0,2]",4
2123,012/120/201,3,5681,"[[0,1,2],[0,1,2],[0,1,2]]",9,"[0,0,3]","[0,0,3]","[0,1,2]","[0,0,0]",3
2124,012/120/211,6,4952,"[[0,1,2],[0,1,2],[1,1,2]]",13,"[0,1,3]","[0,0,3]","[0,1,2]","[0,0,1]",4
2125,012/120/221,6,5672,"[[0,1,2],[0,1,2],[1,2,2]]",13,"[0,0,3]","[0,1,3]","[0,1,2]","[0,0,2]",3
2126,012/121/100,6,1182,"[[0,1,1],[0,1,2],[0,1,2]]",13,"[0,0,3]","[0,1,2]","[0,0,2]","[0,0,2]",4
2127,012/121/101,6,1298,"[[0,1,1],[0,1,2],[1,1,2]]",14,"[0,0,3]","[0,1,2]","[0,1,2]","[0,0,1]",4
2128,012/121/102,6,6414,"[[0,1,1],[0,1,2],[1,2,2]]",14,"[0,1,3]","[0,2,2]","[0,2,2]","[0,0,2]",3
2129,012/121/110,6,3369,"[[0,1,1],[0,1,2],[1,1,2]]",13,"[0,1,3]","[0,1,2]","[0,0,2]","[0,1,2]",3
2130,012/121/111,6,569,"[[0,1,1],[1,1,2],[1,1,2]]",12,"[0,1,3]","[0,1,2]","[0,1,2]","[0,1,1]",5
2131,012/121/120,6,5556,"[[0,1,1],[0,1,2],[1,2,2]]",15,"[0,0,3]","[1,1,2]","[0,0,2]","[0,2,2]",3
2132,012/121/121,6,2027,"[[0,1,1],[1,1,2],[1,2,2]]",21,"[0,0,3]","[1,1,2]","[0,1,2]","[0,1,2]",4
2133,012/121/211,6,4943,"[[0,1,2],[1,1,2],[1,1,2]]",15,"[0,1,3]","[0,1,3]","[0,1,2]","[0,1,1]",4
2134,012/121/221,3,6401,"[[0,1,2],[1,1,2],[1,2,2]]",19,"[0,0,3]","[1,1,3]","[0,1,2]","[0,1,2]",3
2135,012/122/100,6,1425,"[[0,1,1],[0,1,2],[0,2,2]]",13,"[0,1,3]","[0,0,2]","[0,0,2]","[0,0,2]",5
2136,012/122/101,6,1316,"[[0,1,1],[0,1,2],[1,2,2]]",14,"[0,1,3]","[0,0,2]","[0,1,2]","[0,0,2]",5
2137,012/122/102,6,4956,"[[0,1,1],[0,1,2],[2,2,2]]",19,"[1,1,3]","[0,1,2]","[0,2,2]","[0,0,2]",4
2138,012/122/110,6,3612,"[[0,1,1],[0,2,2],[1,1,2]]",13,"[1,1,3]","[0,0,2]","[0,0,2]","[0,1,2]",4
2139,012/122/111,6,587,"[[0,1,1],[1,1,2],[1,2,2]]",11,"[1,1,3]","[0,0,2]","[0,1,2]","[0,1,2]",6
2140,012/122/120,6,4948,"[[0,1,1],[0,2,2],[1,2,2]]",16,"[0,1,3]","[0,1,2]","[0,0,2]","[0,2,2]",4
2141,012/122/121,6,2045,"[[0,1,1],[1,2,2],[1,2,2]]",18,"[0,1,3]","[0,1,2]","[0,1,2]","[0,2,2]",5
2142,012/122/211,3,4961,"[[0,1,2],[1,1,2],[1,2,2]]",13,"[1,1,3]","[0,0,3]","[0,1,2]","[0,1,2]",5
2143,012/200/100,3,804,"[[0,0,1],[0,0,2],[0,1,2]]",9,"[0,0,3]","[0,0,1]","[0,0,0]","[0,1,2]",5
2144,012/200/101,6,966,"[[0,0,1],[0,1,2],[0,1,2]]",14,"[0,0,3]","[0,0,1]","[0,0,1]","[0,0,1]",5
2145,012/200/102,6,885,"[[0,0,1],[0,1,2],[0,2,2]]",14,"[0,1,3]","[0,1,1]","[0,0,2]","[0,1,2]",4
2146,012/200/110,6,1290,"[[0,0,2],[0,1,1],[0,1,2]]",13,"[0,1,3]","[0,0,1]","[0,0,0]","[0,1,2]",4
2147,012/200/111,6,583,"[[0,1,1],[0,1,2],[0,1,2]]",11,"[0,1,3]","[0,0,1]","[0,0,1]","[0,0,1]",6
2148,012/200/120,6,1047,"[[0,0,2],[0,1,2],[0,1,2]]",11,"[0,0,3]","[0,1,1]","[0,0,0]","[0,1,2]",4
2149,012/200/121,6,1209,"[[0,1,2],[0,1,2],[0,1,2]]",12,"[0,0,3]","[0,1,1]","[0,0,1]","[0,0,1]",5
2150,012/201/101,6,1303,"[[0,0,1],[0,1,2],[1,1,2]]",14,"[0,0,3]","[0,1,1]","[0,0,1]","[0,1,1]",4
2151,012/201/102,6,5259,"[[0,0,1],[0,1,2],[1,2,2]]",14,"[0,1,3]","[0,1,2]","[0,0,2]","[0,1,2]",3
2152,012/201/110,6,3234,"[[0,1,1],[0,1,2],[0,1,2]]",13,"[0,1,3]","[0,1,1]","[0,0,0]","[0,1,2]",3
2153,012/201/111,6,574,"[[0,1,1],[0,1,2],[1,1,2]]",11,"[0,1,3]","[0,1,1]","[0,0,1]","[0,1,1]",5
2154,012/201/120,3,5421,"[[0,1,2],[0,1,2],[0,1,2]]",9,"[0,0,3]","[1,1,1]","[0,0,0]","[0,1,2]",3
2155,012/201/121,6,2032,"[[0,1,2],[0,1,2],[1,1,2]]",13,"[0,0,3]","[1,1,1]","[0,0,1]","[0,1,1]",4
2156,012/202/101,6,1321,"[[0,0,1],[0,1,2],[1,2,2]]",15,"[0,1,3]","[0,0,1]","[0,0,1]","[0,1,2]",4
2157,012/202/102,6,3072,"[[0,0,1],[0,1,2],[2,2,2]]",19,"[1,1,3]","[0,1,1]","[0,0,2]","[0,1,2]",3
2158,012/202/110,3,3477,"[[0,1,1],[0,1,2],[0,2,2]]",15,"[1,1,3]","[0,0,1]","[0,0,0]","[0,1,2]",3
2159,012/202/111,6,592,"[[0,1,1],[0,1,2],[1,2,2]]",11,"[1,1,3]","[0,0,1]","[0,0,1]","[0,1,2]",5
2160,012/202/121,6,2050,"[[0,1,2],[0,1,2],[1,2,2]]",13,"[0,1,3]","[0,1,1]","[0,0,1]","[0,1,2]",4
2161,012/210/101,6,1311,"[[0,1,1],[0,1,2],[0,1,2]]",17,"[0,1,3]","[0,1,1]","[0,1,1]","[0,0,1]",4
2162,012/210/102,3,14007,"[[0,1,1],[0,1,2],[0,2,2]]",19,"[1,1,3]","[1,1,1]","[0,1,2]","[0,1,2]",3
2163,012/210/111,6,582,"[[0,1,2],[0,1,2],[1,1,1]]",23,"[1,1,3]","[0,1,1]","[0,1,1]","[0,0,1]",5
2164,012/210/121,6,2040,"[[0,1,2],[0,1,2],[1,1,2]]",14,"[0,1,3]","[0,1,2]","[0,1,1]","[0,0,1]",4
2165,012/220/101,3,1313,"[[0,1,2],[0,1,2],[0,1,2]]",13,"[0,0,3]","[0,0,1]","[0,1,2]","[0,0,0]",5
2166,012/220/111,6,584,"[[0,1,2],[0,1,2],[1,1,2]]",11,"[0,1,3]","[0,0,1]","[0,1,2]","[0,0,1]",6
2167,012/220/121,6,1304,"[[0,1,2],[0,1,2],[1,2,2]]",13,"[0,0,3]","[0,1,1]","[0,1,2]","[0,0,2]",5
2168,012/221/111,6,575,"[[0,1,2],[1,1,2],[1,1,2]]",13,"[0,1,3]","[0,1,1]","[0,1,2]","[0,1,1]",6
2169,012/221/121,3,2033,"[[0,1,2],[1,1,2],[1,2,2]]",19,"[0,0,3]","[1,1,1]","[0,1,2]","[0,1,2]",5
2170,012/222/111,3,593,"[[0,1,2],[1,1,2],[1,2,2]]",9,"[1,1,3]","[0,0,1]","[0,1,2]","[0,1,2]",7
2171,021/000/000,3,15,"[[0,0,0],[0,0,1],[0,0,2]]",27,"[1,1,1]","[0,0,1]","[0,0,0]","[0,1,2]",7
2172,021/000/001,6,177,"[[0,0,0],[0,0,2],[0,1,1]]",22,"[1,1,1]","[0,0,1]","[0,0,1]","[0,0,2]",5
2173,021/000/010,6,501,"[[0,0,0],[0,0,1],[0,1,2]]",22,"[1,1,2]","[0,0,1]","[0,0,0]","[0,1,2]",6
2174,021/000/011,6,663,"[[0,0,0],[0,1,1],[0,1,2]]",19,"[1,1,2]","[0,0,1]","[0,0,1]","[0,0,2]",6
2175,021/000/020,6,258,"[[0,0,0],[0,0,1],[0,2,2]]",22,"[1,1,1]","[0,1,1]","[0,0,0]","[0,1,2]",6
2176,021/000/021,6,420,"[[0,0,0],[0,1,1],[0,2,2]]",19,"[1,1,1]","[0,1,1]","[0,0,1]","[0,0,2]",5
2177,021/000/100,6,69,"[[0,0,1],[0,0,1],[0,0,2]]",18,"[0,1,1]","[0,0,1]","[0,0,0]","[0,1,2]",6
2178,021/000/101,6,231,"[[0,0,1],[0,0,2],[0,1,1]]",17,"[0,1,1]","[0,0,1]","[0,0,1]","[0,0,2]",6
2179,021/000/102,6,150,"[[0,0,1],[0,0,2],[0,1,2]]",19,"[1,1,1]","[0,1,1]","[0,0,2]","[0,2,2]",5
2180,021/000/110,6,555,"[[0,0,1],[0,0,1],[0,1,2]]",15,"[1,1,1]","[0,0,1]","[0,0,0]","[0,1,2]",5
2181,021/000/111,6,148,"[[0,0,1],[0,1,1],[0,1,2]]",12,"[1,1,1]","[0,0,1]","[0,0,1]","[0,0,2]",7
2182,021/000/120,6,312,"[[0,0,1],[0,0,1],[0,2,2]]",17,"[0,1,1]","[0,1,1]","[0,0,0]","[0,1,2]",5
2183,021/000/121,6,474,"[[0,0,1],[0,1,1],[0,2,2]]",13,"[0,1,1]","[0,1,1]","[0,0,1]","[0,0,2]",6
2184,021/000/200,6,42,"[[0,0,1],[0,0,2],[0,0,2]]",16,"[0,1,1]","[0,0,2]","[0,0,0]","[0,1,2]",6
2185,021/000/201,6,204,"[[0,0,2],[0,0,2],[0,1,1]]",17,"[0,1,1]","[0,0,2]","[0,0,1]","[0,0,2]",5
2186,021/000/210,6,528,"[[0,0,1],[0,0,2],[0,1,2]]",14,"[1,1,1]","[0,0,2]","[0,0,0]","[0,1,2]",5
2187,021/000/211,6,690,"[[0,0,2],[0,1,1],[0,1,2]]",14,"[1,1,1]","[0,0,2]","[0,0,1]","[0,0,2]",6
2188,021/000/220,6,285,"[[0,0,1],[0,0,2],[0,2,2]]",17,"[0,1,1]","[0,1,2]","[0,0,0]","[0,1,2]",5
2189,021/000/221,6,447,"[[0,0,2],[0,1,1],[0,2,2]]",15,"[0,1,1]","[0,1,2]","[0,0,1]","[0,0,2]",5
2190,021/001/001,6,3055,"[[0,0,0],[0,0,2],[1,1,1]]",17,"[1,1,1]","[0,1,1]","[0,0,1]","[0,1,2]",4
2191,021/001/010,6,2445,"[[0,0,0],[0,1,1],[0,1,2]]",18,"[1,1,2]","[0,1,1]","[0,0,0]","[0,1,2]",5
2192,021/001/011,6,2326,"[[0,0,0],[0,1,2],[1,1,1]]",15,"[1,1,2]","[0,1,1]","[0,0,1]","[0,1,2]",5
2193,021/001/020,3,4632,"[[0,0,0],[0,1,1],[0,2,2]]",19,"[1,1,1]","[1,1,1]","[0,0,0]","[0,1,2]",5
2194,021/001/021,6,3784,"[[0,0,0],[0,2,2],[1,1,1]]",19,"[1,1,1]","[1,1,1]","[0,0,1]","[0,1,2]",4
2195,021/001/100,6,987,"[[0,0,1],[0,0,2],[0,1,1]]",14,"[0,1,1]","[0,1,1]","[0,0,0]","[0,1,2]",5
2196,021/001/101,6,868,"[[0,0,1],[0,0,2],[1,1,1]]",12,"[0,1,1]","[0,1,1]","[0,0,1]","[0,1,2]",5
2197,021/001/102,6,4524,"[[0,0,1],[0,0,2],[1,1,2]]",11,"[1,1,1]","[0,1,2]","[0,0,2]","[0,2,2]",4
2198,021/001/110,6,3174,"[[0,0,1],[0,1,1],[0,1,2]]",12,"[1,1,1]","[0,1,1]","[0,0,0]","[0,1,2]",4
2199,021/001/111,6,139,"[[0,0,1],[0,1,2],[1,1,1]]",9,"[1,1,1]","[0,1,1]","[0,0,1]","[0,1,2]",6
2200,021/001/120,6,4686,"[[0,0,1],[0,1,1],[0,2,2]]",13,"[0,1,1]","[1,1,1]","[0,0,0]","[0,1,2]",4
2201,021/001/121,6,1597,"[[0,0,1],[0,2,2],[1,1,1]]",14,"[0,1,1]","[1,1,1]","[0,0,1]","[0,1,2]",5
2202,021/001/200,6,1716,"[[0,0,2],[0,0,2],[0,1,1]]",11,"[0,1,1]","[0,1,2]","[0,0,0]","[0,1,2]",5
2203,021/001/201,6,4578,"[[0,0,2],[0,0,2],[1,1,1]]",11,"[0,1,1]","[0,1,2]","[0,0,1]","[0,1,2]",4
2204,021/001/210,6,3903,"[[0,0,2],[0,1,1],[0,1,2]]",10,"[1,1,1]","[0,1,2]","[0,0,0]","[0,1,2]",4
2205,021/001/211,6,4513,"[[0,0,2],[0,1,2],[1,1,1]]",11,"[1,1,1]","[0,1,2]","[0,0,1]","[0,1,2]",5
2206,021/001/220,6,4659,"[[0,0,2],[0,1,1],[0,2,2]]",14,"[0,1,1]","[1,1,2]","[0,0,0]","[0,1,2]",4
2207,021/001/221,6,4821,"[[0,0,2],[0,2,2],[1,1,1]]",14,"[0,1,1]","[1,1,2]","[0,0,1]","[0,1,2]",4
2208,021/002/001,6,2364,"[[0,0,0],[0,0,2],[1,1,2]]",16,"[1,1,2]","[0,0,1]","[0,0,1]","[0,2,2]",4
2209,021/002/010,3,2688,"[[0,0,0],[0,1,2],[0,1,2]]",21,"[1,2,2]","[0,0,1]","[0,0,0]","[0,1,2]",5
2210,021/002/011,6,2344,"[[0,0,0],[0,1,2],[1,1,2]]",16,"[1,2,2]","[0,0,1]","[0,0,1]","[0,2,2]",5
2211,021/002/021,6,2607,"[[0,0,0],[0,2,2],[1,1,2]]",14,"[1,1,2]","[0,1,1]","[0,0,1]","[0,2,2]",4
2212,021/002/100,6,1230,"[[0,0,1],[0,0,2],[0,1,2]]",12,"[0,1,2]","[0,0,1]","[0,0,0]","[0,1,2]",5
2213,021/002/101,6,886,"[[0,0,1],[0,0,2],[1,1,2]]",9,"[0,1,2]","[0,0,1]","[0,0,1]","[0,2,2]",5
2214,021/002/102,6,2337,"[[0,0,1],[0,0,2],[1,2,2]]",10,"[1,1,2]","[0,1,1]","[0,0,2]","[0,2,2]",4
2215,021/002/110,6,2742,"[[0,0,1],[0,1,2],[0,1,2]]",13,"[1,1,2]","[0,0,1]","[0,0,0]","[0,1,2]",4
2216,021/002/111,6,157,"[[0,0,1],[0,1,2],[1,1,2]]",8,"[1,1,2]","[0,0,1]","[0,0,1]","[0,2,2]",6
2217,021/002/120,6,2499,"[[0,0,1],[0,1,2],[0,2,2]]",10,"[0,1,2]","[0,1,1]","[0,0,0]","[0,1,2]",4
2218,021/002/121,6,1615,"[[0,0,1],[0,2,2],[1,1,2]]",7,"[0,1,2]","[0,1,1]","[0,0,1]","[0,2,2]",5
2219,021/002/200,6,1959,"[[0,0,2],[0,0,2],[0,1,2]]",11,"[0,1,2]","[0,0,2]","[0,0,0]","[0,1,2]",5
2220,021/002/201,6,2391,"[[0,0,2],[0,0,2],[1,1,2]]",9,"[0,1,2]","[0,0,2]","[0,0,1]","[0,2,2]",4
2221,021/002/210,6,2715,"[[0,0,2],[0,1,2],[0,1,2]]",14,"[1,1,2]","[0,0,2]","[0,0,0]","[0,1,2]",4
2222,021/002/211,6,2877,"[[0,0,2],[0,1,2],[1,1,2]]",12,"[1,1,2]","[0,0,2]","[0,0,1]","[0,2,2]",5
2223,021/002/220,6,2472,"[[0,0,2],[0,1,2],[0,2,2]]",13,"[0,1,2]","[0,1,2]","[0,0,0]","[0,1,2]",4
2224,021/002/221,6,2634,"[[0,0,2],[0,2,2],[1,1,2]]",10,"[0,1,2]","[0,1,2]","[0,0,1]","[0,2,2]",4
2225,021/020/001,3,3065,"[[0,0,0],[0,1,1],[0,2,2]]",17,"[1,1,1]","[0,0,1]","[0,1,2]","[0,0,0]",3
2226,021/020/011,6,2336,"[[0,0,0],[0,1,1],[1,2,2]]",14,"[1,1,2]","[0,0,1]","[0,1,2]","[0,0,1]",4
2227,021/020/021,6,3056,"[[0,0,0],[0,1,1],[2,2,2]]",18,"[1,1,1]","[0,1,1]","[0,1,2]","[0,0,2]",3
2228,021/020/100,6,906,"[[0,0,1],[0,0,1],[0,2,2]]",11,"[0,1,1]","[0,0,1]","[0,0,2]","[0,0,1]",4
2229,021/020/101,6,878,"[[0,0,1],[0,1,1],[0,2,2]]",8,"[0,1,1]","[0,0,1]","[0,1,2]","[0,0,0]",4
2230,021/020/102,6,3066,"[[0,0,1],[0,1,2],[0,2,2]]",12,"[1,1,1]","[0,1,1]","[0,2,2]","[0,0,2]",3
2231,021/020/110,6,3076,"[[0,0,1],[0,0,1],[1,2,2]]",6,"[1,1,1]","[0,0,1]","[0,0,2]","[0,1,1]",3
2232,021/020/111,6,149,"[[0,0,1],[0,1,1],[1,2,2]]",6,"[1,1,1]","[0,0,1]","[0,1,2]","[0,0,1]",5
2233,021/020/120,6,3058,"[[0,0,1],[0,0,1],[2,2,2]]",10,"[0,1,1]","[0,1,1]","[0,0,2]","[0,1,2]",3
2234,021/020/121,6,1607,"[[0,0,1],[0,1,1],[2,2,2]]",10,"[0,1,1]","[0,1,1]","[0,1,2]","[0,0,2]",4
2235,021/020/200,6,1635,"[[0,0,1],[0,0,2],[0,2,2]]",10,"[0,1,1]","[0,0,2]","[0,0,2]","[0,0,1]",4
2236,021/020/201,6,3062,"[[0,0,2],[0,1,1],[0,2,2]]",11,"[0,1,1]","[0,0,2]","[0,1,2]","[0,0,0]",3
2237,021/020/210,6,3070,"[[0,0,1],[0,0,2],[1,2,2]]",7,"[1,1,1]","[0,0,2]","[0,0,2]","[0,1,1]",3
2238,021/020/211,6,3071,"[[0,0,2],[0,1,1],[1,2,2]]",10,"[1,1,1]","[0,0,2]","[0,1,2]","[0,0,1]",4
2239,021/020/220,6,3052,"[[0,0,1],[0,0,2],[2,2,2]]",11,"[0,1,1]","[0,1,2]","[0,0,2]","[0,1,2]",3
2240,021/020/221,6,3053,"[[0,0,2],[0,1,1],[2,2,2]]",12,"[0,1,1]","[0,1,2]","[0,1,2]","[0,0,2]",3
2241,021/021/011,6,2327,"[[0,0,0],[1,1,1],[1,2,2]]",17,"[1,1,2]","[0,1,1]","[0,1,2]","[0,1,1]",4
2242,021/021/021,3,3785,"[[0,0,0],[1,1,1],[2,2,2]]",27,"[1,1,1]","[1,1,1]","[0,1,2]","[0,1,2]",3
2243,021/021/100,6,1149,"[[0,0,1],[0,1,1],[0,2,2]]",10,"[0,1,1]","[0,1,1]","[0,0,2]","[0,0,1]",4
2244,021/021/101,6,869,"[[0,0,1],[0,2,2],[1,1,1]]",10,"[0,1,1]","[0,1,1]","[0,1,2]","[0,0,1]",4
2245,021/021/102,6,3795,"[[0,0,1],[0,2,2],[1,1,2]]",9,"[1,1,1]","[0,1,2]","[0,2,2]","[0,0,2]",3
2246,021/021/110,6,3336,"[[0,0,1],[0,1,1],[1,2,2]]",6,"[1,1,1]","[0,1,1]","[0,0,2]","[0,1,1]",3
2247,021/021/111,6,140,"[[0,0,1],[1,1,1],[1,2,2]]",10,"[1,1,1]","[0,1,1]","[0,1,2]","[0,1,1]",5
2248,021/021/120,6,3787,"[[0,0,1],[0,1,1],[2,2,2]]",12,"[0,1,1]","[1,1,1]","[0,0,2]","[0,1,2]",3
2249,021/021/121,6,1598,"[[0,0,1],[1,1,1],[2,2,2]]",21,"[0,1,1]","[1,1,1]","[0,1,2]","[0,1,2]",4
2250,021/021/200,6,1878,"[[0,0,2],[0,1,1],[0,2,2]]",8,"[0,1,1]","[0,1,2]","[0,0,2]","[0,0,1]",4
2251,021/021/201,6,3791,"[[0,0,2],[0,2,2],[1,1,1]]",12,"[0,1,1]","[0,1,2]","[0,1,2]","[0,0,1]",3
2252,021/021/210,6,3799,"[[0,0,2],[0,1,1],[1,2,2]]",6,"[1,1,1]","[0,1,2]","[0,0,2]","[0,1,1]",3
2253,021/021/211,6,3800,"[[0,0,2],[1,1,1],[1,2,2]]",13,"[1,1,1]","[0,1,2]","[0,1,2]","[0,1,1]",4
2254,021/021/220,6,3781,"[[0,0,2],[0,1,1],[2,2,2]]",14,"[0,1,1]","[1,1,2]","[0,0,2]","[0,1,2]",3
2255,021/021/221,6,3782,"[[0,0,2],[1,1,1],[2,2,2]]",21,"[0,1,1]","[1,1,2]","[0,1,2]","[0,1,2]",3
2256,021/022/011,3,2345,"[[0,0,0],[1,1,2],[1,2,2]]",15,"[1,2,2]","[0,0,1]","[0,1,2]","[0,1,2]",5
2257,021/022/100,6,1392,"[[0,0,1],[0,1,2],[0,2,2]]",10,"[0,1,2]","[0,0,1]","[0,0,2]","[0,0,1]",5
2258,021/022/101,6,887,"[[0,0,1],[0,2,2],[1,1,2]]",6,"[0,1,2]","[0,0,1]","[0,1,2]","[0,0,2]",5
2259,021/022/110,6,2347,"[[0,0,1],[0,1,2],[1,2,2]]",8,"[1,1,2]","[0,0,1]","[0,0,2]","[0,1,1]",4
2260,021/022/111,6,158,"[[0,0,1],[1,1,2],[1,2,2]]",8,"[1,1,2]","[0,0,1]","[0,1,2]","[0,1,2]",6
2261,021/022/120,6,2329,"[[0,0,1],[0,1,2],[2,2,2]]",7,"[0,1,2]","[0,1,1]","[0,0,2]","[0,1,2]",4
2262,021/022/121,6,1616,"[[0,0,1],[1,1,2],[2,2,2]]",10,"[0,1,2]","[0,1,1]","[0,1,2]","[0,2,2]",5
2263,021/022/200,6,2121,"[[0,0,2],[0,1,2],[0,2,2]]",9,"[0,1,2]","[0,0,2]","[0,0,2]","[0,0,1]",5
2264,021/022/201,6,2333,"[[0,0,2],[0,2,2],[1,1,2]]",8,"[0,1,2]","[0,0,2]","[0,1,2]","[0,0,2]",4
2265,021/022/210,6,2341,"[[0,0,2],[0,1,2],[1,2,2]]",10,"[1,1,2]","[0,0,2]","[0,0,2]","[0,1,1]",4
2266,021/022/211,6,2342,"[[0,0,2],[1,1,2],[1,2,2]]",12,"[1,1,2]","[0,0,2]","[0,1,2]","[0,1,2]",5
2267,021/022/220,6,2323,"[[0,0,2],[0,1,2],[2,2,2]]",9,"[0,1,2]","[0,1,2]","[0,0,2]","[0,1,2]",4
2268,021/022/221,6,2324,"[[0,0,2],[1,1,2],[2,2,2]]",11,"[0,1,2]","[0,1,2]","[0,1,2]","[0,2,2]",4
2269,021/100/100,6,771,"[[0,0,1],[0,0,2],[0,1,1]]",7,"[0,0,1]","[0,0,2]","[0,0,0]","[0,1,2]",5
2270,021/100/101,6,874,"[[0,0,2],[0,1,1],[0,1,1]]",11,"[0,0,1]","[0,0,2]","[0,0,1]","[0,0,2]",5
2271,021/100/102,6,1608,"[[0,0,2],[0,1,1],[0,1,2]]",11,"[0,1,1]","[0,1,2]","[0,0,2]","[0,2,2]",4
2272,021/100/110,6,2013,"[[0,0,1],[0,1,1],[0,1,2]]",9,"[0,1,1]","[0,0,2]","[0,0,0]","[0,1,2]",4
2273,021/100/111,6,145,"[[0,1,1],[0,1,1],[0,1,2]]",5,"[0,1,1]","[0,0,2]","[0,0,1]","[0,0,2]",6
2274,021/100/120,6,1770,"[[0,0,1],[0,1,1],[0,2,2]]",10,"[0,0,1]","[0,1,2]","[0,0,0]","[0,1,2]",4
2275,021/100/121,6,1603,"[[0,1,1],[0,1,1],[0,2,2]]",7,"[0,0,1]","[0,1,2]","[0,0,1]","[0,0,2]",5
2276,021/100/200,3,1500,"[[0,0,1],[0,0,2],[0,1,2]]",9,"[0,0,1]","[0,0,3]","[0,0,0]","[0,1,2]",5
2277,021/100/201,6,1662,"[[0,0,2],[0,1,1],[0,1,2]]",11,"[0,0,1]","[0,0,3]","[0,0,1]","[0,0,2]",4
2278,021/100/210,6,1986,"[[0,0,1],[0,1,2],[0,1,2]]",8,"[0,1,1]","[0,0,3]","[0,0,0]","[0,1,2]",4
2279,021/100/211,6,2148,"[[0,1,1],[0,1,2],[0,1,2]]",9,"[0,1,1]","[0,0,3]","[0,0,1]","[0,0,2]",5
2280,021/100/220,6,1743,"[[0,0,1],[0,1,2],[0,2,2]]",11,"[0,0,1]","[0,1,3]","[0,0,0]","[0,1,2]",4
2281,021/100/221,6,1905,"[[0,1,1],[0,1,2],[0,2,2]]",10,"[0,0,1]","[0,1,3]","[0,0,1]","[0,0,2]",4
2282,021/101/100,6,1014,"[[0,0,2],[0,1,1],[0,1,1]]",10,"[0,0,1]","[0,1,2]","[0,0,0]","[0,1,2]",4
2283,021/101/101,6,865,"[[0,0,2],[0,1,1],[1,1,1]]",13,"[0,0,1]","[0,1,2]","[0,0,1]","[0,1,2]",4
2284,021/101/102,6,5982,"[[0,0,2],[0,1,1],[1,1,2]]",10,"[0,1,1]","[0,2,2]","[0,0,2]","[0,2,2]",3
2285,021/101/110,6,3201,"[[0,1,1],[0,1,1],[0,1,2]]",11,"[0,1,1]","[0,1,2]","[0,0,0]","[0,1,2]",3
2286,021/101/111,6,136,"[[0,1,1],[0,1,2],[1,1,1]]",7,"[0,1,1]","[0,1,2]","[0,0,1]","[0,1,2]",5
2287,021/101/120,6,5388,"[[0,1,1],[0,1,1],[0,2,2]]",13,"[0,0,1]","[1,1,2]","[0,0,0]","[0,1,2]",3
2288,021/101/121,6,1594,"[[0,1,1],[0,2,2],[1,1,1]]",15,"[0,0,1]","[1,1,2]","[0,0,1]","[0,1,2]",4
2289,021/101/201,6,5239,"[[0,0,2],[0,1,2],[1,1,1]]",12,"[0,0,1]","[0,1,3]","[0,0,1]","[0,1,2]",3
2290,021/101/210,6,3930,"[[0,1,1],[0,1,2],[0,1,2]]",11,"[0,1,1]","[0,1,3]","[0,0,0]","[0,1,2]",3
2291,021/101/211,6,4510,"[[0,1,2],[0,1,2],[1,1,1]]",12,"[0,1,1]","[0,1,3]","[0,0,1]","[0,1,2]",4
2292,021/101/220,3,6117,"[[0,1,1],[0,1,2],[0,2,2]]",15,"[0,0,1]","[1,1,3]","[0,0,0]","[0,1,2]",3
2293,021/101/221,6,5968,"[[0,1,2],[0,2,2],[1,1,1]]",16,"[0,0,1]","[1,1,3]","[0,0,1]","[0,1,2]",3
2294,021/102/100,6,1257,"[[0,0,2],[0,1,1],[0,1,2]]",8,"[0,1,1]","[0,0,2]","[0,0,0]","[0,1,2]",4
2295,021/102/101,6,883,"[[0,0,2],[0,1,1],[1,1,2]]",10,"[0,1,1]","[0,0,2]","[0,0,1]","[0,2,2]",4
2296,021/102/110,6,3444,"[[0,1,1],[0,1,2],[0,1,2]]",9,"[1,1,1]","[0,0,2]","[0,0,0]","[0,1,2]",3
2297,021/102/111,6,154,"[[0,1,1],[0,1,2],[1,1,2]]",5,"[1,1,1]","[0,0,2]","[0,0,1]","[0,2,2]",5
2298,021/102/120,6,3957,"[[0,1,1],[0,1,2],[0,2,2]]",7,"[0,1,1]","[0,1,2]","[0,0,0]","[0,1,2]",3
2299,021/102/121,6,1612,"[[0,1,1],[0,2,2],[1,1,2]]",5,"[0,1,1]","[0,1,2]","[0,0,1]","[0,2,2]",4
2300,021/102/201,6,3849,"[[0,0,2],[0,1,2],[1,1,2]]",7,"[0,1,1]","[0,0,3]","[0,0,1]","[0,2,2]",3
2301,021/102/210,3,4173,"[[0,1,2],[0,1,2],[0,1,2]]",9,"[1,1,1]","[0,0,3]","[0,0,0]","[0,1,2]",3
2302,021/102/211,6,4335,"[[0,1,2],[0,1,2],[1,1,2]]",9,"[1,1,1]","[0,0,3]","[0,0,1]","[0,2,2]",4
2303,021/102/221,6,4092,"[[0,1,2],[0,2,2],[1,1,2]]",9,"[0,1,1]","[0,1,3]","[0,0,1]","[0,2,2]",3
2304,021/120/100,6,933,"[[0,0,1],[0,1,1],[0,2,2]]",11,"[0,0,1]","[0,0,2]","[0,0,2]","[0,0,1]",4
2305,021/120/101,6,875,"[[0,1,1],[0,1,1],[0,2,2]]",13,"[0,0,1]","[0,0,2]","[0,1,2]","[0,0,0]",4
2306,021/120/102,6,5253,"[[0,1,1],[0,1,2],[0,2,2]]",15,"[0,1,1]","[0,1,2]","[0,2,2]","[0,0,2]",3
2307,021/120/110,6,3120,"[[0,0,1],[0,1,1],[1,2,2]]",9,"[0,1,1]","[0,0,2]","[0,0,2]","[0,1,1]",3
2308,021/120/111,6,146,"[[0,1,1],[0,1,1],[1,2,2]]",8,"[0,1,1]","[0,0,2]","[0,1,2]","[0,0,1]",5
2309,021/120/120,6,5245,"[[0,0,1],[0,1,1],[2,2,2]]",13,"[0,0,1]","[0,1,2]","[0,0,2]","[0,1,2]",3
2310,021/120/121,6,1604,"[[0,1,1],[0,1,1],[2,2,2]]",14,"[0,0,1]","[0,1,2]","[0,1,2]","[0,0,2]",4
2311,021/120/201,3,5249,"[[0,1,1],[0,1,2],[0,2,2]]",13,"[0,0,1]","[0,0,3]","[0,1,2]","[0,0,0]",3
2312,021/120/211,6,4520,"[[0,1,1],[0,1,2],[1,2,2]]",11,"[0,1,1]","[0,0,3]","[0,1,2]","[0,0,1]",4
2313,021/120/221,6,5240,"[[0,1,1],[0,1,2],[2,2,2]]",14,"[0,0,1]","[0,1,3]","[0,1,2]","[0,0,2]",3
2314,021/121/100,6,1176,"[[0,1,1],[0,1,1],[0,2,2]]",9,"[0,0,1]","[0,1,2]","[0,0,2]","[0,0,1]",4
2315,021/121/101,6,866,"[[0,1,1],[0,2,2],[1,1,1]]",13,"[0,0,1]","[0,1,2]","[0,1,2]","[0,0,1]",4
2316,021/121/110,6,3363,"[[0,1,1],[0,1,1],[1,2,2]]",8,"[0,1,1]","[0,1,2]","[0,0,2]","[0,1,1]",3
2317,021/121/111,6,137,"[[0,1,1],[1,1,1],[1,2,2]]",10,"[0,1,1]","[0,1,2]","[0,1,2]","[0,1,1]",5
2318,021/121/120,6,5550,"[[0,1,1],[0,1,1],[2,2,2]]",14,"[0,0,1]","[1,1,2]","[0,0,2]","[0,1,2]",3
2319,021/121/121,6,1595,"[[0,1,1],[1,1,1],[2,2,2]]",23,"[0,0,1]","[1,1,2]","[0,1,2]","[0,1,2]",4
2320,021/121/211,6,4511,"[[0,1,2],[1,1,1],[1,2,2]]",15,"[0,1,1]","[0,1,3]","[0,1,2]","[0,1,1]",4
2321,021/121/221,3,5969,"[[0,1,2],[1,1,1],[2,2,2]]",23,"[0,0,1]","[1,1,3]","[0,1,2]","[0,1,2]",3
2322,021/122/100,6,1419,"[[0,1,1],[0,1,2],[0,2,2]]",7,"[0,1,1]","[0,0,2]","[0,0,2]","[0,0,1]",5
2323,021/122/101,6,884,"[[0,1,1],[0,2,2],[1,1,2]]",10,"[0,1,1]","[0,0,2]","[0,1,2]","[0,0,2]",5
2324,021/122/110,6,3606,"[[0,1,1],[0,1,2],[1,2,2]]",8,"[1,1,1]","[0,0,2]","[0,0,2]","[0,1,1]",4
2325,021/122/111,6,155,"[[0,1,1],[1,1,2],[1,2,2]]",9,"[1,1,1]","[0,0,2]","[0,1,2]","[0,1,2]",6
2326,021/122/120,6,4516,"[[0,1,1],[0,1,2],[2,2,2]]",10,"[0,1,1]","[0,1,2]","[0,0,2]","[0,1,2]",4
2327,021/122/121,6,1613,"[[0,1,1],[1,1,2],[2,2,2]]",14,"[0,1,1]","[0,1,2]","[0,1,2]","[0,2,2]",5
2328,021/122/211,3,4529,"[[0,1,2],[1,1,2],[1,2,2]]",13,"[1,1,1]","[0,0,3]","[0,1,2]","[0,1,2]",5
2329,021/200/100,3,798,"[[0,0,1],[0,0,2],[0,1,2]]",9,"[0,0,1]","[0,0,1]","[0,0,0]","[0,1,2]",5
2330,021/200/101,6,880,"[[0,0,2],[0,1,1],[0,1,2]]",11,"[0,0,1]","[0,0,1]","[0,0,1]","[0,0,2]",5
2331,021/200/102,6,879,"[[0,0,2],[0,1,2],[0,1,2]]",16,"[0,1,1]","[0,1,1]","[0,0,2]","[0,2,2]",4
2332,021/200/110,6,1284,"[[0,0,1],[0,1,2],[0,1,2]]",10,"[0,1,1]","[0,0,1]","[0,0,0]","[0,1,2]",4
2333,021/200/111,6,151,"[[0,1,1],[0,1,2],[0,1,2]]",7,"[0,1,1]","[0,0,1]","[0,0,1]","[0,0,2]",6
2334,021/200/120,6,1041,"[[0,0,1],[0,1,2],[0,2,2]]",12,"[0,0,1]","[0,1,1]","[0,0,0]","[0,1,2]",4
2335,021/200/121,6,1203,"[[0,1,1],[0,1,2],[0,2,2]]",8,"[0,0,1]","[0,1,1]","[0,0,1]","[0,0,2]",5
2336,021/201/101,6,871,"[[0,0,2],[0,1,2],[1,1,1]]",13,"[0,0,1]","[0,1,1]","[0,0,1]","[0,1,2]",4
2337,021/201/110,6,3228,"[[0,1,1],[0,1,2],[0,1,2]]",11,"[0,1,1]","[0,1,1]","[0,0,0]","[0,1,2]",3
2338,021/201/111,6,142,"[[0,1,2],[0,1,2],[1,1,1]]",8,"[0,1,1]","[0,1,1]","[0,0,1]","[0,1,2]",5
2339,021/201/120,3,5415,"[[0,1,1],[0,1,2],[0,2,2]]",13,"[0,0,1]","[1,1,1]","[0,0,0]","[0,1,2]",3
2340,021/201/121,6,1600,"[[0,1,2],[0,2,2],[1,1,1]]",14,"[0,0,1]","[1,1,1]","[0,0,1]","[0,1,2]",4
2341,021/202/101,6,889,"[[0,0,2],[0,1,2],[1,1,2]]",8,"[0,1,1]","[0,0,1]","[0,0,1]","[0,2,2]",4
2342,021/202/110,3,3471,"[[0,1,2],[0,1,2],[0,1,2]]",13,"[1,1,1]","[0,0,1]","[0,0,0]","[0,1,2]",3
2343,021/202/111,6,160,"[[0,1,2],[0,1,2],[1,1,2]]",7,"[1,1,1]","[0,0,1]","[0,0,1]","[0,2,2]",5
2344,021/202/121,6,1618,"[[0,1,2],[0,2,2],[1,1,2]]",6,"[0,1,1]","[0,1,1]","[0,0,1]","[0,2,2]",4
2345,021/210/102,1,14001,"[[0,1,2],[0,1,2],[0,1,2]]",27,"[1,1,1]","[1,1,1]","[0,1,2]","[0,1,2]",3
2346,021/220/101,3,881,"[[0,1,1],[0,1,2],[0,2,2]]",9,"[0,0,1]","[0,0,1]","[0,1,2]","[0,0,0]",5
2347,021/220/111,6,152,"[[0,1,1],[0,1,2],[1,2,2]]",7,"[0,1,1]","[0,0,1]","[0,1,2]","[0,0,1]",6
2348,021/220/121,6,872,"[[0,1,1],[0,1,2],[2,2,2]]",11,"[0,0,1]","[0,1,1]","[0,1,2]","[0,0,2]",5
2349,021/221/111,6,143,"[[0,1,2],[1,1,1],[1,2,2]]",11,"[0,1,1]","[0,1,1]","[0,1,2]","[0,1,1]",6
2350,021/221/121,3,1601,"[[0,1,2],[1,1,1],[2,2,2]]",23,"[0,0,1]","[1,1,1]","[0,1,2]","[0,1,2]",5
2351,021/222/111,3,161,"[[0,1,2],[1,1,2],[1,2,2]]",9,"[1,1,1]","[0,0,1]","[0,1,2]","[0,1,2]",7
2352,100/000/000,6,1,"[[0,0,0],[0,0,0],[0,0,1]]",5,"[0,1,1]","[0,1,1]","[0,0,1]","[0,0,0]",7
2353,100/000/001,6,164,"[[0,0,0],[0,0,1],[0,0,1]]",9,"[0,1,1]","[0,1,1]","[0,1,1]","[0,0,0]",5
2354,100/000/010,6,488,"[[0,0,0],[0,0,1],[0,0,1]]",9,"[0,1,2]","[0,1,1]","[0,0,1]","[0,0,0]",6
2355,100/000/011,6,650,"[[0,0,1],[0,0,1],[0,0,1]]",10,"[0,1,2]","[0,1,1]","[0,1,1]","[0,0,0]",6
2356,100/000/020,6,245,"[[0,0,0],[0,0,1],[0,0,2]]",9,"[0,1,1]","[0,1,2]","[0,0,1]","[0,0,0]",6
2357,100/000/021,6,407,"[[0,0,1],[0,0,1],[0,0,2]]",7,"[0,1,1]","[0,1,2]","[0,1,1]","[0,0,0]",5
2358,100/000/100,6,56,"[[0,0,0],[0,0,0],[0,1,1]]",12,"[0,0,1]","[0,1,1]","[0,0,1]","[0,0,0]",6
2359,100/000/101,6,218,"[[0,0,0],[0,0,1],[0,1,1]]",9,"[0,0,1]","[0,1,1]","[0,1,1]","[0,0,0]",6
2360,100/000/110,6,542,"[[0,0,0],[0,0,1],[0,1,1]]",6,"[0,1,1]","[0,1,1]","[0,0,1]","[0,0,0]",5
2361,100/000/111,6,283,"[[0,0,1],[0,0,1],[0,1,1]]",4,"[0,1,1]","[0,1,1]","[0,1,1]","[0,0,0]",7
2362,100/000/120,6,299,"[[0,0,0],[0,0,2],[0,1,1]]",8,"[0,0,1]","[0,1,2]","[0,0,1]","[0,0,0]",5
2363,100/000/121,6,461,"[[0,0,1],[0,0,2],[0,1,1]]",5,"[0,0,1]","[0,1,2]","[0,1,1]","[0,0,0]",6
2364,100/000/200,6,29,"[[0,0,0],[0,0,0],[0,1,2]]",10,"[0,0,1]","[1,1,1]","[0,0,1]","[0,0,0]",6
2365,100/000/201,6,191,"[[0,0,0],[0,0,1],[0,1,2]]",7,"[0,0,1]","[1,1,1]","[0,1,1]","[0,0,0]",5
2366,100/000/210,6,515,"[[0,0,0],[0,0,1],[0,1,2]]",7,"[0,1,1]","[1,1,1]","[0,0,1]","[0,0,0]",5
2367,100/000/211,6,677,"[[0,0,1],[0,0,1],[0,1,2]]",5,"[0,1,1]","[1,1,1]","[0,1,1]","[0,0,0]",6
2368,100/000/220,6,272,"[[0,0,0],[0,0,2],[0,1,2]]",9,"[0,0,1]","[1,1,2]","[0,0,1]","[0,0,0]",5
2369,100/000/221,6,434,"[[0,0,1],[0,0,2],[0,1,2]]",6,"[0,0,1]","[1,1,2]","[0,1,1]","[0,0,0]",5
2370,100/001/000,6,244,"[[0,0,0],[0,0,1],[0,0,1]]",9,"[0,1,1]","[0,1,2]","[0,0,1]","[0,0,0]",6
2371,100/001/001,6,3190,"[[0,0,0],[0,0,1],[0,1,1]]",13,"[0,1,1]","[0,1,2]","[0,1,1]","[0,0,1]",4
2372,100/001/010,6,2431,"[[0,0,1],[0,0,1],[0,0,1]]",12,"[0,1,2]","[0,1,2]","[0,0,1]","[0,0,0]",5
2373,100/001/011,6,2461,"[[0,0,1],[0,0,1],[0,1,1]]",13,"[0,1,2]","[0,1,2]","[0,1,1]","[0,0,1]",5
2374,100/001/020,6,4618,"[[0,0,1],[0,0,1],[0,0,2]]",11,"[0,1,1]","[0,2,2]","[0,0,1]","[0,0,0]",5
2375,100/001/021,6,3919,"[[0,0,1],[0,0,2],[0,1,1]]",12,"[0,1,1]","[0,2,2]","[0,1,1]","[0,0,1]",4
2376,100/001/100,6,973,"[[0,0,0],[0,0,1],[0,1,1]]",15,"[0,0,1]","[0,1,2]","[0,0,1]","[0,0,0]",5
2377,100/001/101,6,1003,"[[0,0,0],[0,1,1],[0,1,1]]",14,"[0,0,1]","[0,1,2]","[0,1,1]","[0,0,1]",5
2378,100/001/110,6,3160,"[[0,0,1],[0,0,1],[0,1,1]]",10,"[0,1,1]","[0,1,2]","[0,0,1]","[0,0,0]",4
2379,100/001/111,6,274,"[[0,0,1],[0,1,1],[0,1,1]]",8,"[0,1,1]","[0,1,2]","[0,1,1]","[0,0,1]",6
2380,100/001/120,6,4673,"[[0,0,1],[0,0,2],[0,1,1]]",11,"[0,0,1]","[0,2,2]","[0,0,1]","[0,0,0]",4
2381,100/001/121,6,1732,"[[0,0,2],[0,1,1],[0,1,1]]",11,"[0,0,1]","[0,2,2]","[0,1,1]","[0,0,1]",5
2382,100/001/200,6,1702,"[[0,0,0],[0,0,1],[0,1,2]]",13,"[0,0,1]","[1,1,2]","[0,0,1]","[0,0,0]",5
2383,100/001/201,6,4565,"[[0,0,0],[0,1,1],[0,1,2]]",12,"[0,0,1]","[1,1,2]","[0,1,1]","[0,0,1]",4
2384,100/001/210,6,3889,"[[0,0,1],[0,0,1],[0,1,2]]",10,"[0,1,1]","[1,1,2]","[0,0,1]","[0,0,0]",4
2385,100/001/211,6,4648,"[[0,0,1],[0,1,1],[0,1,2]]",9,"[0,1,1]","[1,1,2]","[0,1,1]","[0,0,1]",5
2386,100/001/220,6,4646,"[[0,0,1],[0,0,2],[0,1,2]]",11,"[0,0,1]","[1,2,2]","[0,0,1]","[0,0,0]",4
2387,100/001/221,6,4808,"[[0,0,2],[0,1,1],[0,1,2]]",10,"[0,0,1]","[1,2,2]","[0,1,1]","[0,0,1]",4
2388,100/002/000,6,487,"[[0,0,0],[0,0,1],[0,0,2]]",8,"[0,1,2]","[0,1,1]","[0,0,1]","[0,0,0]",6
2389,100/002/001,6,2351,"[[0,0,0],[0,0,1],[0,1,2]]",10,"[0,1,2]","[0,1,1]","[0,1,1]","[0,0,2]",4
2390,100/002/010,6,2674,"[[0,0,1],[0,0,1],[0,0,2]]",12,"[0,2,2]","[0,1,1]","[0,0,1]","[0,0,0]",5
2391,100/002/011,6,2479,"[[0,0,1],[0,0,1],[0,1,2]]",11,"[0,2,2]","[0,1,1]","[0,1,1]","[0,0,2]",5
2392,100/002/020,6,2432,"[[0,0,1],[0,0,2],[0,0,2]]",11,"[0,1,2]","[0,1,2]","[0,0,1]","[0,0,0]",5
2393,100/002/021,6,2594,"[[0,0,1],[0,0,2],[0,1,2]]",8,"[0,1,2]","[0,1,2]","[0,1,1]","[0,0,2]",4
2394,100/002/100,6,1216,"[[0,0,0],[0,0,2],[0,1,1]]",12,"[0,0,2]","[0,1,1]","[0,0,1]","[0,0,0]",5
2395,100/002/101,6,1021,"[[0,0,0],[0,1,1],[0,1,2]]",9,"[0,0,2]","[0,1,1]","[0,1,1]","[0,0,2]",5
2396,100/002/110,6,2729,"[[0,0,1],[0,0,2],[0,1,1]]",8,"[0,1,2]","[0,1,1]","[0,0,1]","[0,0,0]",4
2397,100/002/111,6,292,"[[0,0,1],[0,1,1],[0,1,2]]",4,"[0,1,2]","[0,1,1]","[0,1,1]","[0,0,2]",6
2398,100/002/120,6,2486,"[[0,0,2],[0,0,2],[0,1,1]]",8,"[0,0,2]","[0,1,2]","[0,0,1]","[0,0,0]",4
2399,100/002/121,6,1750,"[[0,0,2],[0,1,1],[0,1,2]]",5,"[0,0,2]","[0,1,2]","[0,1,1]","[0,0,2]",5
2400,100/002/200,6,1945,"[[0,0,0],[0,0,2],[0,1,2]]",12,"[0,0,2]","[1,1,1]","[0,0,1]","[0,0,0]",5
2401,100/002/201,6,2378,"[[0,0,0],[0,1,2],[0,1,2]]",8,"[0,0,2]","[1,1,1]","[0,1,1]","[0,0,2]",4
2402,100/002/210,6,2702,"[[0,0,1],[0,0,2],[0,1,2]]",11,"[0,1,2]","[1,1,1]","[0,0,1]","[0,0,0]",4
2403,100/002/211,6,2864,"[[0,0,1],[0,1,2],[0,1,2]]",7,"[0,1,2]","[1,1,1]","[0,1,1]","[0,0,2]",5
2404,100/002/220,6,2459,"[[0,0,2],[0,0,2],[0,1,2]]",11,"[0,0,2]","[1,1,2]","[0,0,1]","[0,0,0]",4
2405,100/002/221,6,2621,"[[0,0,2],[0,1,2],[0,1,2]]",7,"[0,0,2]","[1,1,2]","[0,1,1]","[0,0,2]",4
2406,100/020/000,6,163,"[[0,0,0],[0,0,1],[0,0,2]]",8,"[0,1,1]","[0,1,1]","[0,1,2]","[0,0,0]",5
2407,100/020/001,6,3200,"[[0,0,1],[0,0,1],[0,0,2]]",11,"[0,1,1]","[0,1,1]","[1,1,2]","[0,0,0]",3
2408,100/020/010,6,2350,"[[0,0,0],[0,0,1],[0,1,2]]",10,"[0,1,2]","[0,1,1]","[0,1,2]","[0,0,1]",4
2409,100/020/011,6,2471,"[[0,0,1],[0,0,1],[0,1,2]]",9,"[0,1,2]","[0,1,1]","[1,1,2]","[0,0,1]",4
2410,100/020/020,6,3352,"[[0,0,0],[0,0,1],[0,2,2]]",12,"[0,1,1]","[0,1,2]","[0,1,2]","[0,0,2]",4
2411,100/020/021,6,3353,"[[0,0,1],[0,0,1],[0,2,2]]",11,"[0,1,1]","[0,1,2]","[1,1,2]","[0,0,2]",3
2412,100/020/100,6,892,"[[0,0,0],[0,0,2],[0,1,1]]",11,"[0,0,1]","[0,1,1]","[0,1,2]","[0,0,0]",4
2413,100/020/101,6,1013,"[[0,0,1],[0,0,2],[0,1,1]]",6,"[0,0,1]","[0,1,1]","[1,1,2]","[0,0,0]",4
2414,100/020/110,6,3079,"[[0,0,0],[0,1,1],[0,1,2]]",6,"[0,1,1]","[0,1,1]","[0,1,2]","[0,0,1]",3
2415,100/020/111,6,284,"[[0,0,1],[0,1,1],[0,1,2]]",3,"[0,1,1]","[0,1,1]","[1,1,2]","[0,0,1]",5
2416,100/020/120,6,3355,"[[0,0,0],[0,1,1],[0,2,2]]",11,"[0,0,1]","[0,1,2]","[0,1,2]","[0,0,2]",3
2417,100/020/121,6,1742,"[[0,0,1],[0,1,1],[0,2,2]]",8,"[0,0,1]","[0,1,2]","[1,1,2]","[0,0,2]",4
2418,100/020/200,6,1621,"[[0,0,0],[0,0,2],[0,1,2]]",11,"[0,0,1]","[1,1,1]","[0,1,2]","[0,0,0]",4
2419,100/020/201,6,3359,"[[0,0,1],[0,0,2],[0,1,2]]",7,"[0,0,1]","[1,1,1]","[1,1,2]","[0,0,0]",3
2420,100/020/210,6,3367,"[[0,0,0],[0,1,2],[0,1,2]]",7,"[0,1,1]","[1,1,1]","[0,1,2]","[0,0,1]",3
2421,100/020/211,6,3368,"[[0,0,1],[0,1,2],[0,1,2]]",5,"[0,1,1]","[1,1,1]","[1,1,2]","[0,0,1]",4
2422,100/020/220,6,3349,"[[0,0,0],[0,1,2],[0,2,2]]",11,"[0,0,1]","[1,1,2]","[0,1,2]","[0,0,2]",3
2423,100/020/221,6,3350,"[[0,0,1],[0,1,2],[0,2,2]]",8,"[0,0,1]","[1,1,2]","[1,1,2]","[0,0,2]",3
2424,100/021/000,6,406,"[[0,0,1],[0,0,1],[0,0,2]]",6,"[0,1,1]","[0,1,2]","[0,1,2]","[0,0,0]",5
2425,100/021/001,6,3191,"[[0,0,1],[0,0,2],[0,1,1]]",12,"[0,1,1]","[0,1,2]","[1,1,2]","[0,0,1]",3
2426,100/021/010,6,2593,"[[0,0,1],[0,0,1],[0,1,2]]",8,"[0,1,2]","[0,1,2]","[0,1,2]","[0,0,1]",4
2427,100/021/011,6,2462,"[[0,0,1],[0,1,1],[0,1,2]]",11,"[0,1,2]","[0,1,2]","[1,1,2]","[0,1,1]",4
2428,100/021/020,6,4081,"[[0,0,1],[0,0,1],[0,2,2]]",11,"[0,1,1]","[0,2,2]","[0,1,2]","[0,0,2]",4
2429,100/021/021,6,3920,"[[0,0,1],[0,1,1],[0,2,2]]",16,"[0,1,1]","[0,2,2]","[1,1,2]","[0,1,2]",3
2430,100/021/100,6,1135,"[[0,0,1],[0,0,2],[0,1,1]]",8,"[0,0,1]","[0,1,2]","[0,1,2]","[0,0,0]",4
2431,100/021/101,6,1004,"[[0,0,2],[0,1,1],[0,1,1]]",8,"[0,0,1]","[0,1,2]","[1,1,2]","[0,0,1]",4
2432,100/021/110,6,3322,"[[0,0,1],[0,1,1],[0,1,2]]",5,"[0,1,1]","[0,1,2]","[0,1,2]","[0,0,1]",3
2433,100/021/111,6,275,"[[0,1,1],[0,1,1],[0,1,2]]",5,"[0,1,1]","[0,1,2]","[1,1,2]","[0,1,1]",5
2434,100/021/120,6,4084,"[[0,0,1],[0,1,1],[0,2,2]]",11,"[0,0,1]","[0,2,2]","[0,1,2]","[0,0,2]",3
2435,100/021/121,6,1733,"[[0,1,1],[0,1,1],[0,2,2]]",14,"[0,0,1]","[0,2,2]","[1,1,2]","[0,1,2]",4
2436,100/021/200,6,1864,"[[0,0,1],[0,0,2],[0,1,2]]",9,"[0,0,1]","[1,1,2]","[0,1,2]","[0,0,0]",4
2437,100/021/201,6,4088,"[[0,0,2],[0,1,1],[0,1,2]]",10,"[0,0,1]","[1,1,2]","[1,1,2]","[0,0,1]",3
2438,100/021/210,6,4051,"[[0,0,1],[0,1,2],[0,1,2]]",6,"[0,1,1]","[1,1,2]","[0,1,2]","[0,0,1]",3
2439,100/021/211,6,4097,"[[0,1,1],[0,1,2],[0,1,2]]",7,"[0,1,1]","[1,1,2]","[1,1,2]","[0,1,1]",4
2440,100/021/220,6,4078,"[[0,0,1],[0,1,2],[0,2,2]]",11,"[0,0,1]","[1,2,2]","[0,1,2]","[0,0,2]",3
2441,100/021/221,6,4079,"[[0,1,1],[0,1,2],[0,2,2]]",13,"[0,0,1]","[1,2,2]","[1,1,2]","[0,1,2]",3
2442,100/022/000,6,649,"[[0,0,1],[0,0,2],[0,0,2]]",8,"[0,1,2]","[0,1,1]","[0,1,2]","[0,0,0]",6
2443,100/022/001,6,2633,"[[0,0,1],[0,0,2],[0,1,2]]",9,"[0,1,2]","[0,1,1]","[1,1,2]","[0,0,2]",4
2444,100/022/010,6,2641,"[[0,0,1],[0,0,2],[0,1,2]]",10,"[0,2,2]","[0,1,1]","[0,1,2]","[0,0,1]",5
2445,100/022/011,6,2480,"[[0,0,1],[0,1,2],[0,1,2]]",9,"[0,2,2]","[0,1,1]","[1,1,2]","[0,1,2]",5
2446,100/022/020,6,2623,"[[0,0,1],[0,0,2],[0,2,2]]",11,"[0,1,2]","[0,1,2]","[0,1,2]","[0,0,2]",5
2447,100/022/021,6,2624,"[[0,0,1],[0,1,2],[0,2,2]]",10,"[0,1,2]","[0,1,2]","[1,1,2]","[0,2,2]",4
2448,100/022/100,6,1378,"[[0,0,2],[0,0,2],[0,1,1]]",10,"[0,0,2]","[0,1,1]","[0,1,2]","[0,0,0]",5
2449,100/022/101,6,1022,"[[0,0,2],[0,1,1],[0,1,2]]",5,"[0,0,2]","[0,1,1]","[1,1,2]","[0,0,2]",5
2450,100/022/110,6,2644,"[[0,0,2],[0,1,1],[0,1,2]]",7,"[0,1,2]","[0,1,1]","[0,1,2]","[0,0,1]",4
2451,100/022/111,6,293,"[[0,1,1],[0,1,2],[0,1,2]]",3,"[0,1,2]","[0,1,1]","[1,1,2]","[0,1,2]",6
2452,100/022/120,6,2626,"[[0,0,2],[0,1,1],[0,2,2]]",9,"[0,0,2]","[0,1,2]","[0,1,2]","[0,0,2]",4
2453,100/022/121,6,1751,"[[0,1,1],[0,1,2],[0,2,2]]",7,"[0,0,2]","[0,1,2]","[1,1,2]","[0,2,2]",5
2454,100/022/200,6,2107,"[[0,0,2],[0,0,2],[0,1,2]]",12,"[0,0,2]","[1,1,1]","[0,1,2]","[0,0,0]",5
2455,100/022/201,6,2630,"[[0,0,2],[0,1,2],[0,1,2]]",7,"[0,0,2]","[1,1,1]","[1,1,2]","[0,0,2]",4
2456,100/022/210,6,2638,"[[0,0,2],[0,1,2],[0,1,2]]",10,"[0,1,2]","[1,1,1]","[0,1,2]","[0,0,1]",4
2457,100/022/211,6,2639,"[[0,1,2],[0,1,2],[0,1,2]]",6,"[0,1,2]","[1,1,1]","[1,1,2]","[0,1,2]",5
2458,100/022/220,6,2620,"[[0,0,2],[0,1,2],[0,2,2]]",10,"[0,0,2]","[1,1,2]","[0,1,2]","[0,0,2]",4
2459,100/100/000,6,28,"[[0,0,0],[0,0,0],[0,1,1]]",16,"[0,0,1]","[1,1,1]","[0,0,1]","[0,0,1]",6
2460,100/100/001,6,1622,"[[0,0,0],[0,0,1],[0,1,1]]",17,"[0,0,1]","[1,1,1]","[0,1,1]","[0,0,1]",4
2461,100/100/010,6,1946,"[[0,0,0],[0,0,1],[0,1,1]]",18,"[0,0,2]","[1,1,1]","[0,0,1]","[0,0,1]",5
2462,100/100/011,6,2108,"[[0,0,1],[0,0,1],[0,1,1]]",18,"[0,0,2]","[1,1,1]","[0,1,1]","[0,0,1]",5
2463,100/100/020,6,1703,"[[0,0,0],[0,0,2],[0,1,1]]",18,"[0,0,1]","[1,1,2]","[0,0,1]","[0,0,1]",5
2464,100/100/021,6,1865,"[[0,0,1],[0,0,2],[0,1,1]]",14,"[0,0,1]","[1,1,2]","[0,1,1]","[0,0,1]",4
2465,100/100/100,6,757,"[[0,0,0],[0,0,0],[1,1,1]]",27,"[0,0,0]","[1,1,1]","[0,0,1]","[0,0,1]",5
2466,100/100/101,6,1009,"[[0,0,0],[0,0,1],[1,1,1]]",23,"[0,0,0]","[1,1,1]","[0,1,1]","[0,0,1]",5
2467,100/100/110,6,2000,"[[0,0,0],[0,0,1],[1,1,1]]",19,"[0,0,1]","[1,1,1]","[0,0,1]","[0,0,1]",4
2468,100/100/111,6,280,"[[0,0,1],[0,0,1],[1,1,1]]",14,"[0,0,1]","[1,1,1]","[0,1,1]","[0,0,1]",6
2469,100/100/120,6,1757,"[[0,0,0],[0,0,2],[1,1,1]]",21,"[0,0,0]","[1,1,2]","[0,0,1]","[0,0,1]",4
2470,100/100/121,6,1738,"[[0,0,1],[0,0,2],[1,1,1]]",16,"[0,0,0]","[1,1,2]","[0,1,1]","[0,0,1]",5
2471,100/100/200,6,1486,"[[0,0,0],[0,0,0],[1,1,2]]",23,"[0,0,0]","[1,1,2]","[0,0,1]","[0,0,1]",5
2472,100/100/201,6,1649,"[[0,0,0],[0,0,1],[1,1,2]]",19,"[0,0,0]","[1,1,2]","[0,1,1]","[0,0,1]",4
2473,100/100/210,6,1973,"[[0,0,0],[0,0,1],[1,1,2]]",18,"[0,0,1]","[1,1,2]","[0,0,1]","[0,0,1]",4
2474,100/100/211,6,2135,"[[0,0,1],[0,0,1],[1,1,2]]",15,"[0,0,1]","[1,1,2]","[0,1,1]","[0,0,1]",5
2475,100/100/220,6,1730,"[[0,0,0],[0,0,2],[1,1,2]]",20,"[0,0,0]","[1,2,2]","[0,0,1]","[0,0,1]",4
2476,100/100/221,6,1892,"[[0,0,1],[0,0,2],[1,1,2]]",16,"[0,0,0]","[1,2,2]","[0,1,1]","[0,0,1]",4
2477,100/101/000,6,271,"[[0,0,0],[0,0,1],[0,1,1]]",13,"[0,0,1]","[1,1,2]","[0,0,1]","[0,0,1]",5
2478,100/101/001,6,3187,"[[0,0,0],[0,1,1],[0,1,1]]",16,"[0,0,1]","[1,1,2]","[0,1,1]","[0,1,1]",3
2479,100/101/010,6,2458,"[[0,0,1],[0,0,1],[0,1,1]]",16,"[0,0,2]","[1,1,2]","[0,0,1]","[0,0,1]",4
2480,100/101/020,6,4645,"[[0,0,1],[0,0,2],[0,1,1]]",15,"[0,0,1]","[1,2,2]","[0,0,1]","[0,0,1]",4
2481,100/101/021,6,3916,"[[0,0,2],[0,1,1],[0,1,1]]",16,"[0,0,1]","[1,2,2]","[0,1,1]","[0,1,1]",3
2482,100/101/100,6,1000,"[[0,0,0],[0,0,1],[1,1,1]]",23,"[0,0,0]","[1,1,2]","[0,0,1]","[0,0,1]",4
2483,100/101/120,6,5374,"[[0,0,1],[0,0,2],[1,1,1]]",19,"[0,0,0]","[1,2,2]","[0,0,1]","[0,0,1]",3
2484,100/101/121,6,1729,"[[0,0,2],[0,1,1],[1,1,1]]",19,"[0,0,0]","[1,2,2]","[0,1,1]","[0,1,1]",4
2485,100/101/220,6,6103,"[[0,0,1],[0,0,2],[1,1,2]]",17,"[0,0,0]","[2,2,2]","[0,0,1]","[0,0,1]",3
2486,100/102/000,6,514,"[[0,0,0],[0,0,2],[0,1,1]]",11,"[0,1,1]","[1,1,1]","[0,0,1]","[0,0,1]",5
2487,100/102/001,6,3205,"[[0,0,0],[0,1,1],[0,1,2]]",12,"[0,1,1]","[1,1,1]","[0,1,1]","[0,1,2]",3
2488,100/102/010,6,2701,"[[0,0,1],[0,0,2],[0,1,1]]",16,"[0,1,2]","[1,1,1]","[0,0,1]","[0,0,1]",4
2489,100/102/011,6,2476,"[[0,0,1],[0,1,1],[0,1,2]]",16,"[0,1,2]","[1,1,1]","[0,1,1]","[0,1,2]",4
2490,100/102/020,6,3890,"[[0,0,2],[0,0,2],[0,1,1]]",14,"[0,1,1]","[1,1,2]","[0,0,1]","[0,0,1]",4
2491,100/102/021,6,3934,"[[0,0,2],[0,1,1],[0,1,2]]",11,"[0,1,1]","[1,1,2]","[0,1,1]","[0,1,2]",3
2492,100/102/100,6,1243,"[[0,0,0],[0,0,2],[1,1,1]]",22,"[0,0,1]","[1,1,1]","[0,0,1]","[0,0,1]",4
2493,100/102/101,6,1018,"[[0,0,0],[0,1,2],[1,1,1]]",20,"[0,0,1]","[1,1,1]","[0,1,1]","[0,1,2]",4
2494,100/102/110,6,3430,"[[0,0,1],[0,0,2],[1,1,1]]",13,"[0,1,1]","[1,1,1]","[0,0,1]","[0,0,1]",3
2495,100/102/111,6,289,"[[0,0,1],[0,1,2],[1,1,1]]",10,"[0,1,1]","[1,1,1]","[0,1,1]","[0,1,2]",5
2496,100/102/120,6,3944,"[[0,0,2],[0,0,2],[1,1,1]]",15,"[0,0,1]","[1,1,2]","[0,0,1]","[0,0,1]",3
2497,100/102/121,6,1747,"[[0,0,2],[0,1,2],[1,1,1]]",12,"[0,0,1]","[1,1,2]","[0,1,1]","[0,1,2]",4
2498,100/102/200,6,1972,"[[0,0,0],[0,0,2],[1,1,2]]",17,"[0,0,1]","[1,1,2]","[0,0,1]","[0,0,1]",4
2499,100/102/201,6,3836,"[[0,0,0],[0,1,2],[1,1,2]]",14,"[0,0,1]","[1,1,2]","[0,1,1]","[0,1,2]",3
2500,100/102/210,6,4159,"[[0,0,1],[0,0,2],[1,1,2]]",13,"[0,1,1]","[1,1,2]","[0,0,1]","[0,0,1]",3
2501,100/102/211,6,4322,"[[0,0,1],[0,1,2],[1,1,2]]",11,"[0,1,1]","[1,1,2]","[0,1,1]","[0,1,2]",4
2502,100/102/220,6,3917,"[[0,0,2],[0,0,2],[1,1,2]]",16,"[0,0,1]","[1,2,2]","[0,0,1]","[0,0,1]",3
2503,100/120/000,6,190,"[[0,0,0],[0,0,2],[0,1,1]]",10,"[0,0,1]","[1,1,1]","[0,1,2]","[0,0,1]",5
2504,100/120/001,6,3197,"[[0,0,1],[0,0,2],[0,1,1]]",10,"[0,0,1]","[1,1,1]","[1,1,2]","[0,0,1]",3
2505,100/120/010,6,2377,"[[0,0,0],[0,1,1],[0,1,2]]",12,"[0,0,2]","[1,1,1]","[0,1,2]","[0,1,1]",4
2506,100/120/011,6,2468,"[[0,0,1],[0,1,1],[0,1,2]]",10,"[0,0,2]","[1,1,1]","[1,1,2]","[0,1,1]",4
2507,100/120/020,6,4564,"[[0,0,0],[0,1,1],[0,2,2]]",15,"[0,0,1]","[1,1,2]","[0,1,2]","[0,1,2]",4
2508,100/120/021,6,3926,"[[0,0,1],[0,1,1],[0,2,2]]",12,"[0,0,1]","[1,1,2]","[1,1,2]","[0,1,2]",3
2509,100/120/100,6,919,"[[0,0,0],[0,0,2],[1,1,1]]",19,"[0,0,0]","[1,1,1]","[0,1,2]","[0,0,1]",4
2510,100/120/101,6,1010,"[[0,0,1],[0,0,2],[1,1,1]]",13,"[0,0,0]","[1,1,1]","[1,1,2]","[0,0,1]",4
2511,100/120/110,6,3106,"[[0,0,0],[0,1,2],[1,1,1]]",14,"[0,0,1]","[1,1,1]","[0,1,2]","[0,1,1]",3
2512,100/120/111,6,281,"[[0,0,1],[0,1,2],[1,1,1]]",8,"[0,0,1]","[1,1,1]","[1,1,2]","[0,1,1]",5
2513,100/120/120,6,5293,"[[0,0,0],[0,2,2],[1,1,1]]",20,"[0,0,0]","[1,1,2]","[0,1,2]","[0,1,2]",3
2514,100/120/121,6,1739,"[[0,0,1],[0,2,2],[1,1,1]]",15,"[0,0,0]","[1,1,2]","[1,1,2]","[0,1,2]",4
2515,100/120/200,6,1648,"[[0,0,0],[0,0,2],[1,1,2]]",17,"[0,0,0]","[1,1,2]","[0,1,2]","[0,0,1]",4
2516,100/120/201,6,5384,"[[0,0,1],[0,0,2],[1,1,2]]",12,"[0,0,0]","[1,1,2]","[1,1,2]","[0,0,1]",3
2517,100/120/210,6,3835,"[[0,0,0],[0,1,2],[1,1,2]]",13,"[0,0,1]","[1,1,2]","[0,1,2]","[0,1,1]",3
2518,100/120/211,6,4655,"[[0,0,1],[0,1,2],[1,1,2]]",10,"[0,0,1]","[1,1,2]","[1,1,2]","[0,1,1]",4
2519,100/120/220,6,5536,"[[0,0,0],[0,2,2],[1,1,2]]",18,"[0,0,0]","[1,2,2]","[0,1,2]","[0,1,2]",3
2520,100/120/221,6,5537,"[[0,0,1],[0,2,2],[1,1,2]]",14,"[0,0,0]","[1,2,2]","[1,1,2]","[0,1,2]",3
2521,100/121/000,6,433,"[[0,0,1],[0,0,2],[0,1,1]]",8,"[0,0,1]","[1,1,2]","[0,1,2]","[0,0,1]",5
2522,100/121/001,6,3188,"[[0,0,2],[0,1,1],[0,1,1]]",12,"[0,0,1]","[1,1,2]","[1,1,2]","[0,1,1]",3
2523,100/121/020,6,4807,"[[0,0,1],[0,1,1],[0,2,2]]",12,"[0,0,1]","[1,2,2]","[0,1,2]","[0,1,2]",4
2524,100/121/100,6,1162,"[[0,0,1],[0,0,2],[1,1,1]]",16,"[0,0,0]","[1,1,2]","[0,1,2]","[0,0,1]",4
2525,100/121/101,6,1001,"[[0,0,2],[0,1,1],[1,1,1]]",16,"[0,0,0]","[1,1,2]","[1,1,2]","[0,1,1]",4
2526,100/121/200,6,1891,"[[0,0,1],[0,0,2],[1,1,2]]",14,"[0,0,0]","[1,2,2]","[0,1,2]","[0,0,1]",4
2527,100/121/201,6,5375,"[[0,0,2],[0,1,1],[1,1,2]]",15,"[0,0,0]","[1,2,2]","[1,1,2]","[0,1,1]",3
2528,100/121/220,2,6265,"[[0,0,1],[0,2,2],[1,1,2]]",15,"[0,0,0]","[2,2,2]","[0,1,2]","[0,1,2]",3
2529,100/122/000,6,676,"[[0,0,2],[0,0,2],[0,1,1]]",6,"[0,1,1]","[1,1,1]","[0,1,2]","[0,0,1]",6
2530,100/122/001,6,3206,"[[0,0,2],[0,1,1],[0,1,2]]",8,"[0,1,1]","[1,1,1]","[1,1,2]","[0,1,2]",4
2531,100/122/010,6,2863,"[[0,0,2],[0,1,1],[0,1,2]]",9,"[0,1,2]","[1,1,1]","[0,1,2]","[0,1,1]",5
2532,100/122/011,6,2477,"[[0,1,1],[0,1,2],[0,1,2]]",9,"[0,1,2]","[1,1,1]","[1,1,2]","[1,1,2]",5
2533,100/122/020,6,4810,"[[0,0,2],[0,1,1],[0,2,2]]",10,"[0,1,1]","[1,1,2]","[0,1,2]","[0,1,2]",5
2534,100/122/021,6,3935,"[[0,1,1],[0,1,2],[0,2,2]]",9,"[0,1,1]","[1,1,2]","[1,1,2]","[1,2,2]",4
2535,100/122/100,6,1405,"[[0,0,2],[0,0,2],[1,1,1]]",13,"[0,0,1]","[1,1,1]","[0,1,2]","[0,0,1]",5
2536,100/122/101,6,1019,"[[0,0,2],[0,1,2],[1,1,1]]",11,"[0,0,1]","[1,1,1]","[1,1,2]","[0,1,2]",5
2537,100/122/110,6,3592,"[[0,0,2],[0,1,2],[1,1,1]]",8,"[0,1,1]","[1,1,1]","[0,1,2]","[0,1,1]",4
2538,100/122/111,6,290,"[[0,1,2],[0,1,2],[1,1,1]]",5,"[0,1,1]","[1,1,1]","[1,1,2]","[1,1,2]",6
2539,100/122/120,6,4813,"[[0,0,2],[0,2,2],[1,1,1]]",14,"[0,0,1]","[1,1,2]","[0,1,2]","[0,1,2]",4
2540,100/122/121,6,1748,"[[0,1,2],[0,2,2],[1,1,1]]",12,"[0,0,1]","[1,1,2]","[1,1,2]","[1,2,2]",5
2541,100/122/200,6,2134,"[[0,0,2],[0,0,2],[1,1,2]]",12,"[0,0,1]","[1,1,2]","[0,1,2]","[0,0,1]",5
2542,100/122/201,6,4817,"[[0,0,2],[0,1,2],[1,1,2]]",10,"[0,0,1]","[1,1,2]","[1,1,2]","[0,1,2]",4
2543,100/122/210,6,4321,"[[0,0,2],[0,1,2],[1,1,2]]",8,"[0,1,1]","[1,1,2]","[0,1,2]","[0,1,1]",4
2544,100/122/211,6,4664,"[[0,1,2],[0,1,2],[1,1,2]]",6,"[0,1,1]","[1,1,2]","[1,1,2]","[1,1,2]",5
2545,100/200/000,6,55,"[[0,0,0],[0,0,0],[0,1,2]]",8,"[0,0,1]","[0,1,1]","[0,0,1]","[0,0,2]",6
2546,100/200/001,6,893,"[[0,0,0],[0,0,1],[0,1,2]]",10,"[0,0,1]","[0,1,1]","[0,1,1]","[0,0,2]",4
2547,100/200/010,6,1217,"[[0,0,0],[0,0,1],[0,1,2]]",10,"[0,0,2]","[0,1,1]","[0,0,1]","[0,0,2]",5
2548,100/200/011,6,1379,"[[0,0,1],[0,0,1],[0,1,2]]",10,"[0,0,2]","[0,1,1]","[0,1,1]","[0,0,2]",5
2549,100/200/020,6,974,"[[0,0,0],[0,0,2],[0,1,2]]",12,"[0,0,1]","[0,1,2]","[0,0,1]","[0,0,2]",5
2550,100/200/021,6,1136,"[[0,0,1],[0,0,2],[0,1,2]]",7,"[0,0,1]","[0,1,2]","[0,1,1]","[0,0,2]",4
2551,100/200/100,6,784,"[[0,0,0],[0,0,0],[1,1,2]]",17,"[0,0,0]","[0,1,1]","[0,0,1]","[0,0,2]",5
2552,100/200/101,6,947,"[[0,0,0],[0,0,1],[1,1,2]]",12,"[0,0,0]","[0,1,1]","[0,1,1]","[0,0,2]",5
2553,100/200/110,6,1271,"[[0,0,0],[0,0,1],[1,1,2]]",11,"[0,0,1]","[0,1,1]","[0,0,1]","[0,0,2]",4
2554,100/200/111,6,286,"[[0,0,1],[0,0,1],[1,1,2]]",7,"[0,0,1]","[0,1,1]","[0,1,1]","[0,0,2]",6
2555,100/200/120,6,1028,"[[0,0,0],[0,0,2],[1,1,2]]",12,"[0,0,0]","[0,1,2]","[0,0,1]","[0,0,2]",4
2556,100/200/121,6,1190,"[[0,0,1],[0,0,2],[1,1,2]]",8,"[0,0,0]","[0,1,2]","[0,1,1]","[0,0,2]",5
2557,100/200/200,6,758,"[[0,0,0],[0,0,0],[1,2,2]]",17,"[0,0,0]","[1,1,1]","[0,0,1]","[0,0,2]",5
2558,100/200/201,6,920,"[[0,0,0],[0,0,1],[1,2,2]]",13,"[0,0,0]","[1,1,1]","[0,1,1]","[0,0,2]",4
2559,100/200/210,6,1244,"[[0,0,0],[0,0,1],[1,2,2]]",15,"[0,0,1]","[1,1,1]","[0,0,1]","[0,0,2]",4
2560,100/200/211,6,1406,"[[0,0,1],[0,0,1],[1,2,2]]",10,"[0,0,1]","[1,1,1]","[0,1,1]","[0,0,2]",5
2561,100/200/221,6,1163,"[[0,0,1],[0,0,2],[1,2,2]]",12,"[0,0,0]","[1,1,2]","[0,1,1]","[0,0,2]",4
2562,100/201/000,6,298,"[[0,0,0],[0,0,1],[0,1,2]]",8,"[0,0,1]","[0,1,2]","[0,0,1]","[0,0,2]",5
2563,100/201/001,6,3193,"[[0,0,0],[0,1,1],[0,1,2]]",11,"[0,0,1]","[0,1,2]","[0,1,1]","[0,1,2]",3
2564,100/201/010,6,2485,"[[0,0,1],[0,0,1],[0,1,2]]",9,"[0,0,2]","[0,1,2]","[0,0,1]","[0,0,2]",4
2565,100/201/011,6,2464,"[[0,0,1],[0,1,1],[0,1,2]]",9,"[0,0,2]","[0,1,2]","[0,1,1]","[0,1,2]",4
2566,100/201/020,6,4672,"[[0,0,1],[0,0,2],[0,1,2]]",11,"[0,0,1]","[0,2,2]","[0,0,1]","[0,0,2]",4
2567,100/201/021,6,3922,"[[0,0,2],[0,1,1],[0,1,2]]",10,"[0,0,1]","[0,2,2]","[0,1,1]","[0,1,2]",3
2568,100/201/100,6,1027,"[[0,0,0],[0,0,1],[1,1,2]]",15,"[0,0,0]","[0,1,2]","[0,0,1]","[0,0,2]",4
2569,100/201/101,6,1006,"[[0,0,0],[0,1,1],[1,1,2]]",13,"[0,0,0]","[0,1,2]","[0,1,1]","[0,1,2]",4
2570,100/201/110,6,3214,"[[0,0,1],[0,0,1],[1,1,2]]",9,"[0,0,1]","[0,1,2]","[0,0,1]","[0,0,2]",3
2571,100/201/111,6,277,"[[0,0,1],[0,1,1],[1,1,2]]",6,"[0,0,1]","[0,1,2]","[0,1,1]","[0,1,2]",5
2572,100/201/120,6,5401,"[[0,0,1],[0,0,2],[1,1,2]]",11,"[0,0,0]","[0,2,2]","[0,0,1]","[0,0,2]",3
2573,100/201/121,6,1735,"[[0,0,2],[0,1,1],[1,1,2]]",11,"[0,0,0]","[0,2,2]","[0,1,1]","[0,1,2]",4
2574,100/201/200,6,1756,"[[0,0,0],[0,0,1],[1,2,2]]",16,"[0,0,0]","[1,1,2]","[0,0,1]","[0,0,2]",4
2575,100/201/201,6,5294,"[[0,0,0],[0,1,1],[1,2,2]]",15,"[0,0,0]","[1,1,2]","[0,1,1]","[0,1,2]",3
2576,100/201/210,6,3943,"[[0,0,1],[0,0,1],[1,2,2]]",11,"[0,0,1]","[1,1,2]","[0,0,1]","[0,0,2]",3
2577,100/201/211,6,4651,"[[0,0,1],[0,1,1],[1,2,2]]",11,"[0,0,1]","[1,1,2]","[0,1,1]","[0,1,2]",4
2578,100/202/000,6,541,"[[0,0,0],[0,0,2],[0,1,2]]",6,"[0,1,1]","[0,1,1]","[0,0,1]","[0,0,2]",5
2579,100/202/001,6,3080,"[[0,0,0],[0,1,2],[0,1,2]]",7,"[0,1,1]","[0,1,1]","[0,1,1]","[0,2,2]",3
2580,100/202/010,6,2728,"[[0,0,1],[0,0,2],[0,1,2]]",9,"[0,1,2]","[0,1,1]","[0,0,1]","[0,0,2]",4
2581,100/202/011,6,2482,"[[0,0,1],[0,1,2],[0,1,2]]",8,"[0,1,2]","[0,1,1]","[0,1,1]","[0,2,2]",4
2582,100/202/020,6,3161,"[[0,0,2],[0,0,2],[0,1,2]]",10,"[0,1,1]","[0,1,2]","[0,0,1]","[0,0,2]",4
2583,100/202/021,6,3323,"[[0,0,2],[0,1,2],[0,1,2]]",5,"[0,1,1]","[0,1,2]","[0,1,1]","[0,2,2]",3
2584,100/202/100,6,1270,"[[0,0,0],[0,0,2],[1,1,2]]",14,"[0,0,1]","[0,1,1]","[0,0,1]","[0,0,2]",4
2585,100/202/101,6,1024,"[[0,0,0],[0,1,2],[1,1,2]]",9,"[0,0,1]","[0,1,1]","[0,1,1]","[0,2,2]",4
2586,100/202/110,6,3457,"[[0,0,1],[0,0,2],[1,1,2]]",9,"[0,1,1]","[0,1,1]","[0,0,1]","[0,0,2]",3
2587,100/202/111,6,295,"[[0,0,1],[0,1,2],[1,1,2]]",4,"[0,1,1]","[0,1,1]","[0,1,1]","[0,2,2]",5
2588,100/202/120,6,3215,"[[0,0,2],[0,0,2],[1,1,2]]",9,"[0,0,1]","[0,1,2]","[0,0,1]","[0,0,2]",3
2589,100/202/121,6,1753,"[[0,0,2],[0,1,2],[1,1,2]]",5,"[0,0,1]","[0,1,2]","[0,1,1]","[0,2,2]",4
2590,100/202/200,6,1999,"[[0,0,0],[0,0,2],[1,2,2]]",14,"[0,0,1]","[1,1,1]","[0,0,1]","[0,0,2]",4
2591,100/202/201,6,3107,"[[0,0,0],[0,1,2],[1,2,2]]",10,"[0,0,1]","[1,1,1]","[0,1,1]","[0,2,2]",3
2592,100/202/210,6,3431,"[[0,0,1],[0,0,2],[1,2,2]]",9,"[0,1,1]","[1,1,1]","[0,0,1]","[0,0,2]",3
2593,100/202/211,6,3593,"[[0,0,1],[0,1,2],[1,2,2]]",6,"[0,1,1]","[1,1,1]","[0,1,1]","[0,2,2]",4
2594,100/220/000,6,217,"[[0,0,0],[0,0,2],[0,1,2]]",6,"[0,0,1]","[0,1,1]","[0,1,2]","[0,0,2]",6
2595,100/220/001,6,1175,"[[0,0,1],[0,0,2],[0,1,2]]",7,"[0,0,1]","[0,1,1]","[1,1,2]","[0,0,2]",4
2596,100/220/010,6,1183,"[[0,0,0],[0,1,2],[0,1,2]]",7,"[0,0,2]","[0,1,1]","[0,1,2]","[0,1,2]",5
2597,100/220/011,6,1184,"[[0,0,1],[0,1,2],[0,1,2]]",5,"[0,0,2]","[0,1,1]","[1,1,2]","[0,1,2]",5
2598,100/220/020,6,1165,"[[0,0,0],[0,1,2],[0,2,2]]",11,"[0,0,1]","[0,1,2]","[0,1,2]","[0,2,2]",5
2599,100/220/021,6,1166,"[[0,0,1],[0,1,2],[0,2,2]]",7,"[0,0,1]","[0,1,2]","[1,1,2]","[0,2,2]",4
2600,100/220/100,6,946,"[[0,0,0],[0,0,2],[1,1,2]]",12,"[0,0,0]","[0,1,1]","[0,1,2]","[0,0,2]",5
2601,100/220/101,6,1016,"[[0,0,1],[0,0,2],[1,1,2]]",5,"[0,0,0]","[0,1,1]","[1,1,2]","[0,0,2]",5
2602,100/220/110,6,1186,"[[0,0,0],[0,1,2],[1,1,2]]",7,"[0,0,1]","[0,1,1]","[0,1,2]","[0,1,2]",4
2603,100/220/111,6,287,"[[0,0,1],[0,1,2],[1,1,2]]",3,"[0,0,1]","[0,1,1]","[1,1,2]","[0,1,2]",6
2604,100/220/120,6,1168,"[[0,0,0],[0,2,2],[1,1,2]]",12,"[0,0,0]","[0,1,2]","[0,1,2]","[0,2,2]",4
2605,100/220/121,6,1169,"[[0,0,1],[0,2,2],[1,1,2]]",8,"[0,0,0]","[0,1,2]","[1,1,2]","[0,2,2]",5
2606,100/220/200,6,1171,"[[0,0,0],[0,0,2],[1,2,2]]",15,"[0,0,0]","[1,1,1]","[0,1,2]","[0,0,2]",5
2607,100/220/201,6,1172,"[[0,0,1],[0,0,2],[1,2,2]]",10,"[0,0,0]","[1,1,1]","[1,1,2]","[0,0,2]",4
2608,100/220/210,6,1180,"[[0,0,0],[0,1,2],[1,2,2]]",13,"[0,0,1]","[1,1,1]","[0,1,2]","[0,1,2]",4
2609,100/220/211,6,1181,"[[0,0,1],[0,1,2],[1,2,2]]",8,"[0,0,1]","[1,1,1]","[1,1,2]","[0,1,2]",5
2610,100/221/000,6,460,"[[0,0,1],[0,0,2],[0,1,2]]",4,"[0,0,1]","[0,1,2]","[0,1,2]","[0,0,2]",6
2611,100/221/001,6,1904,"[[0,0,2],[0,1,1],[0,1,2]]",9,"[0,0,1]","[0,1,2]","[1,1,2]","[0,1,2]",4
2612,100/221/010,6,1912,"[[0,0,1],[0,1,2],[0,1,2]]",5,"[0,0,2]","[0,1,2]","[0,1,2]","[0,1,2]",5
2613,100/221/011,6,1913,"[[0,1,1],[0,1,2],[0,1,2]]",7,"[0,0,2]","[0,1,2]","[1,1,2]","[1,1,2]",5
2614,100/221/020,6,1894,"[[0,0,1],[0,1,2],[0,2,2]]",10,"[0,0,1]","[0,2,2]","[0,1,2]","[0,2,2]",5
2615,100/221/021,6,1895,"[[0,1,1],[0,1,2],[0,2,2]]",13,"[0,0,1]","[0,2,2]","[1,1,2]","[1,2,2]",4
2616,100/221/100,6,1189,"[[0,0,1],[0,0,2],[1,1,2]]",9,"[0,0,0]","[0,1,2]","[0,1,2]","[0,0,2]",5
2617,100/221/101,6,1007,"[[0,0,2],[0,1,1],[1,1,2]]",8,"[0,0,0]","[0,1,2]","[1,1,2]","[0,1,2]",5
2618,100/221/110,6,1915,"[[0,0,1],[0,1,2],[1,1,2]]",5,"[0,0,1]","[0,1,2]","[0,1,2]","[0,1,2]",4
2619,100/221/111,6,278,"[[0,1,1],[0,1,2],[1,1,2]]",5,"[0,0,1]","[0,1,2]","[1,1,2]","[1,1,2]",6
2620,100/221/120,6,1897,"[[0,0,1],[0,2,2],[1,1,2]]",12,"[0,0,0]","[0,2,2]","[0,1,2]","[0,2,2]",4
2621,100/221/121,6,1736,"[[0,1,1],[0,2,2],[1,1,2]]",15,"[0,0,0]","[0,2,2]","[1,1,2]","[1,2,2]",5
2622,100/221/200,6,1900,"[[0,0,1],[0,0,2],[1,2,2]]",11,"[0,0,0]","[1,1,2]","[0,1,2]","[0,0,2]",5
2623,100/221/201,6,1901,"[[0,0,2],[0,1,1],[1,2,2]]",12,"[0,0,0]","[1,1,2]","[1,1,2]","[0,1,2]",4
2624,100/221/210,6,1909,"[[0,0,1],[0,1,2],[1,2,2]]",7,"[0,0,1]","[1,1,2]","[0,1,2]","[0,1,2]",4
2625,100/221/211,6,1910,"[[0,1,1],[0,1,2],[1,2,2]]",9,"[0,0,1]","[1,1,2]","[1,1,2]","[1,1,2]",5
2626,100/222/000,6,445,"[[0,0,2],[0,0,2],[0,1,2]]",3,"[0,1,1]","[0,1,1]","[0,1,2]","[0,0,2]",7
2627,100/222/001,6,446,"[[0,0,2],[0,1,2],[0,1,2]]",5,"[0,1,1]","[0,1,1]","[1,1,2]","[0,2,2]",5
2628,100/222/010,6,454,"[[0,0,2],[0,1,2],[0,1,2]]",4,"[0,1,2]","[0,1,1]","[0,1,2]","[0,1,2]",6
2629,100/222/011,6,455,"[[0,1,2],[0,1,2],[0,1,2]]",4,"[0,1,2]","[0,1,1]","[1,1,2]","[1,2,2]",6
2630,100/222/020,6,436,"[[0,0,2],[0,1,2],[0,2,2]]",7,"[0,1,1]","[0,1,2]","[0,1,2]","[0,2,2]",6
2631,100/222/021,6,437,"[[0,1,2],[0,1,2],[0,2,2]]",5,"[0,1,1]","[0,1,2]","[1,1,2]","[2,2,2]",5
2632,100/222/100,6,448,"[[0,0,2],[0,0,2],[1,1,2]]",8,"[0,0,1]","[0,1,1]","[0,1,2]","[0,0,2]",6
2633,100/222/101,6,449,"[[0,0,2],[0,1,2],[1,1,2]]",4,"[0,0,1]","[0,1,1]","[1,1,2]","[0,2,2]",6
2634,100/222/110,6,457,"[[0,0,2],[0,1,2],[1,1,2]]",4,"[0,1,1]","[0,1,1]","[0,1,2]","[0,1,2]",5
2635,100/222/111,6,296,"[[0,1,2],[0,1,2],[1,1,2]]",2,"[0,1,1]","[0,1,1]","[1,1,2]","[1,2,2]",7
2636,100/222/120,6,439,"[[0,0,2],[0,2,2],[1,1,2]]",7,"[0,0,1]","[0,1,2]","[0,1,2]","[0,2,2]",5
2637,100/222/121,6,440,"[[0,1,2],[0,2,2],[1,1,2]]",6,"[0,0,1]","[0,1,2]","[1,1,2]","[2,2,2]",6
2638,100/222/200,6,442,"[[0,0,2],[0,0,2],[1,2,2]]",9,"[0,0,1]","[1,1,1]","[0,1,2]","[0,0,2]",6
2639,100/222/201,6,443,"[[0,0,2],[0,1,2],[1,2,2]]",6,"[0,0,1]","[1,1,1]","[1,1,2]","[0,2,2]",5
2640,100/222/210,6,451,"[[0,0,2],[0,1,2],[1,2,2]]",5,"[0,1,1]","[1,1,1]","[0,1,2]","[0,1,2]",5
2641,100/222/211,6,452,"[[0,1,2],[0,1,2],[1,2,2]]",3,"[0,1,1]","[1,1,1]","[1,1,2]","[1,2,2]",6
2642,101/000/000,6,8,"[[0,0,0],[0,0,1],[0,0,1]]",3,"[0,1,1]","[0,0,1]","[0,0,1]","[0,0,1]",8
2643,101/000/001,6,170,"[[0,0,0],[0,0,1],[0,1,1]]",9,"[0,1,1]","[0,0,1]","[0,1,1]","[0,0,0]",6
2644,101/000/010,6,494,"[[0,0,1],[0,0,1],[0,0,1]]",10,"[0,1,2]","[0,0,1]","[0,0,1]","[0,0,1]",7
2645,101/000/011,6,656,"[[0,0,1],[0,0,1],[0,1,1]]",11,"[0,1,2]","[0,0,1]","[0,1,1]","[0,0,0]",7
2646,101/000/020,6,251,"[[0,0,1],[0,0,1],[0,0,2]]",6,"[0,1,1]","[0,0,2]","[0,0,1]","[0,0,1]",7
2647,101/000/021,6,413,"[[0,0,1],[0,0,2],[0,1,1]]",6,"[0,1,1]","[0,0,2]","[0,1,1]","[0,0,0]",6
2648,101/000/100,6,62,"[[0,0,0],[0,0,1],[0,1,1]]",11,"[0,0,1]","[0,0,1]","[0,0,1]","[0,0,1]",7
2649,101/000/101,6,224,"[[0,0,0],[0,1,1],[0,1,1]]",10,"[0,0,1]","[0,0,1]","[0,1,1]","[0,0,0]",7
2650,101/000/110,6,548,"[[0,0,1],[0,0,1],[0,1,1]]",6,"[0,1,1]","[0,0,1]","[0,0,1]","[0,0,1]",6
2651,101/000/111,6,40,"[[0,0,1],[0,1,1],[0,1,1]]",6,"[0,1,1]","[0,0,1]","[0,1,1]","[0,0,0]",8
2652,101/000/120,6,305,"[[0,0,1],[0,0,2],[0,1,1]]",6,"[0,0,1]","[0,0,2]","[0,0,1]","[0,0,1]",6
2653,101/000/121,6,467,"[[0,0,2],[0,1,1],[0,1,1]]",6,"[0,0,1]","[0,0,2]","[0,1,1]","[0,0,0]",7
2654,101/000/200,6,35,"[[0,0,0],[0,0,1],[0,1,2]]",5,"[0,0,1]","[0,1,1]","[0,0,1]","[0,0,1]",7
2655,101/000/201,6,197,"[[0,0,0],[0,1,1],[0,1,2]]",7,"[0,0,1]","[0,1,1]","[0,1,1]","[0,0,0]",6
2656,101/000/210,6,521,"[[0,0,1],[0,0,1],[0,1,2]]",4,"[0,1,1]","[0,1,1]","[0,0,1]","[0,0,1]",6
2657,101/000/211,6,683,"[[0,0,1],[0,1,1],[0,1,2]]",7,"[0,1,1]","[0,1,1]","[0,1,1]","[0,0,0]",7
2658,101/001/000,6,253,"[[0,0,0],[0,0,1],[0,1,1]]",9,"[0,1,1]","[0,1,1]","[0,0,1]","[0,0,1]",7
2659,101/001/001,6,2018,"[[0,0,0],[0,0,1],[1,1,1]]",15,"[0,1,1]","[0,1,1]","[0,1,1]","[0,0,1]",5
2660,101/001/010,6,2126,"[[0,0,1],[0,0,1],[0,1,1]]",15,"[0,1,2]","[0,1,1]","[0,0,1]","[0,0,1]",6
2661,101/001/011,6,1964,"[[0,0,1],[0,0,1],[1,1,1]]",16,"[0,1,2]","[0,1,1]","[0,1,1]","[0,0,1]",6
2662,101/001/020,6,2153,"[[0,0,1],[0,0,2],[0,1,1]]",10,"[0,1,1]","[0,1,2]","[0,0,1]","[0,0,1]",6
2663,101/001/021,6,1991,"[[0,0,1],[0,0,2],[1,1,1]]",13,"[0,1,1]","[0,1,2]","[0,1,1]","[0,0,1]",5
2664,101/001/100,6,982,"[[0,0,0],[0,1,1],[0,1,1]]",16,"[0,0,1]","[0,1,1]","[0,0,1]","[0,0,1]",6
2665,101/001/101,6,760,"[[0,0,0],[0,1,1],[1,1,1]]",17,"[0,0,1]","[0,1,1]","[0,1,1]","[0,0,1]",6
2666,101/001/110,6,1640,"[[0,0,1],[0,1,1],[0,1,1]]",12,"[0,1,1]","[0,1,1]","[0,0,1]","[0,0,1]",5
2667,101/001/111,6,31,"[[0,0,1],[0,1,1],[1,1,1]]",12,"[0,1,1]","[0,1,1]","[0,1,1]","[0,0,1]",7
2668,101/001/120,6,1667,"[[0,0,2],[0,1,1],[0,1,1]]",11,"[0,0,1]","[0,1,2]","[0,0,1]","[0,0,1]",5
2669,101/001/121,6,1489,"[[0,0,2],[0,1,1],[1,1,1]]",14,"[0,0,1]","[0,1,2]","[0,1,1]","[0,0,1]",6
2670,101/001/200,6,1711,"[[0,0,0],[0,1,1],[0,1,2]]",10,"[0,0,1]","[1,1,1]","[0,0,1]","[0,0,1]",6
2671,101/001/201,6,1775,"[[0,0,0],[0,1,2],[1,1,1]]",14,"[0,0,1]","[1,1,1]","[0,1,1]","[0,0,1]",5
2672,101/001/210,6,1883,"[[0,0,1],[0,1,1],[0,1,2]]",9,"[0,1,1]","[1,1,1]","[0,0,1]","[0,0,1]",5
2673,101/001/211,6,1721,"[[0,0,1],[0,1,2],[1,1,1]]",13,"[0,1,1]","[1,1,1]","[0,1,1]","[0,0,1]",6
2674,101/002/000,6,496,"[[0,0,0],[0,0,1],[0,1,2]]",6,"[0,1,2]","[0,0,1]","[0,0,1]","[0,0,1]",7
2675,101/002/001,6,2021,"[[0,0,0],[0,0,1],[1,1,2]]",10,"[0,1,2]","[0,0,1]","[0,1,1]","[0,0,2]",5
2676,101/002/010,6,2129,"[[0,0,1],[0,0,1],[0,1,2]]",13,"[0,2,2]","[0,0,1]","[0,0,1]","[0,0,1]",6
2677,101/002/011,6,1967,"[[0,0,1],[0,0,1],[1,1,2]]",12,"[0,2,2]","[0,0,1]","[0,1,1]","[0,0,2]",6
2678,101/002/020,6,2156,"[[0,0,1],[0,0,2],[0,1,2]]",8,"[0,1,2]","[0,0,2]","[0,0,1]","[0,0,1]",6
2679,101/002/021,6,1994,"[[0,0,1],[0,0,2],[1,1,2]]",7,"[0,1,2]","[0,0,2]","[0,1,1]","[0,0,2]",5
2680,101/002/100,6,1225,"[[0,0,0],[0,1,1],[0,1,2]]",11,"[0,0,2]","[0,0,1]","[0,0,1]","[0,0,1]",6
2681,101/002/101,6,778,"[[0,0,0],[0,1,1],[1,1,2]]",10,"[0,0,2]","[0,0,1]","[0,1,1]","[0,0,2]",6
2682,101/002/110,6,1643,"[[0,0,1],[0,1,1],[0,1,2]]",8,"[0,1,2]","[0,0,1]","[0,0,1]","[0,0,1]",5
2683,101/002/111,6,49,"[[0,0,1],[0,1,1],[1,1,2]]",6,"[0,1,2]","[0,0,1]","[0,1,1]","[0,0,2]",7
2684,101/002/120,6,1670,"[[0,0,2],[0,1,1],[0,1,2]]",6,"[0,0,2]","[0,0,2]","[0,0,1]","[0,0,1]",5
2685,101/002/121,6,1507,"[[0,0,2],[0,1,1],[1,1,2]]",6,"[0,0,2]","[0,0,2]","[0,1,1]","[0,0,2]",6
2686,101/002/200,6,1940,"[[0,0,0],[0,1,2],[0,1,2]]",7,"[0,0,2]","[0,1,1]","[0,0,1]","[0,0,1]",6
2687,101/002/201,6,1778,"[[0,0,0],[0,1,2],[1,1,2]]",8,"[0,0,2]","[0,1,1]","[0,1,1]","[0,0,2]",5
2688,101/002/210,6,1886,"[[0,0,1],[0,1,2],[0,1,2]]",8,"[0,1,2]","[0,1,1]","[0,0,1]","[0,0,1]",5
2689,101/002/211,6,1724,"[[0,0,1],[0,1,2],[1,1,2]]",9,"[0,1,2]","[0,1,1]","[0,1,1]","[0,0,2]",6
2690,101/020/000,6,172,"[[0,0,1],[0,0,1],[0,0,2]]",4,"[0,1,1]","[0,0,1]","[0,1,2]","[0,0,1]",6
2691,101/020/001,6,2023,"[[0,0,1],[0,0,2],[0,1,1]]",8,"[0,1,1]","[0,0,1]","[1,1,2]","[0,0,0]",4
2692,101/020/010,6,2131,"[[0,0,1],[0,0,1],[0,1,2]]",10,"[0,1,2]","[0,0,1]","[0,1,2]","[0,1,1]",5
2693,101/020/011,6,1969,"[[0,0,1],[0,1,1],[0,1,2]]",8,"[0,1,2]","[0,0,1]","[1,1,2]","[0,0,1]",5
2694,101/020/020,6,2158,"[[0,0,1],[0,0,1],[0,2,2]]",7,"[0,1,1]","[0,0,2]","[0,1,2]","[0,1,2]",5
2695,101/020/021,6,1996,"[[0,0,1],[0,1,1],[0,2,2]]",7,"[0,1,1]","[0,0,2]","[1,1,2]","[0,0,2]",4
2696,101/020/100,6,901,"[[0,0,1],[0,0,2],[0,1,1]]",7,"[0,0,1]","[0,0,1]","[0,1,2]","[0,0,1]",5
2697,101/020/101,6,770,"[[0,0,2],[0,1,1],[0,1,1]]",2,"[0,0,1]","[0,0,1]","[1,1,2]","[0,0,0]",5
2698,101/020/110,6,1645,"[[0,0,1],[0,1,1],[0,1,2]]",4,"[0,1,1]","[0,0,1]","[0,1,2]","[0,1,1]",4
2699,101/020/111,6,41,"[[0,1,1],[0,1,1],[0,1,2]]",2,"[0,1,1]","[0,0,1]","[1,1,2]","[0,0,1]",6
2700,101/020/120,6,1672,"[[0,0,1],[0,1,1],[0,2,2]]",6,"[0,0,1]","[0,0,2]","[0,1,2]","[0,1,2]",4
2701,101/020/121,6,1499,"[[0,1,1],[0,1,1],[0,2,2]]",6,"[0,0,1]","[0,0,2]","[1,1,2]","[0,0,2]",5
2702,101/020/200,6,1630,"[[0,0,1],[0,0,2],[0,1,2]]",4,"[0,0,1]","[0,1,1]","[0,1,2]","[0,0,1]",5
2703,101/020/201,6,1780,"[[0,0,2],[0,1,1],[0,1,2]]",4,"[0,0,1]","[0,1,1]","[1,1,2]","[0,0,0]",4
2704,101/020/210,6,1888,"[[0,0,1],[0,1,2],[0,1,2]]",3,"[0,1,1]","[0,1,1]","[0,1,2]","[0,1,1]",4
2705,101/020/211,6,1726,"[[0,1,1],[0,1,2],[0,1,2]]",5,"[0,1,1]","[0,1,1]","[1,1,2]","[0,0,1]",5
2706,101/021/000,6,415,"[[0,0,1],[0,0,2],[0,1,1]]",4,"[0,1,1]","[0,1,1]","[0,1,2]","[0,0,1]",6
2707,101/021/001,6,2017,"[[0,0,1],[0,0,2],[1,1,1]]",11,"[0,1,1]","[0,1,1]","[1,1,2]","[0,0,1]",4
2708,101/021/010,6,2125,"[[0,0,1],[0,1,1],[0,1,2]]",9,"[0,1,2]","[0,1,1]","[0,1,2]","[0,1,1]",5
2709,101/021/011,6,1963,"[[0,0,1],[0,1,2],[1,1,1]]",11,"[0,1,2]","[0,1,1]","[1,1,2]","[0,1,1]",5
2710,101/021/020,6,2152,"[[0,0,1],[0,1,1],[0,2,2]]",8,"[0,1,1]","[0,1,2]","[0,1,2]","[0,1,2]",5
2711,101/021/021,6,1990,"[[0,0,1],[0,2,2],[1,1,1]]",14,"[0,1,1]","[0,1,2]","[1,1,2]","[0,1,2]",4
2712,101/021/100,6,1144,"[[0,0,2],[0,1,1],[0,1,1]]",6,"[0,0,1]","[0,1,1]","[0,1,2]","[0,0,1]",5
2713,101/021/101,6,761,"[[0,0,2],[0,1,1],[1,1,1]]",6,"[0,0,1]","[0,1,1]","[1,1,2]","[0,0,1]",5
2714,101/021/110,6,1639,"[[0,1,1],[0,1,1],[0,1,2]]",4,"[0,1,1]","[0,1,1]","[0,1,2]","[0,1,1]",4
2715,101/021/111,6,32,"[[0,1,1],[0,1,2],[1,1,1]]",5,"[0,1,1]","[0,1,1]","[1,1,2]","[0,1,1]",6
2716,101/021/120,6,1666,"[[0,1,1],[0,1,1],[0,2,2]]",8,"[0,0,1]","[0,1,2]","[0,1,2]","[0,1,2]",4
2717,101/021/121,6,1490,"[[0,1,1],[0,2,2],[1,1,1]]",14,"[0,0,1]","[0,1,2]","[1,1,2]","[0,1,2]",5
2718,101/021/200,6,1873,"[[0,0,2],[0,1,1],[0,1,2]]",4,"[0,0,1]","[1,1,1]","[0,1,2]","[0,0,1]",5
2719,101/021/201,6,1774,"[[0,0,2],[0,1,2],[1,1,1]]",9,"[0,0,1]","[1,1,1]","[1,1,2]","[0,0,1]",4
2720,101/021/210,6,1882,"[[0,1,1],[0,1,2],[0,1,2]]",3,"[0,1,1]","[1,1,1]","[0,1,2]","[0,1,1]",4
2721,101/021/211,6,1720,"[[0,1,2],[0,1,2],[1,1,1]]",8,"[0,1,1]","[1,1,1]","[1,1,2]","[0,1,1]",5
2722,101/022/000,6,658,"[[0,0,1],[0,0,2],[0,1,2]]",5,"[0,1,2]","[0,0,1]","[0,1,2]","[0,0,1]",7
2723,101/022/001,6,2020,"[[0,0,1],[0,0,2],[1,1,2]]",7,"[0,1,2]","[0,0,1]","[1,1,2]","[0,0,2]",5
2724,101/022/010,6,2128,"[[0,0,1],[0,1,2],[0,1,2]]",10,"[0,2,2]","[0,0,1]","[0,1,2]","[0,1,1]",6
2725,101/022/011,6,1966,"[[0,0,1],[0,1,2],[1,1,2]]",8,"[0,2,2]","[0,0,1]","[1,1,2]","[0,1,2]",6
2726,101/022/020,6,2155,"[[0,0,1],[0,1,2],[0,2,2]]",7,"[0,1,2]","[0,0,2]","[0,1,2]","[0,1,2]",6
2727,101/022/021,6,1993,"[[0,0,1],[0,2,2],[1,1,2]]",7,"[0,1,2]","[0,0,2]","[1,1,2]","[0,2,2]",5
2728,101/022/100,6,1387,"[[0,0,2],[0,1,1],[0,1,2]]",7,"[0,0,2]","[0,0,1]","[0,1,2]","[0,0,1]",6
2729,101/022/101,6,779,"[[0,0,2],[0,1,1],[1,1,2]]",2,"[0,0,2]","[0,0,1]","[1,1,2]","[0,0,2]",6
2730,101/022/110,6,1642,"[[0,1,1],[0,1,2],[0,1,2]]",5,"[0,1,2]","[0,0,1]","[0,1,2]","[0,1,1]",5
2731,101/022/111,6,50,"[[0,1,1],[0,1,2],[1,1,2]]",2,"[0,1,2]","[0,0,1]","[1,1,2]","[0,1,2]",7
2732,101/022/120,6,1669,"[[0,1,1],[0,1,2],[0,2,2]]",5,"[0,0,2]","[0,0,2]","[0,1,2]","[0,1,2]",5
2733,101/022/200,6,1939,"[[0,0,2],[0,1,2],[0,1,2]]",6,"[0,0,2]","[0,1,1]","[0,1,2]","[0,0,1]",6
2734,101/022/201,6,1777,"[[0,0,2],[0,1,2],[1,1,2]]",5,"[0,0,2]","[0,1,1]","[1,1,2]","[0,0,2]",5
2735,101/022/210,6,1885,"[[0,1,2],[0,1,2],[0,1,2]]",6,"[0,1,2]","[0,1,1]","[0,1,2]","[0,1,1]",5
2736,101/022/211,6,1723,"[[0,1,2],[0,1,2],[1,1,2]]",6,"[0,1,2]","[0,1,1]","[1,1,2]","[0,1,2]",6
2737,101/100/000,6,37,"[[0,0,0],[0,0,1],[0,1,1]]",13,"[0,0,1]","[0,1,1]","[0,0,1]","[0,1,1]",7
2738,101/100/001,6,1628,"[[0,0,0],[0,1,1],[0,1,1]]",16,"[0,0,1]","[0,1,1]","[0,1,1]","[0,0,1]",5
2739,101/100/010,6,1952,"[[0,0,1],[0,0,1],[0,1,1]]",16,"[0,0,2]","[0,1,1]","[0,0,1]","[0,1,1]",6
2740,101/100/020,6,1709,"[[0,0,1],[0,0,2],[0,1,1]]",14,"[0,0,1]","[0,1,2]","[0,0,1]","[0,1,1]",6
2741,101/100/021,6,1871,"[[0,0,2],[0,1,1],[0,1,1]]",12,"[0,0,1]","[0,1,2]","[0,1,1]","[0,0,1]",5
2742,101/100/100,6,766,"[[0,0,0],[0,0,1],[1,1,1]]",23,"[0,0,0]","[0,1,1]","[0,0,1]","[0,1,1]",6
2743,101/100/120,6,1655,"[[0,0,1],[0,0,2],[1,1,1]]",17,"[0,0,0]","[0,1,2]","[0,0,1]","[0,1,1]",5
2744,101/100/121,6,1493,"[[0,0,2],[0,1,1],[1,1,1]]",16,"[0,0,0]","[0,1,2]","[0,1,1]","[0,0,1]",6
2745,101/102/000,6,523,"[[0,0,0],[0,1,1],[0,1,2]]",10,"[0,1,1]","[0,1,1]","[0,0,1]","[0,1,1]",6
2746,101/102/001,6,2003,"[[0,0,0],[0,1,1],[1,1,2]]",13,"[0,1,1]","[0,1,1]","[0,1,1]","[0,1,2]",4
2747,101/102/010,6,2111,"[[0,0,1],[0,1,1],[0,1,2]]",16,"[0,1,2]","[0,1,1]","[0,0,1]","[0,1,1]",5
2748,101/102/011,6,1949,"[[0,0,1],[0,1,1],[1,1,2]]",16,"[0,1,2]","[0,1,1]","[0,1,1]","[0,1,2]",5
2749,101/102/020,6,2138,"[[0,0,2],[0,1,1],[0,1,2]]",12,"[0,1,1]","[0,1,2]","[0,0,1]","[0,1,1]",5
2750,101/102/021,6,1976,"[[0,0,2],[0,1,1],[1,1,2]]",11,"[0,1,1]","[0,1,2]","[0,1,1]","[0,1,2]",4
2751,101/102/100,6,1252,"[[0,0,0],[0,1,2],[1,1,1]]",20,"[0,0,1]","[0,1,1]","[0,0,1]","[0,1,1]",5
2752,101/102/101,6,775,"[[0,0,0],[1,1,1],[1,1,2]]",22,"[0,0,1]","[0,1,1]","[0,1,1]","[0,1,2]",5
2753,101/102/110,6,1625,"[[0,0,1],[0,1,2],[1,1,1]]",12,"[0,1,1]","[0,1,1]","[0,0,1]","[0,1,1]",4
2754,101/102/111,6,46,"[[0,0,1],[1,1,1],[1,1,2]]",11,"[0,1,1]","[0,1,1]","[0,1,1]","[0,1,2]",6
2755,101/102/120,6,1652,"[[0,0,2],[0,1,2],[1,1,1]]",13,"[0,0,1]","[0,1,2]","[0,0,1]","[0,1,1]",4
2756,101/102/200,6,1922,"[[0,0,0],[0,1,2],[1,1,2]]",12,"[0,0,1]","[0,1,2]","[0,0,1]","[0,1,1]",5
2757,101/102/201,6,1760,"[[0,0,0],[1,1,2],[1,1,2]]",14,"[0,0,1]","[0,1,2]","[0,1,1]","[0,1,2]",4
2758,101/102/210,6,1868,"[[0,0,1],[0,1,2],[1,1,2]]",9,"[0,1,1]","[0,1,2]","[0,0,1]","[0,1,1]",4
2759,101/102/211,6,1706,"[[0,0,1],[1,1,2],[1,1,2]]",12,"[0,1,1]","[0,1,2]","[0,1,1]","[0,1,2]",5
2760,101/120/000,6,199,"[[0,0,1],[0,0,2],[0,1,1]]",8,"[0,0,1]","[0,1,1]","[0,1,2]","[0,1,1]",6
2761,101/120/001,6,2005,"[[0,0,2],[0,1,1],[0,1,1]]",9,"[0,0,1]","[0,1,1]","[1,1,2]","[0,0,1]",4
2762,101/120/010,6,2113,"[[0,0,1],[0,1,1],[0,1,2]]",10,"[0,0,2]","[0,1,1]","[0,1,2]","[1,1,1]",5
2763,101/120/011,6,1951,"[[0,1,1],[0,1,1],[0,1,2]]",7,"[0,0,2]","[0,1,1]","[1,1,2]","[0,1,1]",5
2764,101/120/020,6,2140,"[[0,0,1],[0,1,1],[0,2,2]]",10,"[0,0,1]","[0,1,2]","[0,1,2]","[1,1,2]",5
2765,101/120/021,6,1978,"[[0,1,1],[0,1,1],[0,2,2]]",8,"[0,0,1]","[0,1,2]","[1,1,2]","[0,1,2]",4
2766,101/120/100,6,928,"[[0,0,1],[0,0,2],[1,1,1]]",15,"[0,0,0]","[0,1,1]","[0,1,2]","[0,1,1]",5
2767,101/120/101,6,767,"[[0,0,2],[0,1,1],[1,1,1]]",11,"[0,0,0]","[0,1,1]","[1,1,2]","[0,0,1]",5
2768,101/120/110,6,1627,"[[0,0,1],[0,1,2],[1,1,1]]",10,"[0,0,1]","[0,1,1]","[0,1,2]","[1,1,1]",4
2769,101/120/111,6,38,"[[0,1,1],[0,1,2],[1,1,1]]",5,"[0,0,1]","[0,1,1]","[1,1,2]","[0,1,1]",6
2770,101/120/120,6,1654,"[[0,0,1],[0,2,2],[1,1,1]]",14,"[0,0,0]","[0,1,2]","[0,1,2]","[1,1,2]",4
2771,101/120/121,6,1492,"[[0,1,1],[0,2,2],[1,1,1]]",13,"[0,0,0]","[0,1,2]","[1,1,2]","[0,1,2]",5
2772,101/120/200,6,1657,"[[0,0,1],[0,0,2],[1,1,2]]",11,"[0,0,0]","[0,1,2]","[0,1,2]","[0,1,1]",5
2773,101/120/201,6,1762,"[[0,0,2],[0,1,1],[1,1,2]]",10,"[0,0,0]","[0,1,2]","[1,1,2]","[0,0,1]",4
2774,101/120/210,6,1870,"[[0,0,1],[0,1,2],[1,1,2]]",7,"[0,0,1]","[0,1,2]","[0,1,2]","[1,1,1]",4
2775,101/120/211,6,1708,"[[0,1,1],[0,1,2],[1,1,2]]",8,"[0,0,1]","[0,1,2]","[1,1,2]","[0,1,1]",5
2776,101/122/000,6,685,"[[0,0,2],[0,1,1],[0,1,2]]",6,"[0,1,1]","[0,1,1]","[0,1,2]","[0,1,1]",7
2777,101/122/001,6,2002,"[[0,0,2],[0,1,1],[1,1,2]]",9,"[0,1,1]","[0,1,1]","[1,1,2]","[0,1,2]",5
2778,101/122/010,6,2110,"[[0,1,1],[0,1,2],[0,1,2]]",10,"[0,1,2]","[0,1,1]","[0,1,2]","[1,1,1]",6
2779,101/122/011,6,1948,"[[0,1,1],[0,1,2],[1,1,2]]",9,"[0,1,2]","[0,1,1]","[1,1,2]","[1,1,2]",6
2780,101/122/020,6,2137,"[[0,1,1],[0,1,2],[0,2,2]]",9,"[0,1,1]","[0,1,2]","[0,1,2]","[1,1,2]",6
2781,101/122/021,6,1975,"[[0,1,1],[0,2,2],[1,1,2]]",9,"[0,1,1]","[0,1,2]","[1,1,2]","[1,2,2]",5
2782,101/122/100,6,1414,"[[0,0,2],[0,1,2],[1,1,1]]",11,"[0,0,1]","[0,1,1]","[0,1,2]","[0,1,1]",6
2783,101/122/101,6,776,"[[0,0,2],[1,1,1],[1,1,2]]",11,"[0,0,1]","[0,1,1]","[1,1,2]","[0,1,2]",6
2784,101/122/110,6,1624,"[[0,1,2],[0,1,2],[1,1,1]]",7,"[0,1,1]","[0,1,1]","[0,1,2]","[1,1,1]",5
2785,101/122/111,6,47,"[[0,1,2],[1,1,1],[1,1,2]]",5,"[0,1,1]","[0,1,1]","[1,1,2]","[1,1,2]",7
2786,101/122/120,6,1651,"[[0,1,2],[0,2,2],[1,1,1]]",12,"[0,0,1]","[0,1,2]","[0,1,2]","[1,1,2]",5
2787,101/122/200,6,1921,"[[0,0,2],[0,1,2],[1,1,2]]",8,"[0,0,1]","[0,1,2]","[0,1,2]","[0,1,1]",6
2788,101/122/201,6,1759,"[[0,0,2],[1,1,2],[1,1,2]]",10,"[0,0,1]","[0,1,2]","[1,1,2]","[0,1,2]",5
2789,101/122/210,6,1867,"[[0,1,2],[0,1,2],[1,1,2]]",5,"[0,1,1]","[0,1,2]","[0,1,2]","[1,1,1]",5
2790,101/122/211,6,1705,"[[0,1,2],[1,1,2],[1,1,2]]",7,"[0,1,1]","[0,1,2]","[1,1,2]","[1,1,2]",6
2791,101/200/000,6,64,"[[0,0,0],[0,0,1],[0,1,2]]",5,"[0,0,1]","[0,0,1]","[0,0,1]","[0,1,2]",7
2792,101/200/001,6,899,"[[0,0,0],[0,1,1],[0,1,2]]",9,"[0,0,1]","[0,0,1]","[0,1,1]","[0,0,2]",5
2793,101/200/010,6,1223,"[[0,0,1],[0,0,1],[0,1,2]]",9,"[0,0,2]","[0,0,1]","[0,0,1]","[0,1,2]",6
2794,101/200/011,6,1385,"[[0,0,1],[0,1,1],[0,1,2]]",9,"[0,0,2]","[0,0,1]","[0,1,1]","[0,0,2]",6
2795,101/200/020,6,980,"[[0,0,1],[0,0,2],[0,1,2]]",8,"[0,0,1]","[0,0,2]","[0,0,1]","[0,1,2]",6
2796,101/200/021,6,1142,"[[0,0,2],[0,1,1],[0,1,2]]",5,"[0,0,1]","[0,0,2]","[0,1,1]","[0,0,2]",5
2797,101/200/100,6,791,"[[0,0,0],[0,0,1],[1,1,2]]",12,"[0,0,0]","[0,0,1]","[0,0,1]","[0,1,2]",6
2798,101/200/101,6,772,"[[0,0,0],[0,1,1],[1,1,2]]",10,"[0,0,0]","[0,0,1]","[0,1,1]","[0,0,2]",6
2799,101/200/110,6,1277,"[[0,0,1],[0,0,1],[1,1,2]]",7,"[0,0,1]","[0,0,1]","[0,0,1]","[0,1,2]",5
2800,101/200/111,6,43,"[[0,0,1],[0,1,1],[1,1,2]]",5,"[0,0,1]","[0,0,1]","[0,1,1]","[0,0,2]",7
2801,101/200/120,6,1034,"[[0,0,1],[0,0,2],[1,1,2]]",8,"[0,0,0]","[0,0,2]","[0,0,1]","[0,1,2]",5
2802,101/200/121,6,1196,"[[0,0,2],[0,1,1],[1,1,2]]",6,"[0,0,0]","[0,0,2]","[0,1,1]","[0,0,2]",6
2803,101/200/200,6,764,"[[0,0,0],[0,0,1],[1,2,2]]",7,"[0,0,0]","[0,1,1]","[0,0,1]","[0,1,2]",6
2804,101/200/201,6,926,"[[0,0,0],[0,1,1],[1,2,2]]",10,"[0,0,0]","[0,1,1]","[0,1,1]","[0,0,2]",5
2805,101/200/210,6,1250,"[[0,0,1],[0,0,1],[1,2,2]]",7,"[0,0,1]","[0,1,1]","[0,0,1]","[0,1,2]",5
2806,101/200/211,6,1412,"[[0,0,1],[0,1,1],[1,2,2]]",7,"[0,0,1]","[0,1,1]","[0,1,1]","[0,0,2]",6
2807,101/201/000,6,307,"[[0,0,0],[0,1,1],[0,1,2]]",9,"[0,0,1]","[0,1,1]","[0,0,1]","[0,1,2]",6
2808,101/201/001,6,2009,"[[0,0,0],[0,1,2],[1,1,1]]",14,"[0,0,1]","[0,1,1]","[0,1,1]","[0,1,2]",4
2809,101/201/010,6,2117,"[[0,0,1],[0,1,1],[0,1,2]]",11,"[0,0,2]","[0,1,1]","[0,0,1]","[0,1,2]",5
2810,101/201/011,6,1955,"[[0,0,1],[0,1,2],[1,1,1]]",11,"[0,0,2]","[0,1,1]","[0,1,1]","[0,1,2]",5
2811,101/201/020,6,2144,"[[0,0,2],[0,1,1],[0,1,2]]",9,"[0,0,1]","[0,1,2]","[0,0,1]","[0,1,2]",5
2812,101/201/021,6,1982,"[[0,0,2],[0,1,2],[1,1,1]]",10,"[0,0,1]","[0,1,2]","[0,1,1]","[0,1,2]",4
2813,101/201/100,6,1036,"[[0,0,0],[0,1,1],[1,1,2]]",16,"[0,0,0]","[0,1,1]","[0,0,1]","[0,1,2]",5
2814,101/201/101,6,763,"[[0,0,0],[1,1,1],[1,1,2]]",17,"[0,0,0]","[0,1,1]","[0,1,1]","[0,1,2]",5
2815,101/201/110,6,1631,"[[0,0,1],[0,1,1],[1,1,2]]",10,"[0,0,1]","[0,1,1]","[0,0,1]","[0,1,2]",4
2816,101/201/111,6,34,"[[0,0,1],[1,1,1],[1,1,2]]",9,"[0,0,1]","[0,1,1]","[0,1,1]","[0,1,2]",6
2817,101/201/120,6,1658,"[[0,0,2],[0,1,1],[1,1,2]]",11,"[0,0,0]","[0,1,2]","[0,0,1]","[0,1,2]",4
2818,101/201/200,6,1765,"[[0,0,0],[0,1,1],[1,2,2]]",13,"[0,0,0]","[1,1,1]","[0,0,1]","[0,1,2]",5
2819,101/201/201,6,1766,"[[0,0,0],[1,1,1],[1,2,2]]",19,"[0,0,0]","[1,1,1]","[0,1,1]","[0,1,2]",4
2820,101/201/210,6,1874,"[[0,0,1],[0,1,1],[1,2,2]]",9,"[0,0,1]","[1,1,1]","[0,0,1]","[0,1,2]",4
2821,101/201/211,6,1712,"[[0,0,1],[1,1,1],[1,2,2]]",14,"[0,0,1]","[1,1,1]","[0,1,1]","[0,1,2]",5
2822,101/202/000,6,550,"[[0,0,0],[0,1,2],[0,1,2]]",5,"[0,1,1]","[0,0,1]","[0,0,1]","[0,1,2]",6
2823,101/202/001,6,2012,"[[0,0,0],[0,1,2],[1,1,2]]",7,"[0,1,1]","[0,0,1]","[0,1,1]","[0,2,2]",4
2824,101/202/010,6,2120,"[[0,0,1],[0,1,2],[0,1,2]]",10,"[0,1,2]","[0,0,1]","[0,0,1]","[0,1,2]",5
2825,101/202/011,6,1958,"[[0,0,1],[0,1,2],[1,1,2]]",8,"[0,1,2]","[0,0,1]","[0,1,1]","[0,2,2]",5
2826,101/202/020,6,2147,"[[0,0,2],[0,1,2],[0,1,2]]",8,"[0,1,1]","[0,0,2]","[0,0,1]","[0,1,2]",5
2827,101/202/021,6,1985,"[[0,0,2],[0,1,2],[1,1,2]]",4,"[0,1,1]","[0,0,2]","[0,1,1]","[0,2,2]",4
2828,101/202/100,6,1279,"[[0,0,0],[0,1,2],[1,1,2]]",13,"[0,0,1]","[0,0,1]","[0,0,1]","[0,1,2]",5
2829,101/202/101,6,781,"[[0,0,0],[1,1,2],[1,1,2]]",10,"[0,0,1]","[0,0,1]","[0,1,1]","[0,2,2]",5
2830,101/202/110,6,1634,"[[0,0,1],[0,1,2],[1,1,2]]",9,"[0,1,1]","[0,0,1]","[0,0,1]","[0,1,2]",4
2831,101/202/111,6,52,"[[0,0,1],[1,1,2],[1,1,2]]",5,"[0,1,1]","[0,0,1]","[0,1,1]","[0,2,2]",6
2832,101/202/120,6,1661,"[[0,0,2],[0,1,2],[1,1,2]]",9,"[0,0,1]","[0,0,2]","[0,0,1]","[0,1,2]",4
2833,101/202/200,6,1931,"[[0,0,0],[0,1,2],[1,2,2]]",9,"[0,0,1]","[0,1,1]","[0,0,1]","[0,1,2]",5
2834,101/202/201,6,1769,"[[0,0,0],[1,1,2],[1,2,2]]",11,"[0,0,1]","[0,1,1]","[0,1,1]","[0,2,2]",4
2835,101/202/210,6,1877,"[[0,0,1],[0,1,2],[1,2,2]]",6,"[0,1,1]","[0,1,1]","[0,0,1]","[0,1,2]",4
2836,101/202/211,6,1715,"[[0,0,1],[1,1,2],[1,2,2]]",7,"[0,1,1]","[0,1,1]","[0,1,1]","[0,2,2]",5
2837,101/220/000,6,226,"[[0,0,1],[0,0,2],[0,1,2]]",3,"[0,0,1]","[0,0,1]","[0,1,2]","[0,1,2]",7
2838,101/220/001,6,1202,"[[0,0,2],[0,1,1],[0,1,2]]",5,"[0,0,1]","[0,0,1]","[1,1,2]","[0,0,2]",5
2839,101/220/010,6,1210,"[[0,0,1],[0,1,2],[0,1,2]]",6,"[0,0,2]","[0,0,1]","[0,1,2]","[1,1,2]",6
2840,101/220/011,6,1211,"[[0,1,1],[0,1,2],[0,1,2]]",3,"[0,0,2]","[0,0,1]","[1,1,2]","[0,1,2]",6
2841,101/220/020,6,1192,"[[0,0,1],[0,1,2],[0,2,2]]",6,"[0,0,1]","[0,0,2]","[0,1,2]","[1,2,2]",6
2842,101/220/021,6,1193,"[[0,1,1],[0,1,2],[0,2,2]]",3,"[0,0,1]","[0,0,2]","[1,1,2]","[0,2,2]",5
2843,101/220/100,6,955,"[[0,0,1],[0,0,2],[1,1,2]]",8,"[0,0,0]","[0,0,1]","[0,1,2]","[0,1,2]",6
2844,101/220/101,6,773,"[[0,0,2],[0,1,1],[1,1,2]]",2,"[0,0,0]","[0,0,1]","[1,1,2]","[0,0,2]",6
2845,101/220/110,6,1213,"[[0,0,1],[0,1,2],[1,1,2]]",4,"[0,0,1]","[0,0,1]","[0,1,2]","[1,1,2]",5
2846,101/220/111,6,44,"[[0,1,1],[0,1,2],[1,1,2]]",1,"[0,0,1]","[0,0,1]","[1,1,2]","[0,1,2]",7
2847,101/220/120,6,1195,"[[0,0,1],[0,2,2],[1,1,2]]",8,"[0,0,0]","[0,0,2]","[0,1,2]","[1,2,2]",5
2848,101/220/200,6,1198,"[[0,0,1],[0,0,2],[1,2,2]]",7,"[0,0,0]","[0,1,1]","[0,1,2]","[0,1,2]",6
2849,101/220/201,6,1199,"[[0,0,2],[0,1,1],[1,2,2]]",8,"[0,0,0]","[0,1,1]","[1,1,2]","[0,0,2]",5
2850,101/220/210,6,1207,"[[0,0,1],[0,1,2],[1,2,2]]",7,"[0,0,1]","[0,1,1]","[0,1,2]","[1,1,2]",5
2851,101/220/211,6,1208,"[[0,1,1],[0,1,2],[1,2,2]]",6,"[0,0,1]","[0,1,1]","[1,1,2]","[0,1,2]",6
2852,101/221/000,6,469,"[[0,0,2],[0,1,1],[0,1,2]]",3,"[0,0,1]","[0,1,1]","[0,1,2]","[0,1,2]",7
2853,101/221/200,2,1927,"[[0,0,2],[0,1,1],[1,2,2]]",6,"[0,0,0]","[1,1,1]","[0,1,2]","[0,1,2]",6
2854,101/222/000,6,472,"[[0,0,2],[0,1,2],[0,1,2]]",1,"[0,1,1]","[0,0,1]","[0,1,2]","[0,1,2]",8
2855,101/222/001,6,473,"[[0,0,2],[0,1,2],[1,1,2]]",4,"[0,1,1]","[0,0,1]","[1,1,2]","[0,2,2]",6
2856,101/222/010,6,481,"[[0,1,2],[0,1,2],[0,1,2]]",4,"[0,1,2]","[0,0,1]","[0,1,2]","[1,1,2]",7
2857,101/222/011,6,482,"[[0,1,2],[0,1,2],[1,1,2]]",3,"[0,1,2]","[0,0,1]","[1,1,2]","[1,2,2]",7
2858,101/222/020,6,463,"[[0,1,2],[0,1,2],[0,2,2]]",4,"[0,1,1]","[0,0,2]","[0,1,2]","[1,2,2]",7
2859,101/222/021,6,464,"[[0,1,2],[0,2,2],[1,1,2]]",3,"[0,1,1]","[0,0,2]","[1,1,2]","[2,2,2]",6
2860,101/222/100,6,475,"[[0,0,2],[0,1,2],[1,1,2]]",5,"[0,0,1]","[0,0,1]","[0,1,2]","[0,1,2]",7
2861,101/222/101,6,476,"[[0,0,2],[1,1,2],[1,1,2]]",2,"[0,0,1]","[0,0,1]","[1,1,2]","[0,2,2]",7
2862,101/222/110,6,484,"[[0,1,2],[0,1,2],[1,1,2]]",2,"[0,1,1]","[0,0,1]","[0,1,2]","[1,1,2]",6
2863,101/222/111,6,53,"[[0,1,2],[1,1,2],[1,1,2]]",1,"[0,1,1]","[0,0,1]","[1,1,2]","[1,2,2]",8
2864,101/222/120,6,466,"[[0,1,2],[0,2,2],[1,1,2]]",5,"[0,0,1]","[0,0,2]","[0,1,2]","[1,2,2]",6
2865,101/222/201,6,470,"[[0,0,2],[1,1,2],[1,2,2]]",6,"[0,0,1]","[0,1,1]","[1,1,2]","[0,2,2]",6
2866,101/222/210,6,478,"[[0,1,2],[0,1,2],[1,2,2]]",1,"[0,1,1]","[0,1,1]","[0,1,2]","[1,1,2]",6
2867,101/222/211,6,479,"[[0,1,2],[1,1,2],[1,2,2]]",3,"[0,1,1]","[0,1,1]","[1,1,2]","[1,2,2]",7
2868,102/000/000,6,5,"[[0,0,0],[0,0,1],[0,0,2]]",2,"[1,1,1]","[0,0,1]","[0,0,1]","[0,0,2]",7
2869,102/000/001,6,167,"[[0,0,0],[0,0,1],[0,1,2]]",6,"[1,1,1]","[0,0,1]","[0,1,1]","[0,0,0]",5
2870,102/000/010,6,491,"[[0,0,1],[0,0,1],[0,0,2]]",9,"[1,1,2]","[0,0,1]","[0,0,1]","[0,0,2]",6
2871,102/000/011,6,653,"[[0,0,1],[0,0,1],[0,1,2]]",10,"[1,1,2]","[0,0,1]","[0,1,1]","[0,0,0]",6
2872,102/000/020,6,248,"[[0,0,1],[0,0,2],[0,0,2]]",5,"[1,1,1]","[0,0,2]","[0,0,1]","[0,0,2]",6
2873,102/000/021,6,410,"[[0,0,1],[0,0,2],[0,1,2]]",4,"[1,1,1]","[0,0,2]","[0,1,1]","[0,0,0]",5
2874,102/000/100,6,59,"[[0,0,0],[0,0,2],[0,1,1]]",11,"[0,1,1]","[0,0,1]","[0,0,1]","[0,0,2]",6
2875,102/000/101,6,221,"[[0,0,0],[0,1,1],[0,1,2]]",8,"[0,1,1]","[0,0,1]","[0,1,1]","[0,0,0]",6
2876,102/000/110,6,545,"[[0,0,1],[0,0,2],[0,1,1]]",4,"[1,1,1]","[0,0,1]","[0,0,1]","[0,0,2]",5
2877,102/000/111,6,526,"[[0,0,1],[0,1,1],[0,1,2]]",2,"[1,1,1]","[0,0,1]","[0,1,1]","[0,0,0]",7
2878,102/000/120,6,302,"[[0,0,2],[0,0,2],[0,1,1]]",5,"[0,1,1]","[0,0,2]","[0,0,1]","[0,0,2]",5
2879,102/000/201,6,194,"[[0,0,0],[0,1,2],[0,1,2]]",5,"[0,1,1]","[0,1,1]","[0,1,1]","[0,0,0]",5
2880,102/000/210,6,518,"[[0,0,1],[0,0,2],[0,1,2]]",2,"[1,1,1]","[0,1,1]","[0,0,1]","[0,0,2]",5
2881,102/000/211,6,680,"[[0,0,1],[0,1,2],[0,1,2]]",4,"[1,1,1]","[0,1,1]","[0,1,1]","[0,0,0]",6
2882,102/001/000,6,262,"[[0,0,0],[0,0,1],[0,1,2]]",6,"[1,1,1]","[0,1,1]","[0,0,1]","[0,0,2]",6
2883,102/001/001,6,3433,"[[0,0,0],[0,0,1],[1,1,2]]",10,"[1,1,1]","[0,1,1]","[0,1,1]","[0,0,1]",4
2884,102/001/010,6,2449,"[[0,0,1],[0,0,1],[0,1,2]]",12,"[1,1,2]","[0,1,1]","[0,0,1]","[0,0,2]",5
2885,102/001/011,6,2704,"[[0,0,1],[0,0,1],[1,1,2]]",13,"[1,1,2]","[0,1,1]","[0,1,1]","[0,0,1]",5
2886,102/001/020,6,4340,"[[0,0,1],[0,0,2],[0,1,2]]",7,"[1,1,1]","[0,1,2]","[0,0,1]","[0,0,2]",5
2887,102/001/021,6,4162,"[[0,0,1],[0,0,2],[1,1,2]]",9,"[1,1,1]","[0,1,2]","[0,1,1]","[0,0,1]",4
2888,102/001/100,6,991,"[[0,0,0],[0,1,1],[0,1,2]]",14,"[0,1,1]","[0,1,1]","[0,0,1]","[0,0,2]",5
2889,102/001/101,6,1246,"[[0,0,0],[0,1,1],[1,1,2]]",13,"[0,1,1]","[0,1,1]","[0,1,1]","[0,0,1]",5
2890,102/001/110,6,3178,"[[0,0,1],[0,1,1],[0,1,2]]",8,"[1,1,1]","[0,1,1]","[0,0,1]","[0,0,2]",4
2891,102/001/111,6,517,"[[0,0,1],[0,1,1],[1,1,2]]",6,"[1,1,1]","[0,1,1]","[0,1,1]","[0,0,1]",6
2892,102/001/120,6,3854,"[[0,0,2],[0,1,1],[0,1,2]]",8,"[0,1,1]","[0,1,2]","[0,0,1]","[0,0,2]",4
2893,102/001/201,6,3962,"[[0,0,0],[0,1,2],[1,1,2]]",10,"[0,1,1]","[1,1,1]","[0,1,1]","[0,0,1]",4
2894,102/001/210,6,3907,"[[0,0,1],[0,1,2],[0,1,2]]",5,"[1,1,1]","[1,1,1]","[0,0,1]","[0,0,2]",4
2895,102/001/211,6,3908,"[[0,0,1],[0,1,2],[1,1,2]]",8,"[1,1,1]","[1,1,1]","[0,1,1]","[0,0,1]",5
2896,102/002/000,6,505,"[[0,0,0],[0,0,1],[0,2,2]]",9,"[1,1,2]","[0,0,1]","[0,0,1]","[0,0,2]",6
2897,102/002/001,6,2354,"[[0,0,0],[0,0,1],[1,2,2]]",11,"[1,1,2]","[0,0,1]","[0,1,1]","[0,0,2]",4
2898,102/002/010,6,2678,"[[0,0,1],[0,0,1],[0,2,2]]",16,"[1,2,2]","[0,0,1]","[0,0,1]","[0,0,2]",5
2899,102/002/011,6,2722,"[[0,0,1],[0,0,1],[1,2,2]]",15,"[1,2,2]","[0,0,1]","[0,1,1]","[0,0,2]",5
2900,102/002/020,6,2435,"[[0,0,1],[0,0,2],[0,2,2]]",11,"[1,1,2]","[0,0,2]","[0,0,1]","[0,0,2]",5
2901,102/002/021,6,2597,"[[0,0,1],[0,0,2],[1,2,2]]",9,"[1,1,2]","[0,0,2]","[0,1,1]","[0,0,2]",4
2902,102/002/100,6,1234,"[[0,0,0],[0,1,1],[0,2,2]]",15,"[0,1,2]","[0,0,1]","[0,0,1]","[0,0,2]",5
2903,102/002/101,6,1264,"[[0,0,0],[0,1,1],[1,2,2]]",12,"[0,1,2]","[0,0,1]","[0,1,1]","[0,0,2]",5
2904,102/002/110,6,2732,"[[0,0,1],[0,1,1],[0,2,2]]",10,"[1,1,2]","[0,0,1]","[0,0,1]","[0,0,2]",4
2905,102/002/111,6,535,"[[0,0,1],[0,1,1],[1,2,2]]",6,"[1,1,2]","[0,0,1]","[0,1,1]","[0,0,2]",6
2906,102/002/120,6,2489,"[[0,0,2],[0,1,1],[0,2,2]]",9,"[0,1,2]","[0,0,2]","[0,0,1]","[0,0,2]",4
2907,102/002/201,6,2381,"[[0,0,0],[0,1,2],[1,2,2]]",10,"[0,1,2]","[0,1,1]","[0,1,1]","[0,0,2]",4
2908,102/002/210,6,2705,"[[0,0,1],[0,1,2],[0,2,2]]",10,"[1,1,2]","[0,1,1]","[0,0,1]","[0,0,2]",4
2909,102/002/211,6,2867,"[[0,0,1],[0,1,2],[1,2,2]]",10,"[1,1,2]","[0,1,1]","[0,1,1]","[0,0,2]",5
2910,102/020/000,6,181,"[[0,0,1],[0,0,2],[0,0,2]]",3,"[1,1,1]","[0,0,1]","[0,1,2]","[0,0,2]",5
2911,102/020/001,6,3335,"[[0,0,1],[0,0,2],[0,1,2]]",6,"[1,1,1]","[0,0,1]","[1,1,2]","[0,0,0]",3
2912,102/020/010,6,2368,"[[0,0,1],[0,0,2],[0,1,2]]",10,"[1,1,2]","[0,0,1]","[0,1,2]","[0,1,2]",4
2913,102/020/011,6,2714,"[[0,0,1],[0,1,2],[0,1,2]]",9,"[1,1,2]","[0,0,1]","[1,1,2]","[0,0,1]",4
2914,102/020/020,6,3325,"[[0,0,1],[0,0,2],[0,2,2]]",6,"[1,1,1]","[0,0,2]","[0,1,2]","[0,2,2]",4
2915,102/020/021,6,3326,"[[0,0,1],[0,1,2],[0,2,2]]",6,"[1,1,1]","[0,0,2]","[1,1,2]","[0,0,2]",3
2916,102/020/100,6,910,"[[0,0,2],[0,0,2],[0,1,1]]",8,"[0,1,1]","[0,0,1]","[0,1,2]","[0,0,2]",4
2917,102/020/101,6,1256,"[[0,0,2],[0,1,1],[0,1,2]]",3,"[0,1,1]","[0,0,1]","[1,1,2]","[0,0,0]",4
2918,102/020/110,6,3097,"[[0,0,2],[0,1,1],[0,1,2]]",4,"[1,1,1]","[0,0,1]","[0,1,2]","[0,1,2]",3
2919,102/020/111,6,527,"[[0,1,1],[0,1,2],[0,1,2]]",1,"[1,1,1]","[0,0,1]","[1,1,2]","[0,0,1]",5
2920,102/020/120,6,3328,"[[0,0,2],[0,1,1],[0,2,2]]",6,"[0,1,1]","[0,0,2]","[0,1,2]","[0,2,2]",3
2921,102/020/201,6,3332,"[[0,0,2],[0,1,2],[0,1,2]]",3,"[0,1,1]","[0,1,1]","[1,1,2]","[0,0,0]",3
2922,102/020/210,6,3340,"[[0,0,2],[0,1,2],[0,1,2]]",2,"[1,1,1]","[0,1,1]","[0,1,2]","[0,1,2]",3
2923,102/020/211,6,3341,"[[0,1,2],[0,1,2],[0,1,2]]",4,"[1,1,1]","[0,1,1]","[1,1,2]","[0,0,1]",4
2924,102/021/000,6,424,"[[0,0,1],[0,0,2],[0,1,2]]",2,"[1,1,1]","[0,1,1]","[0,1,2]","[0,0,2]",5
2925,102/021/001,6,3434,"[[0,0,1],[0,0,2],[1,1,2]]",8,"[1,1,1]","[0,1,1]","[1,1,2]","[0,0,1]",3
2926,102/021/010,6,2611,"[[0,0,1],[0,1,2],[0,1,2]]",7,"[1,1,2]","[0,1,1]","[0,1,2]","[0,1,2]",4
2927,102/021/020,6,4054,"[[0,0,1],[0,1,2],[0,2,2]]",6,"[1,1,1]","[0,1,2]","[0,1,2]","[0,2,2]",4
2928,102/021/021,6,4055,"[[0,0,1],[0,2,2],[1,1,2]]",12,"[1,1,1]","[0,1,2]","[1,1,2]","[0,1,2]",3
2929,102/021/100,6,1153,"[[0,0,2],[0,1,1],[0,1,2]]",6,"[0,1,1]","[0,1,1]","[0,1,2]","[0,0,2]",4
2930,102/021/101,6,1247,"[[0,0,2],[0,1,1],[1,1,2]]",6,"[0,1,1]","[0,1,1]","[1,1,2]","[0,0,1]",4
2931,102/021/120,6,3853,"[[0,1,1],[0,1,2],[0,2,2]]",7,"[0,1,1]","[0,1,2]","[0,1,2]","[0,2,2]",3
2932,102/021/201,6,3961,"[[0,0,2],[0,1,2],[1,1,2]]",7,"[0,1,1]","[1,1,1]","[1,1,2]","[0,0,1]",3
2933,102/021/210,2,4069,"[[0,1,2],[0,1,2],[0,1,2]]",0,"[1,1,1]","[1,1,1]","[0,1,2]","[0,1,2]",3
2934,102/022/000,6,667,"[[0,0,1],[0,0,2],[0,2,2]]",7,"[1,1,2]","[0,0,1]","[0,1,2]","[0,0,2]",6
2935,102/022/001,6,2606,"[[0,0,1],[0,0,2],[1,2,2]]",8,"[1,1,2]","[0,0,1]","[1,1,2]","[0,0,2]",4
2936,102/022/010,6,2614,"[[0,0,1],[0,1,2],[0,2,2]]",12,"[1,2,2]","[0,0,1]","[0,1,2]","[0,1,2]",5
2937,102/022/011,6,2615,"[[0,0,1],[0,1,2],[1,2,2]]",11,"[1,2,2]","[0,0,1]","[1,1,2]","[0,1,2]",5
2938,102/022/020,6,2596,"[[0,0,1],[0,2,2],[0,2,2]]",9,"[1,1,2]","[0,0,2]","[0,1,2]","[0,2,2]",5
2939,102/022/100,6,1396,"[[0,0,2],[0,1,1],[0,2,2]]",11,"[0,1,2]","[0,0,1]","[0,1,2]","[0,0,2]",5
2940,102/022/101,6,1265,"[[0,0,2],[0,1,1],[1,2,2]]",6,"[0,1,2]","[0,0,1]","[1,1,2]","[0,0,2]",5
2941,102/022/110,6,2617,"[[0,1,1],[0,1,2],[0,2,2]]",7,"[1,1,2]","[0,0,1]","[0,1,2]","[0,1,2]",4
2942,102/022/111,6,536,"[[0,1,1],[0,1,2],[1,2,2]]",3,"[1,1,2]","[0,0,1]","[1,1,2]","[0,1,2]",6
2943,102/022/120,6,2599,"[[0,1,1],[0,2,2],[0,2,2]]",8,"[0,1,2]","[0,0,2]","[0,1,2]","[0,2,2]",4
2944,102/022/201,6,2603,"[[0,0,2],[0,1,2],[1,2,2]]",7,"[0,1,2]","[0,1,1]","[1,1,2]","[0,0,2]",4
2945,102/022/211,6,2612,"[[0,1,2],[0,1,2],[1,2,2]]",7,"[1,1,2]","[0,1,1]","[1,1,2]","[0,1,2]",5
2946,102/102/000,6,532,"[[0,0,0],[0,1,1],[0,2,2]]",12,"[1,1,1]","[0,1,1]","[0,0,1]","[0,1,2]",5
2947,102/102/001,6,3448,"[[0,0,0],[0,1,1],[1,2,2]]",13,"[1,1,1]","[0,1,1]","[0,1,1]","[0,1,2]",3
2948,102/102/010,6,2719,"[[0,0,1],[0,1,1],[0,2,2]]",20,"[1,1,2]","[0,1,1]","[0,0,1]","[0,1,2]",4
2949,102/102/020,6,3893,"[[0,0,2],[0,1,1],[0,2,2]]",14,"[1,1,1]","[0,1,2]","[0,0,1]","[0,1,2]",4
2950,102/102/100,6,1261,"[[0,0,0],[0,2,2],[1,1,1]]",23,"[0,1,1]","[0,1,1]","[0,0,1]","[0,1,2]",4
2951,102/102/120,6,3839,"[[0,0,2],[0,2,2],[1,1,1]]",14,"[0,1,1]","[0,1,2]","[0,0,1]","[0,1,2]",3
2952,102/120/000,6,208,"[[0,0,2],[0,0,2],[0,1,1]]",5,"[0,1,1]","[0,1,1]","[0,1,2]","[0,1,2]",5
2953,102/120/001,6,3440,"[[0,0,2],[0,1,1],[0,1,2]]",5,"[0,1,1]","[0,1,1]","[1,1,2]","[0,0,1]",3
2954,102/120/010,6,2395,"[[0,0,2],[0,1,1],[0,1,2]]",11,"[0,1,2]","[0,1,1]","[0,1,2]","[1,1,2]",4
2955,102/120/011,6,2711,"[[0,1,1],[0,1,2],[0,1,2]]",9,"[0,1,2]","[0,1,1]","[1,1,2]","[0,1,1]",4
2956,102/120/020,6,4327,"[[0,0,2],[0,1,1],[0,2,2]]",8,"[0,1,1]","[0,1,2]","[0,1,2]","[1,2,2]",4
2957,102/120/021,6,4165,"[[0,1,1],[0,1,2],[0,2,2]]",6,"[0,1,1]","[0,1,2]","[1,1,2]","[0,1,2]",3
2958,102/120/100,6,937,"[[0,0,2],[0,0,2],[1,1,1]]",14,"[0,0,1]","[0,1,1]","[0,1,2]","[0,1,2]",4
2959,102/120/101,6,1253,"[[0,0,2],[0,1,2],[1,1,1]]",10,"[0,0,1]","[0,1,1]","[1,1,2]","[0,0,1]",4
2960,102/120/110,6,3124,"[[0,0,2],[0,1,2],[1,1,1]]",9,"[0,1,1]","[0,1,1]","[0,1,2]","[1,1,2]",3
2961,102/120/111,6,524,"[[0,1,2],[0,1,2],[1,1,1]]",5,"[0,1,1]","[0,1,1]","[1,1,2]","[0,1,1]",5
2962,102/120/120,6,3841,"[[0,0,2],[0,2,2],[1,1,1]]",12,"[0,0,1]","[0,1,2]","[0,1,2]","[1,2,2]",3
2963,102/120/201,6,3949,"[[0,0,2],[0,1,2],[1,1,2]]",6,"[0,0,1]","[0,1,2]","[1,1,2]","[0,0,1]",3
2964,102/120/211,6,3895,"[[0,1,2],[0,1,2],[1,1,2]]",8,"[0,1,1]","[0,1,2]","[1,1,2]","[0,1,1]",4
2965,102/122/000,6,694,"[[0,0,2],[0,1,1],[0,2,2]]",6,"[1,1,1]","[0,1,1]","[0,1,2]","[0,1,2]",6
2966,102/122/001,6,3449,"[[0,0,2],[0,1,1],[1,2,2]]",8,"[1,1,1]","[0,1,1]","[1,1,2]","[0,1,2]",4
2967,102/122/010,6,2881,"[[0,1,1],[0,1,2],[0,2,2]]",12,"[1,1,2]","[0,1,1]","[0,1,2]","[1,1,2]",5
2968,102/122/011,6,2720,"[[0,1,1],[0,1,2],[1,2,2]]",12,"[1,1,2]","[0,1,1]","[1,1,2]","[1,1,2]",5
2969,102/122/020,6,4324,"[[0,1,1],[0,2,2],[0,2,2]]",9,"[1,1,1]","[0,1,2]","[0,1,2]","[1,2,2]",5
2970,102/122/100,6,1423,"[[0,0,2],[0,2,2],[1,1,1]]",13,"[0,1,1]","[0,1,1]","[0,1,2]","[0,1,2]",5
2971,102/122/101,6,1262,"[[0,0,2],[1,1,1],[1,2,2]]",13,"[0,1,1]","[0,1,1]","[1,1,2]","[0,1,2]",5
2972,102/122/110,6,3610,"[[0,1,2],[0,2,2],[1,1,1]]",7,"[1,1,1]","[0,1,1]","[0,1,2]","[1,1,2]",4
2973,102/122/111,6,533,"[[0,1,2],[1,1,1],[1,2,2]]",6,"[1,1,1]","[0,1,1]","[1,1,2]","[1,1,2]",6
2974,102/122/120,6,3838,"[[0,2,2],[0,2,2],[1,1,1]]",12,"[0,1,1]","[0,1,2]","[0,1,2]","[1,2,2]",4
2975,102/122/201,6,3946,"[[0,0,2],[1,1,2],[1,2,2]]",9,"[0,1,1]","[0,1,2]","[1,1,2]","[0,1,2]",4
2976,102/122/211,6,3892,"[[0,1,2],[1,1,2],[1,2,2]]",8,"[1,1,1]","[0,1,2]","[1,1,2]","[1,1,2]",5
2977,102/200/000,6,73,"[[0,0,0],[0,0,2],[0,1,2]]",5,"[0,1,1]","[0,0,1]","[0,0,1]","[0,2,2]",6
2978,102/200/001,6,896,"[[0,0,0],[0,1,2],[0,1,2]]",7,"[0,1,1]","[0,0,1]","[0,1,1]","[0,0,2]",4
2979,102/200/010,6,1220,"[[0,0,1],[0,0,2],[0,1,2]]",10,"[0,1,2]","[0,0,1]","[0,0,1]","[0,2,2]",5
2980,102/200/011,6,1382,"[[0,0,1],[0,1,2],[0,1,2]]",10,"[0,1,2]","[0,0,1]","[0,1,1]","[0,0,2]",5
2981,102/200/020,6,977,"[[0,0,2],[0,0,2],[0,1,2]]",8,"[0,1,1]","[0,0,2]","[0,0,1]","[0,2,2]",5
2982,102/200/021,6,1139,"[[0,0,2],[0,1,2],[0,1,2]]",4,"[0,1,1]","[0,0,2]","[0,1,1]","[0,0,2]",4
2983,102/200/100,6,788,"[[0,0,0],[0,0,2],[1,1,2]]",12,"[0,0,1]","[0,0,1]","[0,0,1]","[0,2,2]",5
2984,102/200/101,6,950,"[[0,0,0],[0,1,2],[1,1,2]]",8,"[0,0,1]","[0,0,1]","[0,1,1]","[0,0,2]",5
2985,102/200/110,6,1274,"[[0,0,1],[0,0,2],[1,1,2]]",5,"[0,1,1]","[0,0,1]","[0,0,1]","[0,2,2]",4
2986,102/200/111,6,529,"[[0,0,1],[0,1,2],[1,1,2]]",2,"[0,1,1]","[0,0,1]","[0,1,1]","[0,0,2]",6
2987,102/200/120,6,1031,"[[0,0,2],[0,0,2],[1,1,2]]",5,"[0,0,1]","[0,0,2]","[0,0,1]","[0,2,2]",4
2988,102/200/201,6,923,"[[0,0,0],[0,1,2],[1,2,2]]",6,"[0,0,1]","[0,1,1]","[0,1,1]","[0,0,2]",4
2989,102/200/211,6,1409,"[[0,0,1],[0,1,2],[1,2,2]]",5,"[0,1,1]","[0,1,1]","[0,1,1]","[0,0,2]",5
2990,102/201/000,6,316,"[[0,0,0],[0,1,2],[0,1,2]]",5,"[0,1,1]","[0,1,1]","[0,0,1]","[0,2,2]",5
2991,102/201/001,6,3436,"[[0,0,0],[0,1,2],[1,1,2]]",8,"[0,1,1]","[0,1,1]","[0,1,1]","[0,1,2]",3
2992,102/201/010,6,2503,"[[0,0,1],[0,1,2],[0,1,2]]",10,"[0,1,2]","[0,1,1]","[0,0,1]","[0,2,2]",4
2993,102/201/011,6,2707,"[[0,0,1],[0,1,2],[1,1,2]]",10,"[0,1,2]","[0,1,1]","[0,1,1]","[0,1,2]",4
2994,102/201/020,6,4331,"[[0,0,2],[0,1,2],[0,1,2]]",6,"[0,1,1]","[0,1,2]","[0,0,1]","[0,2,2]",4
2995,102/201/100,6,1045,"[[0,0,0],[0,1,2],[1,1,2]]",13,"[0,0,1]","[0,1,1]","[0,0,1]","[0,2,2]",4
2996,102/201/101,6,1249,"[[0,0,0],[1,1,2],[1,1,2]]",12,"[0,0,1]","[0,1,1]","[0,1,1]","[0,1,2]",4
2997,102/201/110,6,3232,"[[0,0,1],[0,1,2],[1,1,2]]",7,"[0,1,1]","[0,1,1]","[0,0,1]","[0,2,2]",3
2998,102/201/111,6,520,"[[0,0,1],[1,1,2],[1,1,2]]",5,"[0,1,1]","[0,1,1]","[0,1,1]","[0,1,2]",5
2999,102/201/120,6,3845,"[[0,0,2],[0,1,2],[1,1,2]]",6,"[0,0,1]","[0,1,2]","[0,0,1]","[0,2,2]",3
3000,102/201/201,6,3953,"[[0,0,0],[1,1,2],[1,2,2]]",12,"[0,0,1]","[1,1,1]","[0,1,1]","[0,1,2]",3
3001,102/201/211,6,3899,"[[0,0,1],[1,1,2],[1,2,2]]",11,"[0,1,1]","[1,1,1]","[0,1,1]","[0,1,2]",4
3002,102/202/000,6,559,"[[0,0,0],[0,1,2],[0,2,2]]",7,"[1,1,1]","[0,0,1]","[0,0,1]","[0,2,2]",5
3003,102/202/001,6,3083,"[[0,0,0],[0,1,2],[1,2,2]]",8,"[1,1,1]","[0,0,1]","[0,1,1]","[0,2,2]",3
3004,102/202/010,6,2746,"[[0,0,1],[0,1,2],[0,2,2]]",13,"[1,1,2]","[0,0,1]","[0,0,1]","[0,2,2]",4
3005,102/202/011,6,2725,"[[0,0,1],[0,1,2],[1,2,2]]",12,"[1,1,2]","[0,0,1]","[0,1,1]","[0,2,2]",4
3006,102/202/020,6,3164,"[[0,0,2],[0,1,2],[0,2,2]]",10,"[1,1,1]","[0,0,2]","[0,0,1]","[0,2,2]",4
3007,102/202/100,6,1288,"[[0,0,0],[0,2,2],[1,1,2]]",16,"[0,1,1]","[0,0,1]","[0,0,1]","[0,2,2]",4
3008,102/202/101,6,1267,"[[0,0,0],[1,1,2],[1,2,2]]",12,"[0,1,1]","[0,0,1]","[0,1,1]","[0,2,2]",4
3009,102/202/110,6,3461,"[[0,0,1],[0,2,2],[1,1,2]]",10,"[1,1,1]","[0,0,1]","[0,0,1]","[0,2,2]",3
3010,102/202/111,6,538,"[[0,0,1],[1,1,2],[1,2,2]]",6,"[1,1,1]","[0,0,1]","[0,1,1]","[0,2,2]",5
3011,102/202/120,6,3218,"[[0,0,2],[0,2,2],[1,1,2]]",9,"[0,1,1]","[0,0,2]","[0,0,1]","[0,2,2]",3
3012,102/202/201,6,3110,"[[0,0,0],[1,2,2],[1,2,2]]",11,"[0,1,1]","[0,1,1]","[0,1,1]","[0,2,2]",3
3013,102/202/211,6,3596,"[[0,0,1],[1,2,2],[1,2,2]]",9,"[1,1,1]","[0,1,1]","[0,1,1]","[0,2,2]",4
3014,102/220/000,6,235,"[[0,0,2],[0,0,2],[0,1,2]]",5,"[0,1,1]","[0,0,1]","[0,1,2]","[0,2,2]",6
3015,102/220/001,6,1148,"[[0,0,2],[0,1,2],[0,1,2]]",6,"[0,1,1]","[0,0,1]","[1,1,2]","[0,0,2]",4
3016,102/220/010,6,1156,"[[0,0,2],[0,1,2],[0,1,2]]",9,"[0,1,2]","[0,0,1]","[0,1,2]","[1,2,2]",5
3017,102/220/011,6,1157,"[[0,1,2],[0,1,2],[0,1,2]]",7,"[0,1,2]","[0,0,1]","[1,1,2]","[0,1,2]",5
3018,102/220/020,6,1138,"[[0,0,2],[0,1,2],[0,2,2]]",7,"[0,1,1]","[0,0,2]","[0,1,2]","[2,2,2]",5
3019,102/220/100,6,964,"[[0,0,2],[0,0,2],[1,1,2]]",11,"[0,0,1]","[0,0,1]","[0,1,2]","[0,2,2]",5
3020,102/220/101,6,1151,"[[0,0,2],[0,1,2],[1,1,2]]",5,"[0,0,1]","[0,0,1]","[1,1,2]","[0,0,2]",5
3021,102/220/110,6,1159,"[[0,0,2],[0,1,2],[1,1,2]]",5,"[0,1,1]","[0,0,1]","[0,1,2]","[1,2,2]",4
3022,102/220/111,6,530,"[[0,1,2],[0,1,2],[1,1,2]]",2,"[0,1,1]","[0,0,1]","[1,1,2]","[0,1,2]",6
3023,102/220/120,6,1141,"[[0,0,2],[0,2,2],[1,1,2]]",7,"[0,0,1]","[0,0,2]","[0,1,2]","[2,2,2]",4
3024,102/220/201,6,1145,"[[0,0,2],[0,1,2],[1,2,2]]",5,"[0,0,1]","[0,1,1]","[1,1,2]","[0,0,2]",4
3025,102/220/211,6,1154,"[[0,1,2],[0,1,2],[1,2,2]]",5,"[0,1,1]","[0,1,1]","[1,1,2]","[0,1,2]",5
3026,102/222/000,6,418,"[[0,0,2],[0,1,2],[0,2,2]]",2,"[1,1,1]","[0,0,1]","[0,1,2]","[0,2,2]",7
3027,102/222/001,6,419,"[[0,0,2],[0,1,2],[1,2,2]]",4,"[1,1,1]","[0,0,1]","[1,1,2]","[0,2,2]",5
3028,102/222/010,6,427,"[[0,1,2],[0,1,2],[0,2,2]]",6,"[1,1,2]","[0,0,1]","[0,1,2]","[1,2,2]",6
3029,102/222/011,6,428,"[[0,1,2],[0,1,2],[1,2,2]]",6,"[1,1,2]","[0,0,1]","[1,1,2]","[1,2,2]",6
3030,102/222/020,6,409,"[[0,1,2],[0,2,2],[0,2,2]]",5,"[1,1,1]","[0,0,2]","[0,1,2]","[2,2,2]",6
3031,102/222/100,6,421,"[[0,0,2],[0,2,2],[1,1,2]]",8,"[0,1,1]","[0,0,1]","[0,1,2]","[0,2,2]",6
3032,102/222/101,6,422,"[[0,0,2],[1,1,2],[1,2,2]]",5,"[0,1,1]","[0,0,1]","[1,1,2]","[0,2,2]",6
3033,102/222/110,6,430,"[[0,1,2],[0,2,2],[1,1,2]]",3,"[1,1,1]","[0,0,1]","[0,1,2]","[1,2,2]",5
3034,102/222/111,6,431,"[[0,1,2],[1,1,2],[1,2,2]]",2,"[1,1,1]","[0,0,1]","[1,1,2]","[1,2,2]",7
3035,102/222/120,6,412,"[[0,2,2],[0,2,2],[1,1,2]]",5,"[0,1,1]","[0,0,2]","[0,1,2]","[2,2,2]",5
3036,102/222/201,6,416,"[[0,0,2],[1,2,2],[1,2,2]]",5,"[0,1,1]","[0,1,1]","[1,1,2]","[0,2,2]",5
3037,102/222/211,6,425,"[[0,1,2],[1,2,2],[1,2,2]]",4,"[1,1,1]","[0,1,1]","[1,1,2]","[1,2,2]",6
3038,110/000/000,6,4,"[[0,0,0],[0,0,1],[0,0,1]]",3,"[1,1,1]","[0,0,1]","[0,0,1]","[0,0,1]",8
3039,110/000/001,6,182,"[[0,0,1],[0,0,1],[0,0,1]]",6,"[1,1,1]","[0,0,1]","[0,1,1]","[0,0,1]",6
3040,110/000/010,6,506,"[[0,0,0],[0,0,1],[0,1,1]]",9,"[1,1,2]","[0,0,1]","[0,0,1]","[0,0,1]",7
3041,110/000/011,6,668,"[[0,0,1],[0,0,1],[0,1,1]]",9,"[1,1,2]","[0,0,1]","[0,1,1]","[0,0,1]",7
3042,110/000/020,6,263,"[[0,0,0],[0,0,1],[0,1,2]]",6,"[1,1,1]","[0,1,1]","[0,0,1]","[0,0,1]",7
3043,110/000/100,6,74,"[[0,0,0],[0,0,1],[0,1,1]]",10,"[0,1,1]","[0,0,1]","[0,0,1]","[0,0,1]",7
3044,110/000/101,6,236,"[[0,0,1],[0,0,1],[0,1,1]]",10,"[0,1,1]","[0,0,1]","[0,1,1]","[0,0,1]",7
3045,110/000/110,6,560,"[[0,0,0],[0,1,1],[0,1,1]]",6,"[1,1,1]","[0,0,1]","[0,0,1]","[0,0,1]",6
3046,110/000/111,6,256,"[[0,0,1],[0,1,1],[0,1,1]]",3,"[1,1,1]","[0,0,1]","[0,1,1]","[0,0,1]",8
3047,110/000/120,6,317,"[[0,0,0],[0,1,1],[0,1,2]]",5,"[0,1,1]","[0,1,1]","[0,0,1]","[0,0,1]",6
3048,110/000/201,6,209,"[[0,0,1],[0,0,1],[0,1,2]]",3,"[0,1,1]","[0,1,1]","[0,1,1]","[0,0,1]",6
3049,110/000/211,6,695,"[[0,0,1],[0,1,1],[0,1,2]]",4,"[1,1,1]","[0,1,1]","[0,1,1]","[0,0,1]",7
3050,110/001/000,6,247,"[[0,0,1],[0,0,1],[0,0,1]]",6,"[1,1,1]","[0,0,2]","[0,0,1]","[0,0,1]",7
3051,110/001/001,6,3163,"[[0,0,1],[0,0,1],[0,1,1]]",9,"[1,1,1]","[0,0,2]","[0,1,1]","[0,1,1]",5
3052,110/001/010,6,2434,"[[0,0,1],[0,0,1],[0,1,1]]",11,"[1,1,2]","[0,0,2]","[0,0,1]","[0,0,1]",6
3053,110/001/020,6,4621,"[[0,0,1],[0,0,1],[0,1,2]]",7,"[1,1,1]","[0,1,2]","[0,0,1]","[0,0,1]",6
3054,110/001/100,6,976,"[[0,0,1],[0,0,1],[0,1,1]]",12,"[0,1,1]","[0,0,2]","[0,0,1]","[0,0,1]",6
3055,110/001/120,6,4583,"[[0,0,1],[0,1,1],[0,1,2]]",6,"[0,1,1]","[0,1,2]","[0,0,1]","[0,0,1]",5
3056,110/002/000,6,490,"[[0,0,1],[0,0,1],[0,0,2]]",8,"[1,1,2]","[0,0,1]","[0,0,1]","[0,0,1]",7
3057,110/002/001,6,2369,"[[0,0,1],[0,0,1],[0,1,2]]",11,"[1,1,2]","[0,0,1]","[0,1,1]","[0,1,2]",5
3058,110/002/010,6,2677,"[[0,0,1],[0,0,2],[0,1,1]]",14,"[1,2,2]","[0,0,1]","[0,0,1]","[0,0,1]",6
3059,110/002/011,6,2452,"[[0,0,1],[0,1,1],[0,1,2]]",12,"[1,2,2]","[0,0,1]","[0,1,1]","[0,1,2]",6
3060,110/002/020,6,2450,"[[0,0,1],[0,0,2],[0,1,2]]",10,"[1,1,2]","[0,1,1]","[0,0,1]","[0,0,1]",6
3061,110/002/100,6,1219,"[[0,0,1],[0,0,2],[0,1,1]]",12,"[0,1,2]","[0,0,1]","[0,0,1]","[0,0,1]",6
3062,110/002/101,6,994,"[[0,0,1],[0,1,1],[0,1,2]]",12,"[0,1,2]","[0,0,1]","[0,1,1]","[0,1,2]",6
3063,110/002/110,6,2747,"[[0,0,2],[0,1,1],[0,1,1]]",10,"[1,1,2]","[0,0,1]","[0,0,1]","[0,0,1]",5
3064,110/002/111,6,265,"[[0,1,1],[0,1,1],[0,1,2]]",5,"[1,1,2]","[0,0,1]","[0,1,1]","[0,1,2]",7
3065,110/002/120,6,2504,"[[0,0,2],[0,1,1],[0,1,2]]",8,"[0,1,2]","[0,1,1]","[0,0,1]","[0,0,1]",5
3066,110/002/201,6,2396,"[[0,0,1],[0,1,2],[0,1,2]]",7,"[0,1,2]","[0,1,1]","[0,1,1]","[0,1,2]",5
3067,110/002/211,6,2882,"[[0,1,1],[0,1,2],[0,1,2]]",8,"[1,1,2]","[0,1,1]","[0,1,1]","[0,1,2]",6
3068,110/020/000,6,166,"[[0,0,0],[0,0,1],[0,1,2]]",7,"[1,1,1]","[0,0,1]","[0,1,2]","[0,0,0]",6
3069,110/020/001,6,3173,"[[0,0,1],[0,0,1],[0,1,2]]",9,"[1,1,1]","[0,0,1]","[1,1,2]","[0,0,0]",4
3070,110/020/010,6,2353,"[[0,0,0],[0,0,1],[1,1,2]]",11,"[1,1,2]","[0,0,1]","[0,1,2]","[0,0,1]",5
3071,110/020/011,6,2444,"[[0,0,1],[0,0,1],[1,1,2]]",9,"[1,1,2]","[0,0,1]","[1,1,2]","[0,0,1]",5
3072,110/020/020,6,3595,"[[0,0,0],[0,0,1],[1,2,2]]",10,"[1,1,1]","[0,1,1]","[0,1,2]","[0,0,2]",5
3073,110/020/100,6,895,"[[0,0,0],[0,1,1],[0,1,2]]",10,"[0,1,1]","[0,0,1]","[0,1,2]","[0,0,0]",5
3074,110/020/101,6,986,"[[0,0,1],[0,1,1],[0,1,2]]",8,"[0,1,1]","[0,0,1]","[1,1,2]","[0,0,0]",5
3075,110/020/110,6,3082,"[[0,0,0],[0,1,1],[1,1,2]]",7,"[1,1,1]","[0,0,1]","[0,1,2]","[0,0,1]",4
3076,110/020/111,6,257,"[[0,0,1],[0,1,1],[1,1,2]]",3,"[1,1,1]","[0,0,1]","[1,1,2]","[0,0,1]",6
3077,110/020/120,6,3598,"[[0,0,0],[0,1,1],[1,2,2]]",9,"[0,1,1]","[0,1,1]","[0,1,2]","[0,0,2]",4
3078,110/020/201,6,3602,"[[0,0,1],[0,1,2],[0,1,2]]",4,"[0,1,1]","[0,1,1]","[1,1,2]","[0,0,0]",4
3079,110/020/211,6,3611,"[[0,0,1],[0,1,2],[1,1,2]]",5,"[1,1,1]","[0,1,1]","[1,1,2]","[0,0,1]",5
3080,110/022/000,6,652,"[[0,0,1],[0,0,2],[0,1,2]]",9,"[1,1,2]","[0,0,1]","[0,1,2]","[0,0,0]",7
3081,110/022/001,6,2876,"[[0,0,1],[0,1,2],[0,1,2]]",11,"[1,1,2]","[0,0,1]","[1,1,2]","[0,0,2]",5
3082,110/022/010,6,2839,"[[0,0,1],[0,0,2],[1,1,2]]",13,"[1,2,2]","[0,0,1]","[0,1,2]","[0,0,1]",6
3083,110/022/011,6,2453,"[[0,0,1],[0,1,2],[1,1,2]]",11,"[1,2,2]","[0,0,1]","[1,1,2]","[0,1,2]",6
3084,110/022/020,6,2866,"[[0,0,1],[0,0,2],[1,2,2]]",11,"[1,1,2]","[0,1,1]","[0,1,2]","[0,0,2]",6
3085,110/022/100,6,1381,"[[0,0,2],[0,1,1],[0,1,2]]",11,"[0,1,2]","[0,0,1]","[0,1,2]","[0,0,0]",6
3086,110/022/101,6,995,"[[0,1,1],[0,1,2],[0,1,2]]",9,"[0,1,2]","[0,0,1]","[1,1,2]","[0,0,2]",6
3087,110/022/110,6,2887,"[[0,0,2],[0,1,1],[1,1,2]]",10,"[1,1,2]","[0,0,1]","[0,1,2]","[0,0,1]",5
3088,110/022/111,6,266,"[[0,1,1],[0,1,2],[1,1,2]]",5,"[1,1,2]","[0,0,1]","[1,1,2]","[0,1,2]",7
3089,110/022/120,6,2869,"[[0,0,2],[0,1,1],[1,2,2]]",10,"[0,1,2]","[0,1,1]","[0,1,2]","[0,0,2]",5
3090,110/022/201,6,2873,"[[0,1,2],[0,1,2],[0,1,2]]",7,"[0,1,2]","[0,1,1]","[1,1,2]","[0,0,2]",5
3091,110/120/000,6,193,"[[0,0,0],[0,1,1],[0,1,2]]",10,"[0,1,1]","[0,1,1]","[0,1,2]","[0,0,1]",6
3092,110/120/001,6,3170,"[[0,0,1],[0,1,1],[0,1,2]]",9,"[0,1,1]","[0,1,1]","[1,1,2]","[0,0,1]",4
3093,110/120/010,6,2380,"[[0,0,0],[0,1,1],[1,1,2]]",14,"[0,1,2]","[0,1,1]","[0,1,2]","[0,1,1]",5
3094,110/120/011,6,2441,"[[0,0,1],[0,1,1],[1,1,2]]",11,"[0,1,2]","[0,1,1]","[1,1,2]","[0,1,1]",5
3095,110/120/020,6,4567,"[[0,0,0],[0,1,1],[1,2,2]]",14,"[0,1,1]","[1,1,1]","[0,1,2]","[0,1,2]",5
3096,110/120/100,6,922,"[[0,0,0],[0,1,2],[1,1,1]]",14,"[0,0,1]","[0,1,1]","[0,1,2]","[0,0,1]",5
3097,110/120/101,6,983,"[[0,0,1],[0,1,2],[1,1,1]]",11,"[0,0,1]","[0,1,1]","[1,1,2]","[0,0,1]",5
3098,110/120/110,6,3109,"[[0,0,0],[1,1,1],[1,1,2]]",15,"[0,1,1]","[0,1,1]","[0,1,2]","[0,1,1]",4
3099,110/120/111,6,254,"[[0,0,1],[1,1,1],[1,1,2]]",8,"[0,1,1]","[0,1,1]","[1,1,2]","[0,1,1]",6
3100,110/120/120,6,4570,"[[0,0,0],[1,1,1],[1,2,2]]",18,"[0,0,1]","[1,1,1]","[0,1,2]","[0,1,2]",4
3101,110/120/201,6,4678,"[[0,0,1],[0,1,2],[1,1,2]]",8,"[0,0,1]","[0,1,2]","[1,1,2]","[0,0,1]",4
3102,110/120/211,6,4624,"[[0,0,1],[1,1,2],[1,1,2]]",9,"[0,1,1]","[0,1,2]","[1,1,2]","[0,1,1]",5
3103,110/122/000,6,679,"[[0,0,2],[0,1,1],[0,1,2]]",6,"[1,1,1]","[0,1,1]","[0,1,2]","[0,0,1]",7
3104,110/122/001,6,3179,"[[0,1,1],[0,1,2],[0,1,2]]",9,"[1,1,1]","[0,1,1]","[1,1,2]","[0,1,2]",5
3105,110/122/020,2,5053,"[[0,0,2],[0,1,1],[1,2,2]]",9,"[1,1,1]","[1,1,1]","[0,1,2]","[0,1,2]",6
3106,110/122/100,6,1408,"[[0,0,2],[0,1,2],[1,1,1]]",9,"[0,1,1]","[0,1,1]","[0,1,2]","[0,0,1]",6
3107,110/122/101,6,992,"[[0,1,2],[0,1,2],[1,1,1]]",10,"[0,1,1]","[0,1,1]","[1,1,2]","[0,1,2]",6
3108,110/122/201,6,4675,"[[0,1,2],[0,1,2],[1,1,2]]",9,"[0,1,1]","[0,1,2]","[1,1,2]","[0,1,2]",5
3109,110/200/000,6,58,"[[0,0,0],[0,0,1],[0,1,2]]",7,"[0,1,1]","[0,0,1]","[0,0,1]","[0,1,2]",7
3110,110/200/001,6,911,"[[0,0,1],[0,0,1],[0,1,2]]",8,"[0,1,1]","[0,0,1]","[0,1,1]","[0,1,2]",5
3111,110/200/010,6,1235,"[[0,0,0],[0,1,1],[0,1,2]]",11,"[0,1,2]","[0,0,1]","[0,0,1]","[0,1,2]",6
3112,110/200/011,6,1397,"[[0,0,1],[0,1,1],[0,1,2]]",10,"[0,1,2]","[0,0,1]","[0,1,1]","[0,1,2]",6
3113,110/200/100,6,787,"[[0,0,0],[0,0,1],[1,1,2]]",12,"[0,0,1]","[0,0,1]","[0,0,1]","[0,1,2]",6
3114,110/200/101,6,965,"[[0,0,1],[0,0,1],[1,1,2]]",12,"[0,0,1]","[0,0,1]","[0,1,1]","[0,1,2]",6
3115,110/200/110,6,1289,"[[0,0,0],[0,1,1],[1,1,2]]",11,"[0,1,1]","[0,0,1]","[0,0,1]","[0,1,2]",5
3116,110/200/111,6,259,"[[0,0,1],[0,1,1],[1,1,2]]",6,"[0,1,1]","[0,0,1]","[0,1,1]","[0,1,2]",7
3117,110/200/120,6,1046,"[[0,0,0],[0,1,2],[1,1,2]]",9,"[0,0,1]","[0,1,1]","[0,0,1]","[0,1,2]",5
3118,110/200/201,6,938,"[[0,0,1],[0,0,1],[1,2,2]]",8,"[0,0,1]","[0,1,1]","[0,1,1]","[0,1,2]",5
3119,110/200/211,6,1424,"[[0,0,1],[0,1,1],[1,2,2]]",8,"[0,1,1]","[0,1,1]","[0,1,1]","[0,1,2]",6
3120,110/201/000,6,301,"[[0,0,1],[0,0,1],[0,1,2]]",7,"[0,1,1]","[0,0,2]","[0,0,1]","[0,1,2]",6
3121,110/201/001,6,3166,"[[0,0,1],[0,1,1],[0,1,2]]",9,"[0,1,1]","[0,0,2]","[0,1,1]","[1,1,2]",4
3122,110/201/010,6,2488,"[[0,0,1],[0,1,1],[0,1,2]]",10,"[0,1,2]","[0,0,2]","[0,0,1]","[0,1,2]",5
3123,110/201/011,6,2437,"[[0,1,1],[0,1,1],[0,1,2]]",9,"[0,1,2]","[0,0,2]","[0,1,1]","[1,1,2]",5
3124,110/201/100,6,1030,"[[0,0,1],[0,0,1],[1,1,2]]",10,"[0,0,1]","[0,0,2]","[0,0,1]","[0,1,2]",5
3125,110/201/101,6,979,"[[0,0,1],[0,1,1],[1,1,2]]",11,"[0,0,1]","[0,0,2]","[0,1,1]","[1,1,2]",5
3126,110/201/110,6,3217,"[[0,0,1],[0,1,1],[1,1,2]]",9,"[0,1,1]","[0,0,2]","[0,0,1]","[0,1,2]",4
3127,110/201/111,6,250,"[[0,1,1],[0,1,1],[1,1,2]]",5,"[0,1,1]","[0,0,2]","[0,1,1]","[1,1,2]",6
3128,110/201/120,6,4574,"[[0,0,1],[0,1,2],[1,1,2]]",7,"[0,0,1]","[0,1,2]","[0,0,1]","[0,1,2]",4
3129,110/201/201,6,4682,"[[0,0,1],[0,1,1],[1,2,2]]",9,"[0,0,1]","[0,1,2]","[0,1,1]","[1,1,2]",4
3130,110/202/000,6,544,"[[0,0,1],[0,0,2],[0,1,2]]",6,"[1,1,1]","[0,0,1]","[0,0,1]","[0,1,2]",6
3131,110/202/001,6,3098,"[[0,0,1],[0,1,2],[0,1,2]]",8,"[1,1,1]","[0,0,1]","[0,1,1]","[1,2,2]",4
3132,110/202/010,6,2731,"[[0,0,2],[0,1,1],[0,1,2]]",11,"[1,1,2]","[0,0,1]","[0,0,1]","[0,1,2]",5
3133,110/202/011,6,2455,"[[0,1,1],[0,1,2],[0,1,2]]",9,"[1,1,2]","[0,0,1]","[0,1,1]","[1,2,2]",5
3134,110/202/100,6,1273,"[[0,0,1],[0,0,2],[1,1,2]]",10,"[0,1,1]","[0,0,1]","[0,0,1]","[0,1,2]",5
3135,110/202/101,6,997,"[[0,0,1],[0,1,2],[1,1,2]]",10,"[0,1,1]","[0,0,1]","[0,1,1]","[1,2,2]",5
3136,110/202/110,6,3460,"[[0,0,2],[0,1,1],[1,1,2]]",10,"[1,1,1]","[0,0,1]","[0,0,1]","[0,1,2]",4
3137,110/202/111,6,268,"[[0,1,1],[0,1,2],[1,1,2]]",4,"[1,1,1]","[0,0,1]","[0,1,1]","[1,2,2]",6
3138,110/202/120,6,3233,"[[0,0,2],[0,1,2],[1,1,2]]",8,"[0,1,1]","[0,1,1]","[0,0,1]","[0,1,2]",4
3139,110/202/201,6,3125,"[[0,0,1],[0,1,2],[1,2,2]]",7,"[0,1,1]","[0,1,1]","[0,1,1]","[1,2,2]",4
3140,110/220/000,6,220,"[[0,0,0],[0,1,2],[0,1,2]]",5,"[0,1,1]","[0,0,1]","[0,1,2]","[0,0,2]",7
3141,110/220/001,6,1418,"[[0,0,1],[0,1,2],[0,1,2]]",5,"[0,1,1]","[0,0,1]","[1,1,2]","[0,0,2]",5
3142,110/220/010,6,1426,"[[0,0,0],[0,1,2],[1,1,2]]",8,"[0,1,2]","[0,0,1]","[0,1,2]","[0,1,2]",6
3143,110/220/011,6,1427,"[[0,0,1],[0,1,2],[1,1,2]]",5,"[0,1,2]","[0,0,1]","[1,1,2]","[0,1,2]",6
3144,110/220/100,6,949,"[[0,0,0],[0,1,2],[1,1,2]]",8,"[0,0,1]","[0,0,1]","[0,1,2]","[0,0,2]",6
3145,110/220/101,6,989,"[[0,0,1],[0,1,2],[1,1,2]]",6,"[0,0,1]","[0,0,1]","[1,1,2]","[0,0,2]",6
3146,110/220/110,6,1429,"[[0,0,0],[1,1,2],[1,1,2]]",8,"[0,1,1]","[0,0,1]","[0,1,2]","[0,1,2]",5
3147,110/220/111,6,260,"[[0,0,1],[1,1,2],[1,1,2]]",3,"[0,1,1]","[0,0,1]","[1,1,2]","[0,1,2]",7
3148,110/220/120,6,1411,"[[0,0,0],[1,1,2],[1,2,2]]",10,"[0,0,1]","[0,1,1]","[0,1,2]","[0,2,2]",5
3149,110/220/201,6,1415,"[[0,0,1],[0,1,2],[1,2,2]]",7,"[0,0,1]","[0,1,1]","[1,1,2]","[0,0,2]",5
3150,110/222/000,6,688,"[[0,0,2],[0,1,2],[0,1,2]]",3,"[1,1,1]","[0,0,1]","[0,1,2]","[0,0,2]",8
3151,110/222/001,6,689,"[[0,1,2],[0,1,2],[0,1,2]]",6,"[1,1,1]","[0,0,1]","[1,1,2]","[0,2,2]",6
3152,110/222/010,6,697,"[[0,0,2],[0,1,2],[1,1,2]]",6,"[1,1,2]","[0,0,1]","[0,1,2]","[0,1,2]",7
3153,110/222/011,6,698,"[[0,1,2],[0,1,2],[1,1,2]]",5,"[1,1,2]","[0,0,1]","[1,1,2]","[1,2,2]",7
3154,110/222/100,6,691,"[[0,0,2],[0,1,2],[1,1,2]]",5,"[0,1,1]","[0,0,1]","[0,1,2]","[0,0,2]",7
3155,110/222/101,6,692,"[[0,1,2],[0,1,2],[1,1,2]]",6,"[0,1,1]","[0,0,1]","[1,1,2]","[0,2,2]",7
3156,110/222/110,6,700,"[[0,0,2],[1,1,2],[1,1,2]]",6,"[1,1,1]","[0,0,1]","[0,1,2]","[0,1,2]",6
3157,110/222/111,6,269,"[[0,1,2],[1,1,2],[1,1,2]]",3,"[1,1,1]","[0,0,1]","[1,1,2]","[1,2,2]",8
3158,110/222/120,6,682,"[[0,0,2],[1,1,2],[1,2,2]]",7,"[0,1,1]","[0,1,1]","[0,1,2]","[0,2,2]",6
3159,110/222/201,6,686,"[[0,1,2],[0,1,2],[1,2,2]]",5,"[0,1,1]","[0,1,1]","[1,1,2]","[0,2,2]",6
3160,111/000/000,6,13,"[[0,0,1],[0,0,1],[0,0,1]]",0,"[1,1,1]","[0,0,0]","[0,0,1]","[0,1,1]",9
3161,111/000/001,6,188,"[[0,0,1],[0,0,1],[0,1,1]]",3,"[1,1,1]","[0,0,0]","[0,1,1]","[0,0,1]",7
3162,111/000/010,6,512,"[[0,0,1],[0,0,1],[0,1,1]]",7,"[1,1,2]","[0,0,0]","[0,0,1]","[0,1,1]",8
3163,111/000/100,6,80,"[[0,0,1],[0,0,1],[0,1,1]]",8,"[0,1,1]","[0,0,0]","[0,0,1]","[0,1,1]",8
3164,111/000/120,6,215,"[[0,0,1],[0,1,1],[0,1,2]]",2,"[0,1,1]","[0,0,1]","[0,0,1]","[0,1,1]",7
3165,111/002/000,6,499,"[[0,0,1],[0,0,1],[0,1,2]]",3,"[1,1,2]","[0,0,0]","[0,0,1]","[0,1,1]",8
3166,111/002/001,6,563,"[[0,0,1],[0,0,1],[1,1,2]]",6,"[1,1,2]","[0,0,0]","[0,1,1]","[0,1,2]",6
3167,111/002/010,6,671,"[[0,0,1],[0,1,1],[0,1,2]]",10,"[1,2,2]","[0,0,0]","[0,0,1]","[0,1,1]",7
3168,111/002/011,6,509,"[[0,0,1],[0,1,1],[1,1,2]]",8,"[1,2,2]","[0,0,0]","[0,1,1]","[0,1,2]",7
3169,111/002/100,6,239,"[[0,0,1],[0,1,1],[0,1,2]]",8,"[0,1,2]","[0,0,0]","[0,0,1]","[0,1,1]",7
3170,111/002/101,6,77,"[[0,0,1],[0,1,1],[1,1,2]]",8,"[0,1,2]","[0,0,0]","[0,1,1]","[0,1,2]",7
3171,111/002/110,6,185,"[[0,1,1],[0,1,1],[0,1,2]]",5,"[1,1,2]","[0,0,0]","[0,0,1]","[0,1,1]",6
3172,111/002/111,6,22,"[[0,1,1],[0,1,1],[1,1,2]]",0,"[1,1,2]","[0,0,0]","[0,1,1]","[0,1,2]",8
3173,111/002/120,6,212,"[[0,1,1],[0,1,2],[0,1,2]]",3,"[0,1,2]","[0,0,1]","[0,0,1]","[0,1,1]",6
3174,111/002/201,6,320,"[[0,0,1],[0,1,2],[1,1,2]]",4,"[0,1,2]","[0,0,1]","[0,1,1]","[0,1,2]",6
3175,111/020/000,6,175,"[[0,0,1],[0,0,1],[0,1,2]]",3,"[1,1,1]","[0,0,0]","[0,1,2]","[0,0,1]",7
3176,111/020/001,6,565,"[[0,0,1],[0,1,1],[0,1,2]]",5,"[1,1,1]","[0,0,0]","[1,1,2]","[0,0,0]",5
3177,111/020/010,6,673,"[[0,0,1],[0,0,1],[1,1,2]]",9,"[1,1,2]","[0,0,0]","[0,1,2]","[0,1,1]",6
3178,111/020/011,6,511,"[[0,0,1],[0,1,1],[1,1,2]]",7,"[1,1,2]","[0,0,0]","[1,1,2]","[0,0,1]",6
3179,111/020/100,6,241,"[[0,0,1],[0,1,1],[0,1,2]]",7,"[0,1,1]","[0,0,0]","[0,1,2]","[0,0,1]",6
3180,111/020/101,6,79,"[[0,1,1],[0,1,1],[0,1,2]]",4,"[0,1,1]","[0,0,0]","[1,1,2]","[0,0,0]",6
3181,111/020/110,6,187,"[[0,0,1],[0,1,1],[1,1,2]]",4,"[1,1,1]","[0,0,0]","[0,1,2]","[0,1,1]",5
3182,111/020/111,6,14,"[[0,1,1],[0,1,1],[1,1,2]]",0,"[1,1,1]","[0,0,0]","[1,1,2]","[0,0,1]",7
3183,111/020/120,6,214,"[[0,0,1],[0,1,1],[1,2,2]]",5,"[0,1,1]","[0,0,1]","[0,1,2]","[0,1,2]",5
3184,111/020/201,6,322,"[[0,1,1],[0,1,2],[0,1,2]]",2,"[0,1,1]","[0,0,1]","[1,1,2]","[0,0,0]",5
3185,111/022/000,6,661,"[[0,0,1],[0,1,2],[0,1,2]]",4,"[1,1,2]","[0,0,0]","[0,1,2]","[0,0,1]",8
3186,111/022/001,6,562,"[[0,0,1],[0,1,2],[1,1,2]]",6,"[1,1,2]","[0,0,0]","[1,1,2]","[0,0,2]",6
3187,111/022/010,6,670,"[[0,0,1],[0,1,2],[1,1,2]]",9,"[1,2,2]","[0,0,0]","[0,1,2]","[0,1,1]",7
3188,111/022/011,6,508,"[[0,0,1],[1,1,2],[1,1,2]]",7,"[1,2,2]","[0,0,0]","[1,1,2]","[0,1,2]",7
3189,111/022/100,6,238,"[[0,1,1],[0,1,2],[0,1,2]]",7,"[0,1,2]","[0,0,0]","[0,1,2]","[0,0,1]",7
3190,111/022/101,6,76,"[[0,1,1],[0,1,2],[1,1,2]]",4,"[0,1,2]","[0,0,0]","[1,1,2]","[0,0,2]",7
3191,111/022/110,6,184,"[[0,1,1],[0,1,2],[1,1,2]]",5,"[1,1,2]","[0,0,0]","[0,1,2]","[0,1,1]",6
3192,111/022/120,6,211,"[[0,1,1],[0,1,2],[1,2,2]]",5,"[0,1,2]","[0,0,1]","[0,1,2]","[0,1,2]",6
3193,111/022/201,6,319,"[[0,1,2],[0,1,2],[1,1,2]]",4,"[0,1,2]","[0,0,1]","[1,1,2]","[0,0,2]",6
3194,111/120/000,6,202,"[[0,0,1],[0,1,1],[0,1,2]]",5,"[0,1,1]","[0,0,1]","[0,1,2]","[0,1,1]",7
3195,111/120/001,6,547,"[[0,1,1],[0,1,1],[0,1,2]]",4,"[0,1,1]","[0,0,1]","[1,1,2]","[0,0,1]",5
3196,111/120/010,6,655,"[[0,0,1],[0,1,1],[1,1,2]]",9,"[0,1,2]","[0,0,1]","[0,1,2]","[1,1,1]",6
3197,111/120/011,6,493,"[[0,1,1],[0,1,1],[1,1,2]]",6,"[0,1,2]","[0,0,1]","[1,1,2]","[0,1,1]",6
3198,111/120/100,6,223,"[[0,0,1],[0,1,2],[1,1,1]]",8,"[0,0,1]","[0,0,1]","[0,1,2]","[0,1,1]",6
3199,111/120/101,6,61,"[[0,1,1],[0,1,2],[1,1,1]]",6,"[0,0,1]","[0,0,1]","[1,1,2]","[0,0,1]",6
3200,111/120/110,6,169,"[[0,0,1],[1,1,1],[1,1,2]]",9,"[0,1,1]","[0,0,1]","[0,1,2]","[1,1,1]",5
3201,111/120/111,6,7,"[[0,1,1],[1,1,1],[1,1,2]]",2,"[0,1,1]","[0,0,1]","[1,1,2]","[0,1,1]",7
3202,111/120/120,6,196,"[[0,0,1],[1,1,1],[1,2,2]]",10,"[0,0,1]","[0,1,1]","[0,1,2]","[1,1,2]",5
3203,111/120/201,6,304,"[[0,1,1],[0,1,2],[1,1,2]]",4,"[0,0,1]","[0,0,2]","[1,1,2]","[0,0,1]",5
3204,111/200/000,6,67,"[[0,0,1],[0,0,1],[0,1,2]]",3,"[0,1,1]","[0,0,0]","[0,0,1]","[1,1,2]",8
3205,111/200/001,6,557,"[[0,0,1],[0,1,1],[0,1,2]]",4,"[0,1,1]","[0,0,0]","[0,1,1]","[0,1,2]",6
3206,111/200/010,6,665,"[[0,0,1],[0,1,1],[0,1,2]]",8,"[0,1,2]","[0,0,0]","[0,0,1]","[1,1,2]",7
3207,111/200/011,6,503,"[[0,1,1],[0,1,1],[0,1,2]]",7,"[0,1,2]","[0,0,0]","[0,1,1]","[0,1,2]",7
3208,111/200/100,6,233,"[[0,0,1],[0,0,1],[1,1,2]]",6,"[0,0,1]","[0,0,0]","[0,0,1]","[1,1,2]",7
3209,111/200/101,6,71,"[[0,0,1],[0,1,1],[1,1,2]]",7,"[0,0,1]","[0,0,0]","[0,1,1]","[0,1,2]",7
3210,111/200/110,6,179,"[[0,0,1],[0,1,1],[1,1,2]]",5,"[0,1,1]","[0,0,0]","[0,0,1]","[1,1,2]",6
3211,111/200/111,6,16,"[[0,1,1],[0,1,1],[1,1,2]]",0,"[0,1,1]","[0,0,0]","[0,1,1]","[0,1,2]",8
3212,111/200/120,6,206,"[[0,0,1],[0,1,2],[1,1,2]]",4,"[0,0,1]","[0,0,1]","[0,0,1]","[1,1,2]",6
3213,111/200/201,6,314,"[[0,0,1],[0,1,1],[1,2,2]]",4,"[0,0,1]","[0,0,1]","[0,1,1]","[0,1,2]",6
3214,111/201/000,6,310,"[[0,0,1],[0,1,1],[0,1,2]]",5,"[0,1,1]","[0,0,1]","[0,0,1]","[1,1,2]",7
3215,111/201/001,6,551,"[[0,0,1],[0,1,2],[1,1,1]]",7,"[0,1,1]","[0,0,1]","[0,1,1]","[1,1,2]",5
3216,111/201/010,6,659,"[[0,1,1],[0,1,1],[0,1,2]]",8,"[0,1,2]","[0,0,1]","[0,0,1]","[1,1,2]",6
3217,111/201/011,6,497,"[[0,1,1],[0,1,2],[1,1,1]]",7,"[0,1,2]","[0,0,1]","[0,1,1]","[1,1,2]",6
3218,111/201/100,6,227,"[[0,0,1],[0,1,1],[1,1,2]]",8,"[0,0,1]","[0,0,1]","[0,0,1]","[1,1,2]",6
3219,111/201/101,6,65,"[[0,0,1],[1,1,1],[1,1,2]]",10,"[0,0,1]","[0,0,1]","[0,1,1]","[1,1,2]",6
3220,111/201/110,6,173,"[[0,1,1],[0,1,1],[1,1,2]]",6,"[0,1,1]","[0,0,1]","[0,0,1]","[1,1,2]",5
3221,111/201/120,6,200,"[[0,1,1],[0,1,2],[1,1,2]]",4,"[0,0,1]","[0,1,1]","[0,0,1]","[1,1,2]",5
3222,111/201/201,6,308,"[[0,0,1],[1,1,1],[1,2,2]]",10,"[0,0,1]","[0,1,1]","[0,1,1]","[1,1,2]",5
3223,111/202/000,6,553,"[[0,0,1],[0,1,2],[0,1,2]]",3,"[1,1,1]","[0,0,0]","[0,0,1]","[1,1,2]",7
3224,111/202/001,6,554,"[[0,0,1],[0,1,2],[1,1,2]]",4,"[1,1,1]","[0,0,0]","[0,1,1]","[1,2,2]",5
3225,111/202/010,6,662,"[[0,1,1],[0,1,2],[0,1,2]]",9,"[1,1,2]","[0,0,0]","[0,0,1]","[1,1,2]",6
3226,111/202/011,6,500,"[[0,1,1],[0,1,2],[1,1,2]]",6,"[1,1,2]","[0,0,0]","[0,1,1]","[1,2,2]",6
3227,111/202/100,6,230,"[[0,0,1],[0,1,2],[1,1,2]]",7,"[0,1,1]","[0,0,0]","[0,0,1]","[1,1,2]",6
3228,111/202/101,6,68,"[[0,0,1],[1,1,2],[1,1,2]]",7,"[0,1,1]","[0,0,0]","[0,1,1]","[1,2,2]",6
3229,111/202/110,6,176,"[[0,1,1],[0,1,2],[1,1,2]]",7,"[1,1,1]","[0,0,0]","[0,0,1]","[1,1,2]",5
3230,111/202/120,6,203,"[[0,1,2],[0,1,2],[1,1,2]]",6,"[0,1,1]","[0,0,1]","[0,0,1]","[1,1,2]",5
3231,111/202/201,6,311,"[[0,0,1],[1,1,2],[1,2,2]]",6,"[0,1,1]","[0,0,1]","[0,1,1]","[1,2,2]",5
3232,111/220/000,6,229,"[[0,0,1],[0,1,2],[0,1,2]]",2,"[0,1,1]","[0,0,0]","[0,1,2]","[0,1,2]",8
3233,111/220/001,6,556,"[[0,1,1],[0,1,2],[0,1,2]]",2,"[0,1,1]","[0,0,0]","[1,1,2]","[0,0,2]",6
3234,111/220/010,6,664,"[[0,0,1],[0,1,2],[1,1,2]]",6,"[0,1,2]","[0,0,0]","[0,1,2]","[1,1,2]",7
3235,111/220/011,6,502,"[[0,1,1],[0,1,2],[1,1,2]]",3,"[0,1,2]","[0,0,0]","[1,1,2]","[0,1,2]",7
3236,111/220/100,6,232,"[[0,0,1],[0,1,2],[1,1,2]]",5,"[0,0,1]","[0,0,0]","[0,1,2]","[0,1,2]",7
3237,111/220/101,6,70,"[[0,1,1],[0,1,2],[1,1,2]]",3,"[0,0,1]","[0,0,0]","[1,1,2]","[0,0,2]",7
3238,111/220/110,6,178,"[[0,0,1],[1,1,2],[1,1,2]]",5,"[0,1,1]","[0,0,0]","[0,1,2]","[1,1,2]",6
3239,111/220/120,6,205,"[[0,0,1],[1,1,2],[1,2,2]]",7,"[0,0,1]","[0,0,1]","[0,1,2]","[1,2,2]",6
3240,111/220/201,6,313,"[[0,1,1],[0,1,2],[1,2,2]]",6,"[0,0,1]","[0,0,1]","[1,1,2]","[0,0,2]",6
3241,111/222/000,2,715,"[[0,1,2],[0,1,2],[0,1,2]]",0,"[1,1,1]","[0,0,0]","[0,1,2]","[0,1,2]",9
3242,112/002/001,6,2372,"[[0,0,1],[0,0,1],[1,2,2]]",12,"[1,2,2]","[0,0,0]","[0,1,1]","[0,1,2]",5
3243,112/002/010,6,2695,"[[0,0,1],[0,1,1],[0,2,2]]",15,"[2,2,2]","[0,0,0]","[0,0,1]","[0,1,2]",6
3244,112/002/100,6,1237,"[[0,0,1],[0,1,1],[0,2,2]]",12,"[0,2,2]","[0,0,0]","[0,0,1]","[0,1,2]",6
3245,112/002/120,6,2399,"[[0,1,1],[0,1,2],[0,2,2]]",9,"[0,2,2]","[0,0,1]","[0,0,1]","[0,1,2]",5
3246,112/020/001,6,2752,"[[0,0,1],[0,1,2],[0,1,2]]",9,"[1,1,2]","[0,0,0]","[1,1,2]","[0,0,0]",4
3247,112/020/010,6,2371,"[[0,0,1],[0,0,2],[1,1,2]]",13,"[1,2,2]","[0,0,0]","[0,1,2]","[0,1,2]",5
3248,112/020/011,6,2687,"[[0,0,1],[0,1,2],[1,1,2]]",13,"[1,2,2]","[0,0,0]","[1,1,2]","[0,0,1]",5
3249,112/020/100,6,913,"[[0,0,2],[0,1,1],[0,1,2]]",9,"[0,1,2]","[0,0,0]","[0,1,2]","[0,0,2]",5
3250,112/020/101,6,1229,"[[0,1,1],[0,1,2],[0,1,2]]",7,"[0,1,2]","[0,0,0]","[1,1,2]","[0,0,0]",5
3251,112/020/110,6,2374,"[[0,0,2],[0,1,1],[1,1,2]]",10,"[1,1,2]","[0,0,0]","[0,1,2]","[0,1,2]",4
3252,112/020/120,6,2401,"[[0,0,2],[0,1,1],[1,2,2]]",9,"[0,1,2]","[0,0,1]","[0,1,2]","[0,2,2]",4
3253,112/020/201,6,2509,"[[0,1,2],[0,1,2],[0,1,2]]",5,"[0,1,2]","[0,0,1]","[1,1,2]","[0,0,0]",4
3254,112/022/001,6,2749,"[[0,0,1],[0,1,2],[1,2,2]]",13,"[1,2,2]","[0,0,0]","[1,1,2]","[0,0,2]",5
3255,112/022/010,2,2857,"[[0,0,1],[0,2,2],[1,1,2]]",15,"[2,2,2]","[0,0,0]","[0,1,2]","[0,1,2]",6
3256,112/022/100,6,1399,"[[0,1,1],[0,1,2],[0,2,2]]",12,"[0,2,2]","[0,0,0]","[0,1,2]","[0,0,2]",6
3257,112/022/101,6,1238,"[[0,1,1],[0,1,2],[1,2,2]]",10,"[0,2,2]","[0,0,0]","[1,1,2]","[0,0,2]",6
3258,112/022/120,6,2398,"[[0,1,1],[0,2,2],[1,2,2]]",12,"[0,2,2]","[0,0,1]","[0,1,2]","[0,2,2]",5
3259,112/022/201,6,2506,"[[0,1,2],[0,1,2],[1,2,2]]",10,"[0,2,2]","[0,0,1]","[1,1,2]","[0,0,2]",5
3260,112/120/001,6,2734,"[[0,1,1],[0,1,2],[0,1,2]]",6,"[0,1,2]","[0,0,1]","[1,1,2]","[0,0,1]",4
3261,112/120/011,6,2680,"[[0,1,1],[0,1,2],[1,1,2]]",11,"[0,2,2]","[0,0,1]","[1,1,2]","[0,1,1]",5
3262,112/120/100,6,940,"[[0,0,2],[0,1,2],[1,1,1]]",8,"[0,0,2]","[0,0,1]","[0,1,2]","[0,1,2]",5
3263,112/120/101,6,1226,"[[0,1,2],[0,1,2],[1,1,1]]",7,"[0,0,2]","[0,0,1]","[1,1,2]","[0,0,1]",5
3264,112/120/110,6,2356,"[[0,0,2],[1,1,1],[1,1,2]]",12,"[0,1,2]","[0,0,1]","[0,1,2]","[1,1,2]",4
3265,112/120/120,6,2383,"[[0,0,2],[1,1,1],[1,2,2]]",12,"[0,0,2]","[0,1,1]","[0,1,2]","[1,2,2]",4
3266,112/120/201,6,2491,"[[0,1,2],[0,1,2],[1,1,2]]",4,"[0,0,2]","[0,0,2]","[1,1,2]","[0,0,1]",4
3267,112/200/001,6,914,"[[0,0,1],[0,1,2],[0,1,2]]",7,"[0,1,2]","[0,0,0]","[0,1,1]","[0,1,2]",5
3268,112/200/011,6,1400,"[[0,1,1],[0,1,2],[0,1,2]]",11,"[0,2,2]","[0,0,0]","[0,1,1]","[0,1,2]",6
3269,112/200/100,6,805,"[[0,0,1],[0,0,2],[1,1,2]]",6,"[0,0,2]","[0,0,0]","[0,0,1]","[1,2,2]",6
3270,112/200/101,6,968,"[[0,0,1],[0,1,2],[1,1,2]]",7,"[0,0,2]","[0,0,0]","[0,1,1]","[0,1,2]",6
3271,112/200/110,6,1292,"[[0,0,2],[0,1,1],[1,1,2]]",7,"[0,1,2]","[0,0,0]","[0,0,1]","[1,2,2]",5
3272,112/200/120,6,1049,"[[0,0,2],[0,1,2],[1,1,2]]",4,"[0,0,2]","[0,0,1]","[0,0,1]","[1,2,2]",5
3273,112/200/201,6,941,"[[0,0,1],[0,1,2],[1,2,2]]",3,"[0,0,2]","[0,0,1]","[0,1,1]","[0,1,2]",5
3274,112/201/001,6,2738,"[[0,0,1],[0,1,2],[1,1,2]]",8,"[0,1,2]","[0,0,1]","[0,1,1]","[1,1,2]",4
3275,112/201/100,6,1048,"[[0,0,1],[0,1,2],[1,1,2]]",7,"[0,0,2]","[0,0,1]","[0,0,1]","[1,2,2]",5
3276,112/201/101,6,1222,"[[0,0,1],[1,1,2],[1,1,2]]",9,"[0,0,2]","[0,0,1]","[0,1,1]","[1,1,2]",5
3277,112/201/110,6,2360,"[[0,1,1],[0,1,2],[1,1,2]]",9,"[0,1,2]","[0,0,1]","[0,0,1]","[1,2,2]",4
3278,112/201/120,6,2387,"[[0,1,2],[0,1,2],[1,1,2]]",4,"[0,0,2]","[0,1,1]","[0,0,1]","[1,2,2]",4
3279,112/201/201,6,2495,"[[0,0,1],[1,1,2],[1,2,2]]",8,"[0,0,2]","[0,1,1]","[0,1,1]","[1,1,2]",4
3280,112/202/001,6,2741,"[[0,0,1],[0,1,2],[1,2,2]]",10,"[1,1,2]","[0,0,0]","[0,1,1]","[1,2,2]",4
3281,112/202/100,6,1291,"[[0,0,1],[0,2,2],[1,1,2]]",10,"[0,1,2]","[0,0,0]","[0,0,1]","[1,2,2]",5
3282,112/202/101,6,1240,"[[0,0,1],[1,1,2],[1,2,2]]",11,"[0,1,2]","[0,0,0]","[0,1,1]","[1,2,2]",5
3283,112/202/110,6,2363,"[[0,1,1],[0,2,2],[1,1,2]]",12,"[1,1,2]","[0,0,0]","[0,0,1]","[1,2,2]",4
3284,112/202/120,6,2390,"[[0,1,2],[0,2,2],[1,1,2]]",9,"[0,1,2]","[0,0,1]","[0,0,1]","[1,2,2]",4
3285,112/202/201,6,2498,"[[0,0,1],[1,2,2],[1,2,2]]",9,"[0,1,2]","[0,0,1]","[0,1,1]","[1,2,2]",4
3286,112/220/001,6,1391,"[[0,1,2],[0,1,2],[0,1,2]]",9,"[0,1,2]","[0,0,0]","[1,1,2]","[0,0,2]",5
3287,112/220/100,6,967,"[[0,0,2],[0,1,2],[1,1,2]]",9,"[0,0,2]","[0,0,0]","[0,1,2]","[0,2,2]",6
3288,112/220/101,6,1232,"[[0,1,2],[0,1,2],[1,1,2]]",8,"[0,0,2]","[0,0,0]","[1,1,2]","[0,0,2]",6
3289,112/220/110,6,1402,"[[0,0,2],[1,1,2],[1,1,2]]",11,"[0,1,2]","[0,0,0]","[0,1,2]","[1,2,2]",5
3290,112/220/120,6,1384,"[[0,0,2],[1,1,2],[1,2,2]]",10,"[0,0,2]","[0,0,1]","[0,1,2]","[2,2,2]",5
3291,112/220/201,6,1388,"[[0,1,2],[0,1,2],[1,2,2]]",7,"[0,0,2]","[0,0,1]","[1,1,2]","[0,0,2]",5
3292,120/020/001,6,3119,"[[0,0,1],[0,0,1],[0,2,2]]",10,"[0,1,1]","[0,0,1]","[1,1,2]","[0,0,0]",3
3293,120/020/100,6,898,"[[0,0,0],[0,1,1],[0,2,2]]",13,"[0,0,1]","[0,0,1]","[0,1,2]","[0,0,0]",4
3294,120/020/101,6,1040,"[[0,0,1],[0,1,1],[0,2,2]]",7,"[0,0,1]","[0,0,1]","[1,1,2]","[0,0,0]",4
3295,120/020/110,6,3085,"[[0,0,0],[0,1,1],[1,2,2]]",10,"[0,1,1]","[0,0,1]","[0,1,2]","[0,0,1]",3
3296,120/020/120,6,3112,"[[0,0,0],[0,1,1],[2,2,2]]",17,"[0,0,1]","[0,1,1]","[0,1,2]","[0,0,2]",3
3297,120/020/201,6,3116,"[[0,0,1],[0,1,2],[0,2,2]]",6,"[0,0,1]","[0,1,1]","[1,1,2]","[0,0,0]",3
3298,120/120/001,6,3224,"[[0,0,1],[0,1,1],[0,2,2]]",8,"[0,0,1]","[0,1,1]","[1,1,2]","[0,0,1]",3
3299,120/120/100,6,925,"[[0,0,0],[0,2,2],[1,1,1]]",18,"[0,0,0]","[0,1,1]","[0,1,2]","[0,0,1]",4
3300,120/120/101,6,1037,"[[0,0,1],[0,2,2],[1,1,1]]",13,"[0,0,0]","[0,1,1]","[1,1,2]","[0,0,1]",4
3301,120/120/120,2,5299,"[[0,0,0],[1,1,1],[2,2,2]]",27,"[0,0,0]","[1,1,1]","[0,1,2]","[0,1,2]",3
3302,120/120/201,6,5303,"[[0,0,1],[0,2,2],[1,1,2]]",9,"[0,0,0]","[0,1,2]","[1,1,2]","[0,0,1]",3
3303,120/200/001,6,902,"[[0,0,1],[0,0,2],[0,1,2]]",8,"[0,0,1]","[0,0,1]","[0,1,1]","[0,2,2]",4
3304,120/200/100,6,790,"[[0,0,0],[0,0,2],[1,1,2]]",13,"[0,0,0]","[0,0,1]","[0,0,1]","[0,2,2]",5
3305,120/200/101,6,956,"[[0,0,1],[0,0,2],[1,1,2]]",11,"[0,0,0]","[0,0,1]","[0,1,1]","[0,2,2]",5
3306,120/200/110,6,1280,"[[0,0,0],[0,1,2],[1,1,2]]",10,"[0,0,1]","[0,0,1]","[0,0,1]","[0,2,2]",4
3307,120/200/201,6,929,"[[0,0,1],[0,0,2],[1,2,2]]",9,"[0,0,0]","[0,1,1]","[0,1,1]","[0,2,2]",4
3308,120/201/001,6,3220,"[[0,0,2],[0,1,1],[0,1,2]]",7,"[0,0,1]","[0,0,2]","[0,1,1]","[1,2,2]",3
3309,120/201/100,6,1033,"[[0,0,1],[0,0,2],[1,1,2]]",10,"[0,0,0]","[0,0,2]","[0,0,1]","[0,2,2]",4
3310,120/202/001,6,3089,"[[0,0,2],[0,1,2],[0,1,2]]",6,"[0,1,1]","[0,0,1]","[0,1,1]","[2,2,2]",3
3311,120/202/100,6,1276,"[[0,0,2],[0,0,2],[1,1,2]]",9,"[0,0,1]","[0,0,1]","[0,0,1]","[0,2,2]",4
3312,120/202/101,6,1051,"[[0,0,2],[0,1,2],[1,1,2]]",7,"[0,0,1]","[0,0,1]","[0,1,1]","[2,2,2]",4
3313,120/202/110,6,3463,"[[0,0,2],[0,1,2],[1,1,2]]",7,"[0,1,1]","[0,0,1]","[0,0,1]","[0,2,2]",3
3314,120/220/001,6,932,"[[0,0,1],[0,1,2],[0,2,2]]",6,"[0,0,1]","[0,0,1]","[1,1,2]","[0,0,2]",4
3315,120/220/100,6,934,"[[0,0,0],[0,2,2],[1,1,2]]",13,"[0,0,0]","[0,0,1]","[0,1,2]","[0,0,2]",5
3316,120/220/101,6,935,"[[0,0,1],[0,2,2],[1,1,2]]",6,"[0,0,0]","[0,0,1]","[1,1,2]","[0,0,2]",5
3317,120/220/110,6,943,"[[0,0,0],[1,1,2],[1,2,2]]",10,"[0,0,1]","[0,0,1]","[0,1,2]","[0,1,2]",4
3318,121/020/001,6,1294,"[[0,0,1],[0,1,1],[0,2,2]]",10,"[0,1,1]","[0,0,0]","[1,1,2]","[0,0,0]",4
3319,121/020/100,6,907,"[[0,0,1],[0,1,1],[0,2,2]]",9,"[0,0,1]","[0,0,0]","[0,1,2]","[0,0,1]",5
3320,121/020/101,6,797,"[[0,1,1],[0,1,1],[0,2,2]]",6,"[0,0,1]","[0,0,0]","[1,1,2]","[0,0,0]",5
3321,121/020/110,6,916,"[[0,0,1],[0,1,1],[1,2,2]]",7,"[0,1,1]","[0,0,0]","[0,1,2]","[0,1,1]",4
3322,121/200/001,6,908,"[[0,0,2],[0,1,1],[0,1,2]]",6,"[0,0,1]","[0,0,0]","[0,1,1]","[0,2,2]",5
3323,121/200/100,6,799,"[[0,0,1],[0,0,2],[1,1,2]]",6,"[0,0,0]","[0,0,0]","[0,0,1]","[1,2,2]",6
3324,121/202/001,6,1283,"[[0,0,2],[0,1,2],[1,1,2]]",4,"[0,1,1]","[0,0,0]","[0,1,1]","[2,2,2]",4
3325,121/202/100,6,959,"[[0,0,2],[0,1,2],[1,1,2]]",7,"[0,0,1]","[0,0,0]","[0,0,1]","[1,2,2]",5
3326,121/202/110,6,905,"[[0,1,2],[0,1,2],[1,1,2]]",9,"[0,1,1]","[0,0,0]","[0,0,1]","[1,2,2]",4
3327,121/220/100,2,961,"[[0,0,1],[0,2,2],[1,1,2]]",9,"[0,0,0]","[0,0,0]","[0,1,2]","[0,1,2]",6
3328,122/020/001,6,3092,"[[0,0,1],[0,1,2],[0,2,2]]",9,"[1,1,1]","[0,0,0]","[1,1,2]","[0,0,0]",3
3329,122/020/110,2,3103,"[[0,0,2],[0,1,1],[1,2,2]]",6,"[1,1,1]","[0,0,0]","[0,1,2]","[0,1,2]",3
